date,chf_govt_2y_pct,source,cube,series_selector
2018-01-03,-0.765000,Swiss National Bank,rendoblid,D0(2J)
2018-01-04,-0.810000,Swiss National Bank,rendoblid,D0(2J)
2018-01-05,-0.815000,Swiss National Bank,rendoblid,D0(2J)
2018-01-08,-0.830000,Swiss National Bank,rendoblid,D0(2J)
2018-01-09,-0.850000,Swiss National Bank,rendoblid,D0(2J)
2018-01-10,-0.839000,Swiss National Bank,rendoblid,D0(2J)
2018-01-11,-0.832000,Swiss National Bank,rendoblid,D0(2J)
2018-01-12,-0.819000,Swiss National Bank,rendoblid,D0(2J)
2018-01-15,-0.811000,Swiss National Bank,rendoblid,D0(2J)
2018-01-16,-0.813000,Swiss National Bank,rendoblid,D0(2J)
2018-01-17,-0.836000,Swiss National Bank,rendoblid,D0(2J)
2018-01-18,-0.820000,Swiss National Bank,rendoblid,D0(2J)
2018-01-19,-0.822000,Swiss National Bank,rendoblid,D0(2J)
2018-01-22,-0.838000,Swiss National Bank,rendoblid,D0(2J)
2018-01-23,-0.845000,Swiss National Bank,rendoblid,D0(2J)
2018-01-24,-0.833000,Swiss National Bank,rendoblid,D0(2J)
2018-01-25,-0.815000,Swiss National Bank,rendoblid,D0(2J)
2018-01-26,-0.819000,Swiss National Bank,rendoblid,D0(2J)
2018-01-29,-0.822000,Swiss National Bank,rendoblid,D0(2J)
2018-01-30,-0.825000,Swiss National Bank,rendoblid,D0(2J)
2018-01-31,-0.833000,Swiss National Bank,rendoblid,D0(2J)
2018-02-01,-0.812000,Swiss National Bank,rendoblid,D0(2J)
2018-02-02,-0.812000,Swiss National Bank,rendoblid,D0(2J)
2018-02-05,-0.840000,Swiss National Bank,rendoblid,D0(2J)
2018-02-06,-0.863000,Swiss National Bank,rendoblid,D0(2J)
2018-02-07,-0.837000,Swiss National Bank,rendoblid,D0(2J)
2018-02-08,-0.824000,Swiss National Bank,rendoblid,D0(2J)
2018-02-09,-0.838000,Swiss National Bank,rendoblid,D0(2J)
2018-02-12,-0.751000,Swiss National Bank,rendoblid,D0(2J)
2018-02-13,-0.762000,Swiss National Bank,rendoblid,D0(2J)
2018-02-14,-0.756000,Swiss National Bank,rendoblid,D0(2J)
2018-02-15,-0.738000,Swiss National Bank,rendoblid,D0(2J)
2018-02-16,-0.735000,Swiss National Bank,rendoblid,D0(2J)
2018-02-19,-0.746000,Swiss National Bank,rendoblid,D0(2J)
2018-02-20,-0.740000,Swiss National Bank,rendoblid,D0(2J)
2018-02-21,-0.733000,Swiss National Bank,rendoblid,D0(2J)
2018-02-22,-0.737000,Swiss National Bank,rendoblid,D0(2J)
2018-02-23,-0.743000,Swiss National Bank,rendoblid,D0(2J)
2018-02-26,-0.756000,Swiss National Bank,rendoblid,D0(2J)
2018-02-27,-0.760000,Swiss National Bank,rendoblid,D0(2J)
2018-02-28,-0.770000,Swiss National Bank,rendoblid,D0(2J)
2018-03-01,-0.774000,Swiss National Bank,rendoblid,D0(2J)
2018-03-02,-0.775000,Swiss National Bank,rendoblid,D0(2J)
2018-03-05,-0.787000,Swiss National Bank,rendoblid,D0(2J)
2018-03-06,-0.774000,Swiss National Bank,rendoblid,D0(2J)
2018-03-07,-0.775000,Swiss National Bank,rendoblid,D0(2J)
2018-03-08,-0.776000,Swiss National Bank,rendoblid,D0(2J)
2018-03-09,-0.779000,Swiss National Bank,rendoblid,D0(2J)
2018-03-12,-0.780000,Swiss National Bank,rendoblid,D0(2J)
2018-03-13,-0.768000,Swiss National Bank,rendoblid,D0(2J)
2018-03-14,-0.773000,Swiss National Bank,rendoblid,D0(2J)
2018-03-15,-0.770000,Swiss National Bank,rendoblid,D0(2J)
2018-03-16,-0.780000,Swiss National Bank,rendoblid,D0(2J)
2018-03-19,-0.794000,Swiss National Bank,rendoblid,D0(2J)
2018-03-20,-0.787000,Swiss National Bank,rendoblid,D0(2J)
2018-03-21,-0.791000,Swiss National Bank,rendoblid,D0(2J)
2018-03-22,-0.790000,Swiss National Bank,rendoblid,D0(2J)
2018-03-23,-0.812000,Swiss National Bank,rendoblid,D0(2J)
2018-03-26,-0.798000,Swiss National Bank,rendoblid,D0(2J)
2018-03-27,-0.797000,Swiss National Bank,rendoblid,D0(2J)
2018-03-28,-0.804000,Swiss National Bank,rendoblid,D0(2J)
2018-03-29,-0.791000,Swiss National Bank,rendoblid,D0(2J)
2018-04-03,-0.811000,Swiss National Bank,rendoblid,D0(2J)
2018-04-04,-0.818000,Swiss National Bank,rendoblid,D0(2J)
2018-04-05,-0.809000,Swiss National Bank,rendoblid,D0(2J)
2018-04-06,-0.806000,Swiss National Bank,rendoblid,D0(2J)
2018-04-09,-0.812000,Swiss National Bank,rendoblid,D0(2J)
2018-04-10,-0.819000,Swiss National Bank,rendoblid,D0(2J)
2018-04-11,-0.802000,Swiss National Bank,rendoblid,D0(2J)
2018-04-12,-0.774000,Swiss National Bank,rendoblid,D0(2J)
2018-04-13,-0.765000,Swiss National Bank,rendoblid,D0(2J)
2018-04-16,-0.767000,Swiss National Bank,rendoblid,D0(2J)
2018-04-17,-0.748000,Swiss National Bank,rendoblid,D0(2J)
2018-04-18,-0.733000,Swiss National Bank,rendoblid,D0(2J)
2018-04-19,-0.695000,Swiss National Bank,rendoblid,D0(2J)
2018-04-20,-0.688000,Swiss National Bank,rendoblid,D0(2J)
2018-04-23,-0.674000,Swiss National Bank,rendoblid,D0(2J)
2018-04-24,-0.690000,Swiss National Bank,rendoblid,D0(2J)
2018-04-25,-0.684000,Swiss National Bank,rendoblid,D0(2J)
2018-04-26,-0.655000,Swiss National Bank,rendoblid,D0(2J)
2018-04-27,-0.668000,Swiss National Bank,rendoblid,D0(2J)
2018-04-30,-0.686000,Swiss National Bank,rendoblid,D0(2J)
2018-05-02,-0.702000,Swiss National Bank,rendoblid,D0(2J)
2018-05-03,-0.687000,Swiss National Bank,rendoblid,D0(2J)
2018-05-04,-0.698000,Swiss National Bank,rendoblid,D0(2J)
2018-05-07,-0.690000,Swiss National Bank,rendoblid,D0(2J)
2018-05-08,-0.670000,Swiss National Bank,rendoblid,D0(2J)
2018-05-09,-0.647000,Swiss National Bank,rendoblid,D0(2J)
2018-05-11,-0.665000,Swiss National Bank,rendoblid,D0(2J)
2018-05-14,-0.662000,Swiss National Bank,rendoblid,D0(2J)
2018-05-15,-0.661000,Swiss National Bank,rendoblid,D0(2J)
2018-05-16,-0.664000,Swiss National Bank,rendoblid,D0(2J)
2018-05-17,-0.649000,Swiss National Bank,rendoblid,D0(2J)
2018-05-18,-0.649000,Swiss National Bank,rendoblid,D0(2J)
2018-05-22,-0.678000,Swiss National Bank,rendoblid,D0(2J)
2018-05-23,-0.684000,Swiss National Bank,rendoblid,D0(2J)
2018-05-24,-0.678000,Swiss National Bank,rendoblid,D0(2J)
2018-05-25,-0.692000,Swiss National Bank,rendoblid,D0(2J)
2018-05-28,-0.700000,Swiss National Bank,rendoblid,D0(2J)
2018-05-29,-0.730000,Swiss National Bank,rendoblid,D0(2J)
2018-05-30,-0.772000,Swiss National Bank,rendoblid,D0(2J)
2018-05-31,-0.742000,Swiss National Bank,rendoblid,D0(2J)
2018-06-01,-0.733000,Swiss National Bank,rendoblid,D0(2J)
2018-06-04,-0.723000,Swiss National Bank,rendoblid,D0(2J)
2018-06-05,-0.694000,Swiss National Bank,rendoblid,D0(2J)
2018-06-06,-0.682000,Swiss National Bank,rendoblid,D0(2J)
2018-06-07,-0.659000,Swiss National Bank,rendoblid,D0(2J)
2018-06-08,-0.679000,Swiss National Bank,rendoblid,D0(2J)
2018-06-11,-0.673000,Swiss National Bank,rendoblid,D0(2J)
2018-06-12,-0.668000,Swiss National Bank,rendoblid,D0(2J)
2018-06-13,-0.677000,Swiss National Bank,rendoblid,D0(2J)
2018-06-14,-0.673000,Swiss National Bank,rendoblid,D0(2J)
2018-06-15,-0.706000,Swiss National Bank,rendoblid,D0(2J)
2018-06-18,-0.706000,Swiss National Bank,rendoblid,D0(2J)
2018-06-19,-0.710000,Swiss National Bank,rendoblid,D0(2J)
2018-06-20,-0.701000,Swiss National Bank,rendoblid,D0(2J)
2018-06-21,-0.697000,Swiss National Bank,rendoblid,D0(2J)
2018-06-22,-0.677000,Swiss National Bank,rendoblid,D0(2J)
2018-06-25,-0.681000,Swiss National Bank,rendoblid,D0(2J)
2018-06-26,-0.667000,Swiss National Bank,rendoblid,D0(2J)
2018-06-27,-0.678000,Swiss National Bank,rendoblid,D0(2J)
2018-06-28,-0.676000,Swiss National Bank,rendoblid,D0(2J)
2018-06-29,-0.665000,Swiss National Bank,rendoblid,D0(2J)
2018-07-02,-0.670000,Swiss National Bank,rendoblid,D0(2J)
2018-07-03,-0.666000,Swiss National Bank,rendoblid,D0(2J)
2018-07-04,-0.658000,Swiss National Bank,rendoblid,D0(2J)
2018-07-05,-0.645000,Swiss National Bank,rendoblid,D0(2J)
2018-07-06,-0.645000,Swiss National Bank,rendoblid,D0(2J)
2018-07-09,-0.676000,Swiss National Bank,rendoblid,D0(2J)
2018-07-10,-0.676000,Swiss National Bank,rendoblid,D0(2J)
2018-07-11,-0.678000,Swiss National Bank,rendoblid,D0(2J)
2018-07-12,-0.665000,Swiss National Bank,rendoblid,D0(2J)
2018-07-13,-0.665000,Swiss National Bank,rendoblid,D0(2J)
2018-07-16,-0.654000,Swiss National Bank,rendoblid,D0(2J)
2018-07-17,-0.660000,Swiss National Bank,rendoblid,D0(2J)
2018-07-18,-0.670000,Swiss National Bank,rendoblid,D0(2J)
2018-07-19,-0.653000,Swiss National Bank,rendoblid,D0(2J)
2018-07-20,-0.655000,Swiss National Bank,rendoblid,D0(2J)
2018-07-23,-0.654000,Swiss National Bank,rendoblid,D0(2J)
2018-07-24,-0.650000,Swiss National Bank,rendoblid,D0(2J)
2018-07-25,-0.647000,Swiss National Bank,rendoblid,D0(2J)
2018-07-26,-0.637000,Swiss National Bank,rendoblid,D0(2J)
2018-07-27,-0.642000,Swiss National Bank,rendoblid,D0(2J)
2018-07-30,-0.640000,Swiss National Bank,rendoblid,D0(2J)
2018-07-31,-0.634000,Swiss National Bank,rendoblid,D0(2J)
2018-08-02,-0.623000,Swiss National Bank,rendoblid,D0(2J)
2018-08-03,-0.633000,Swiss National Bank,rendoblid,D0(2J)
2018-08-06,-0.637000,Swiss National Bank,rendoblid,D0(2J)
2018-08-07,-0.643000,Swiss National Bank,rendoblid,D0(2J)
2018-08-08,-0.639000,Swiss National Bank,rendoblid,D0(2J)
2018-08-09,-0.638000,Swiss National Bank,rendoblid,D0(2J)
2018-08-10,-0.646000,Swiss National Bank,rendoblid,D0(2J)
2018-08-13,-0.683000,Swiss National Bank,rendoblid,D0(2J)
2018-08-14,-0.663000,Swiss National Bank,rendoblid,D0(2J)
2018-08-15,-0.669000,Swiss National Bank,rendoblid,D0(2J)
2018-08-16,-0.674000,Swiss National Bank,rendoblid,D0(2J)
2018-08-17,-0.677000,Swiss National Bank,rendoblid,D0(2J)
2018-08-20,-0.697000,Swiss National Bank,rendoblid,D0(2J)
2018-08-21,-0.690000,Swiss National Bank,rendoblid,D0(2J)
2018-08-22,-0.689000,Swiss National Bank,rendoblid,D0(2J)
2018-08-23,-0.682000,Swiss National Bank,rendoblid,D0(2J)
2018-08-24,-0.679000,Swiss National Bank,rendoblid,D0(2J)
2018-08-27,-0.683000,Swiss National Bank,rendoblid,D0(2J)
2018-08-28,-0.673000,Swiss National Bank,rendoblid,D0(2J)
2018-08-29,-0.680000,Swiss National Bank,rendoblid,D0(2J)
2018-08-30,-0.661000,Swiss National Bank,rendoblid,D0(2J)
2018-08-31,-0.668000,Swiss National Bank,rendoblid,D0(2J)
2018-09-03,-0.674000,Swiss National Bank,rendoblid,D0(2J)
2018-09-04,-0.663000,Swiss National Bank,rendoblid,D0(2J)
2018-09-05,-0.674000,Swiss National Bank,rendoblid,D0(2J)
2018-09-06,-0.648000,Swiss National Bank,rendoblid,D0(2J)
2018-09-07,-0.660000,Swiss National Bank,rendoblid,D0(2J)
2018-09-10,-0.659000,Swiss National Bank,rendoblid,D0(2J)
2018-09-11,-0.644000,Swiss National Bank,rendoblid,D0(2J)
2018-09-12,-0.652000,Swiss National Bank,rendoblid,D0(2J)
2018-09-13,-0.646000,Swiss National Bank,rendoblid,D0(2J)
2018-09-14,-0.648000,Swiss National Bank,rendoblid,D0(2J)
2018-09-17,-0.651000,Swiss National Bank,rendoblid,D0(2J)
2018-09-18,-0.656000,Swiss National Bank,rendoblid,D0(2J)
2018-09-19,-0.647000,Swiss National Bank,rendoblid,D0(2J)
2018-09-20,-0.654000,Swiss National Bank,rendoblid,D0(2J)
2018-09-21,-0.642000,Swiss National Bank,rendoblid,D0(2J)
2018-09-24,-0.646000,Swiss National Bank,rendoblid,D0(2J)
2018-09-25,-0.641000,Swiss National Bank,rendoblid,D0(2J)
2018-09-26,-0.633000,Swiss National Bank,rendoblid,D0(2J)
2018-09-27,-0.631000,Swiss National Bank,rendoblid,D0(2J)
2018-09-28,-0.619000,Swiss National Bank,rendoblid,D0(2J)
2018-10-01,-0.641000,Swiss National Bank,rendoblid,D0(2J)
2018-10-02,-0.652000,Swiss National Bank,rendoblid,D0(2J)
2018-10-03,-0.657000,Swiss National Bank,rendoblid,D0(2J)
2018-10-04,-0.624000,Swiss National Bank,rendoblid,D0(2J)
2018-10-05,-0.629000,Swiss National Bank,rendoblid,D0(2J)
2018-10-08,-0.625000,Swiss National Bank,rendoblid,D0(2J)
2018-10-09,-0.644000,Swiss National Bank,rendoblid,D0(2J)
2018-10-10,-0.638000,Swiss National Bank,rendoblid,D0(2J)
2018-10-11,-0.635000,Swiss National Bank,rendoblid,D0(2J)
2018-10-12,-0.630000,Swiss National Bank,rendoblid,D0(2J)
2018-10-15,-0.646000,Swiss National Bank,rendoblid,D0(2J)
2018-10-16,-0.649000,Swiss National Bank,rendoblid,D0(2J)
2018-10-17,-0.648000,Swiss National Bank,rendoblid,D0(2J)
2018-10-18,-0.648000,Swiss National Bank,rendoblid,D0(2J)
2018-10-19,-0.672000,Swiss National Bank,rendoblid,D0(2J)
2018-10-22,-0.663000,Swiss National Bank,rendoblid,D0(2J)
2018-10-23,-0.667000,Swiss National Bank,rendoblid,D0(2J)
2018-10-24,-0.677000,Swiss National Bank,rendoblid,D0(2J)
2018-10-25,-0.669000,Swiss National Bank,rendoblid,D0(2J)
2018-10-26,-0.672000,Swiss National Bank,rendoblid,D0(2J)
2018-10-29,-0.694000,Swiss National Bank,rendoblid,D0(2J)
2018-10-30,-0.682000,Swiss National Bank,rendoblid,D0(2J)
2018-10-31,-0.677000,Swiss National Bank,rendoblid,D0(2J)
2018-11-01,-0.670000,Swiss National Bank,rendoblid,D0(2J)
2018-11-02,-0.659000,Swiss National Bank,rendoblid,D0(2J)
2018-11-05,-0.682000,Swiss National Bank,rendoblid,D0(2J)
2018-11-06,-0.679000,Swiss National Bank,rendoblid,D0(2J)
2018-11-07,-0.679000,Swiss National Bank,rendoblid,D0(2J)
2018-11-08,-0.664000,Swiss National Bank,rendoblid,D0(2J)
2018-11-09,-0.668000,Swiss National Bank,rendoblid,D0(2J)
2018-11-12,-0.680000,Swiss National Bank,rendoblid,D0(2J)
2018-11-13,-0.678000,Swiss National Bank,rendoblid,D0(2J)
2018-11-14,-0.682000,Swiss National Bank,rendoblid,D0(2J)
2018-11-15,-0.679000,Swiss National Bank,rendoblid,D0(2J)
2018-11-16,-0.691000,Swiss National Bank,rendoblid,D0(2J)
2018-11-19,-0.690000,Swiss National Bank,rendoblid,D0(2J)
2018-11-20,-0.698000,Swiss National Bank,rendoblid,D0(2J)
2018-11-21,-0.708000,Swiss National Bank,rendoblid,D0(2J)
2018-11-22,-0.705000,Swiss National Bank,rendoblid,D0(2J)
2018-11-23,-0.693000,Swiss National Bank,rendoblid,D0(2J)
2018-11-26,-0.712000,Swiss National Bank,rendoblid,D0(2J)
2018-11-27,-0.715000,Swiss National Bank,rendoblid,D0(2J)
2018-11-28,-0.724000,Swiss National Bank,rendoblid,D0(2J)
2018-11-29,-0.708000,Swiss National Bank,rendoblid,D0(2J)
2018-11-30,-0.723000,Swiss National Bank,rendoblid,D0(2J)
2018-12-03,-0.723000,Swiss National Bank,rendoblid,D0(2J)
2018-12-04,-0.717000,Swiss National Bank,rendoblid,D0(2J)
2018-12-05,-0.723000,Swiss National Bank,rendoblid,D0(2J)
2018-12-06,-0.709000,Swiss National Bank,rendoblid,D0(2J)
2018-12-07,-0.711000,Swiss National Bank,rendoblid,D0(2J)
2018-12-10,-0.716000,Swiss National Bank,rendoblid,D0(2J)
2018-12-11,-0.716000,Swiss National Bank,rendoblid,D0(2J)
2018-12-12,-0.691000,Swiss National Bank,rendoblid,D0(2J)
2018-12-13,-0.705000,Swiss National Bank,rendoblid,D0(2J)
2018-12-14,-0.702000,Swiss National Bank,rendoblid,D0(2J)
2018-12-17,-0.728000,Swiss National Bank,rendoblid,D0(2J)
2018-12-18,-0.736000,Swiss National Bank,rendoblid,D0(2J)
2018-12-19,-0.742000,Swiss National Bank,rendoblid,D0(2J)
2018-12-20,-0.737000,Swiss National Bank,rendoblid,D0(2J)
2018-12-21,-0.733000,Swiss National Bank,rendoblid,D0(2J)
2018-12-27,-0.751000,Swiss National Bank,rendoblid,D0(2J)
2018-12-28,-0.738000,Swiss National Bank,rendoblid,D0(2J)
2019-01-03,-0.756000,Swiss National Bank,rendoblid,D0(2J)
2019-01-04,-0.748000,Swiss National Bank,rendoblid,D0(2J)
2019-01-07,-0.765000,Swiss National Bank,rendoblid,D0(2J)
2019-01-08,-0.744000,Swiss National Bank,rendoblid,D0(2J)
2019-01-09,-0.733000,Swiss National Bank,rendoblid,D0(2J)
2019-01-10,-0.731000,Swiss National Bank,rendoblid,D0(2J)
2019-01-11,-0.739000,Swiss National Bank,rendoblid,D0(2J)
2019-01-14,-0.745000,Swiss National Bank,rendoblid,D0(2J)
2019-01-15,-0.755000,Swiss National Bank,rendoblid,D0(2J)
2019-01-16,-0.748000,Swiss National Bank,rendoblid,D0(2J)
2019-01-17,-0.736000,Swiss National Bank,rendoblid,D0(2J)
2019-01-18,-0.721000,Swiss National Bank,rendoblid,D0(2J)
2019-01-21,-0.743000,Swiss National Bank,rendoblid,D0(2J)
2019-01-22,-0.746000,Swiss National Bank,rendoblid,D0(2J)
2019-01-23,-0.746000,Swiss National Bank,rendoblid,D0(2J)
2019-01-24,-0.751000,Swiss National Bank,rendoblid,D0(2J)
2019-01-25,-0.746000,Swiss National Bank,rendoblid,D0(2J)
2019-01-28,-0.767000,Swiss National Bank,rendoblid,D0(2J)
2019-01-29,-0.739000,Swiss National Bank,rendoblid,D0(2J)
2019-01-30,-0.749000,Swiss National Bank,rendoblid,D0(2J)
2019-01-31,-0.742000,Swiss National Bank,rendoblid,D0(2J)
2019-02-01,-0.770000,Swiss National Bank,rendoblid,D0(2J)
2019-02-04,-0.749000,Swiss National Bank,rendoblid,D0(2J)
2019-02-05,-0.731000,Swiss National Bank,rendoblid,D0(2J)
2019-02-06,-0.746000,Swiss National Bank,rendoblid,D0(2J)
2019-02-07,-0.735000,Swiss National Bank,rendoblid,D0(2J)
2019-02-08,-0.733000,Swiss National Bank,rendoblid,D0(2J)
2019-02-11,-0.742000,Swiss National Bank,rendoblid,D0(2J)
2019-02-12,-0.720000,Swiss National Bank,rendoblid,D0(2J)
2019-02-13,-0.722000,Swiss National Bank,rendoblid,D0(2J)
2019-02-14,-0.731000,Swiss National Bank,rendoblid,D0(2J)
2019-02-15,-0.725000,Swiss National Bank,rendoblid,D0(2J)
2019-02-18,-0.735000,Swiss National Bank,rendoblid,D0(2J)
2019-02-19,-0.726000,Swiss National Bank,rendoblid,D0(2J)
2019-02-20,-0.733000,Swiss National Bank,rendoblid,D0(2J)
2019-02-21,-0.732000,Swiss National Bank,rendoblid,D0(2J)
2019-02-22,-0.731000,Swiss National Bank,rendoblid,D0(2J)
2019-02-25,-0.739000,Swiss National Bank,rendoblid,D0(2J)
2019-02-26,-0.732000,Swiss National Bank,rendoblid,D0(2J)
2019-02-27,-0.727000,Swiss National Bank,rendoblid,D0(2J)
2019-02-28,-0.727000,Swiss National Bank,rendoblid,D0(2J)
2019-03-01,-0.727000,Swiss National Bank,rendoblid,D0(2J)
2019-03-04,-0.743000,Swiss National Bank,rendoblid,D0(2J)
2019-03-05,-0.723000,Swiss National Bank,rendoblid,D0(2J)
2019-03-06,-0.719000,Swiss National Bank,rendoblid,D0(2J)
2019-03-07,-0.727000,Swiss National Bank,rendoblid,D0(2J)
2019-03-08,-0.746000,Swiss National Bank,rendoblid,D0(2J)
2019-03-11,-0.737000,Swiss National Bank,rendoblid,D0(2J)
2019-03-12,-0.737000,Swiss National Bank,rendoblid,D0(2J)
2019-03-13,-0.736000,Swiss National Bank,rendoblid,D0(2J)
2019-03-14,-0.727000,Swiss National Bank,rendoblid,D0(2J)
2019-03-15,-0.724000,Swiss National Bank,rendoblid,D0(2J)
2019-03-18,-0.737000,Swiss National Bank,rendoblid,D0(2J)
2019-03-19,-0.737000,Swiss National Bank,rendoblid,D0(2J)
2019-03-20,-0.717000,Swiss National Bank,rendoblid,D0(2J)
2019-03-21,-0.734000,Swiss National Bank,rendoblid,D0(2J)
2019-03-22,-0.736000,Swiss National Bank,rendoblid,D0(2J)
2019-03-25,-0.728000,Swiss National Bank,rendoblid,D0(2J)
2019-03-26,-0.721000,Swiss National Bank,rendoblid,D0(2J)
2019-03-27,-0.726000,Swiss National Bank,rendoblid,D0(2J)
2019-03-28,-0.740000,Swiss National Bank,rendoblid,D0(2J)
2019-03-29,-0.723000,Swiss National Bank,rendoblid,D0(2J)
2019-04-01,-0.734000,Swiss National Bank,rendoblid,D0(2J)
2019-04-02,-0.722000,Swiss National Bank,rendoblid,D0(2J)
2019-04-03,-0.735000,Swiss National Bank,rendoblid,D0(2J)
2019-04-04,-0.741000,Swiss National Bank,rendoblid,D0(2J)
2019-04-05,-0.726000,Swiss National Bank,rendoblid,D0(2J)
2019-04-08,-0.707000,Swiss National Bank,rendoblid,D0(2J)
2019-04-09,-0.699000,Swiss National Bank,rendoblid,D0(2J)
2019-04-10,-0.696000,Swiss National Bank,rendoblid,D0(2J)
2019-04-11,-0.712000,Swiss National Bank,rendoblid,D0(2J)
2019-04-12,-0.703000,Swiss National Bank,rendoblid,D0(2J)
2019-04-15,-0.690000,Swiss National Bank,rendoblid,D0(2J)
2019-04-16,-0.699000,Swiss National Bank,rendoblid,D0(2J)
2019-04-17,-0.674000,Swiss National Bank,rendoblid,D0(2J)
2019-04-18,-0.678000,Swiss National Bank,rendoblid,D0(2J)
2019-04-23,-0.692000,Swiss National Bank,rendoblid,D0(2J)
2019-04-24,-0.701000,Swiss National Bank,rendoblid,D0(2J)
2019-04-25,-0.697000,Swiss National Bank,rendoblid,D0(2J)
2019-04-26,-0.694000,Swiss National Bank,rendoblid,D0(2J)
2019-04-29,-0.695000,Swiss National Bank,rendoblid,D0(2J)
2019-04-30,-0.681000,Swiss National Bank,rendoblid,D0(2J)
2019-05-02,-0.686000,Swiss National Bank,rendoblid,D0(2J)
2019-05-03,-0.681000,Swiss National Bank,rendoblid,D0(2J)
2019-05-06,-0.696000,Swiss National Bank,rendoblid,D0(2J)
2019-05-07,-0.700000,Swiss National Bank,rendoblid,D0(2J)
2019-05-08,-0.700000,Swiss National Bank,rendoblid,D0(2J)
2019-05-09,-0.699000,Swiss National Bank,rendoblid,D0(2J)
2019-05-10,-0.702000,Swiss National Bank,rendoblid,D0(2J)
2019-05-13,-0.717000,Swiss National Bank,rendoblid,D0(2J)
2019-05-14,-0.719000,Swiss National Bank,rendoblid,D0(2J)
2019-05-15,-0.728000,Swiss National Bank,rendoblid,D0(2J)
2019-05-16,-0.726000,Swiss National Bank,rendoblid,D0(2J)
2019-05-17,-0.723000,Swiss National Bank,rendoblid,D0(2J)
2019-05-20,-0.723000,Swiss National Bank,rendoblid,D0(2J)
2019-05-21,-0.717000,Swiss National Bank,rendoblid,D0(2J)
2019-05-22,-0.722000,Swiss National Bank,rendoblid,D0(2J)
2019-05-23,-0.721000,Swiss National Bank,rendoblid,D0(2J)
2019-05-24,-0.738000,Swiss National Bank,rendoblid,D0(2J)
2019-05-27,-0.743000,Swiss National Bank,rendoblid,D0(2J)
2019-05-28,-0.751000,Swiss National Bank,rendoblid,D0(2J)
2019-05-29,-0.728000,Swiss National Bank,rendoblid,D0(2J)
2019-05-31,-0.742000,Swiss National Bank,rendoblid,D0(2J)
2019-06-03,-0.751000,Swiss National Bank,rendoblid,D0(2J)
2019-06-04,-0.762000,Swiss National Bank,rendoblid,D0(2J)
2019-06-05,-0.764000,Swiss National Bank,rendoblid,D0(2J)
2019-06-06,-0.765000,Swiss National Bank,rendoblid,D0(2J)
2019-06-07,-0.769000,Swiss National Bank,rendoblid,D0(2J)
2019-06-11,-0.767000,Swiss National Bank,rendoblid,D0(2J)
2019-06-12,-0.759000,Swiss National Bank,rendoblid,D0(2J)
2019-06-13,-0.765000,Swiss National Bank,rendoblid,D0(2J)
2019-06-14,-0.781000,Swiss National Bank,rendoblid,D0(2J)
2019-06-17,-0.788000,Swiss National Bank,rendoblid,D0(2J)
2019-06-18,-0.797000,Swiss National Bank,rendoblid,D0(2J)
2019-06-19,-0.816000,Swiss National Bank,rendoblid,D0(2J)
2019-06-20,-0.808000,Swiss National Bank,rendoblid,D0(2J)
2019-06-21,-0.803000,Swiss National Bank,rendoblid,D0(2J)
2019-06-24,-0.808000,Swiss National Bank,rendoblid,D0(2J)
2019-06-25,-0.825000,Swiss National Bank,rendoblid,D0(2J)
2019-06-26,-0.816000,Swiss National Bank,rendoblid,D0(2J)
2019-06-27,-0.808000,Swiss National Bank,rendoblid,D0(2J)
2019-06-28,-0.791000,Swiss National Bank,rendoblid,D0(2J)
2019-07-01,-0.804000,Swiss National Bank,rendoblid,D0(2J)
2019-07-02,-0.830000,Swiss National Bank,rendoblid,D0(2J)
2019-07-03,-0.845000,Swiss National Bank,rendoblid,D0(2J)
2019-07-04,-0.830000,Swiss National Bank,rendoblid,D0(2J)
2019-07-05,-0.827000,Swiss National Bank,rendoblid,D0(2J)
2019-07-08,-0.824000,Swiss National Bank,rendoblid,D0(2J)
2019-07-09,-0.823000,Swiss National Bank,rendoblid,D0(2J)
2019-07-10,-0.807000,Swiss National Bank,rendoblid,D0(2J)
2019-07-11,-0.815000,Swiss National Bank,rendoblid,D0(2J)
2019-07-12,-0.816000,Swiss National Bank,rendoblid,D0(2J)
2019-07-15,-0.830000,Swiss National Bank,rendoblid,D0(2J)
2019-07-16,-0.839000,Swiss National Bank,rendoblid,D0(2J)
2019-07-17,-0.842000,Swiss National Bank,rendoblid,D0(2J)
2019-07-18,-0.858000,Swiss National Bank,rendoblid,D0(2J)
2019-07-19,-0.874000,Swiss National Bank,rendoblid,D0(2J)
2019-07-22,-0.888000,Swiss National Bank,rendoblid,D0(2J)
2019-07-23,-0.889000,Swiss National Bank,rendoblid,D0(2J)
2019-07-24,-0.901000,Swiss National Bank,rendoblid,D0(2J)
2019-07-25,-0.897000,Swiss National Bank,rendoblid,D0(2J)
2019-07-26,-0.884000,Swiss National Bank,rendoblid,D0(2J)
2019-07-29,-0.889000,Swiss National Bank,rendoblid,D0(2J)
2019-07-30,-0.892000,Swiss National Bank,rendoblid,D0(2J)
2019-07-31,-0.896000,Swiss National Bank,rendoblid,D0(2J)
2019-08-02,-0.915000,Swiss National Bank,rendoblid,D0(2J)
2019-08-05,-0.988000,Swiss National Bank,rendoblid,D0(2J)
2019-08-06,-0.985000,Swiss National Bank,rendoblid,D0(2J)
2019-08-07,-1.000000,Swiss National Bank,rendoblid,D0(2J)
2019-08-08,-0.987000,Swiss National Bank,rendoblid,D0(2J)
2019-08-09,-0.995000,Swiss National Bank,rendoblid,D0(2J)
2019-08-12,-0.997000,Swiss National Bank,rendoblid,D0(2J)
2019-08-13,-1.004000,Swiss National Bank,rendoblid,D0(2J)
2019-08-14,-1.005000,Swiss National Bank,rendoblid,D0(2J)
2019-08-15,-1.010000,Swiss National Bank,rendoblid,D0(2J)
2019-08-16,-1.028000,Swiss National Bank,rendoblid,D0(2J)
2019-08-19,-1.034000,Swiss National Bank,rendoblid,D0(2J)
2019-08-20,-1.032000,Swiss National Bank,rendoblid,D0(2J)
2019-08-21,-1.035000,Swiss National Bank,rendoblid,D0(2J)
2019-08-22,-1.030000,Swiss National Bank,rendoblid,D0(2J)
2019-08-23,-0.989000,Swiss National Bank,rendoblid,D0(2J)
2019-08-26,-1.026000,Swiss National Bank,rendoblid,D0(2J)
2019-08-27,-1.017000,Swiss National Bank,rendoblid,D0(2J)
2019-08-28,-1.054000,Swiss National Bank,rendoblid,D0(2J)
2019-08-29,-1.044000,Swiss National Bank,rendoblid,D0(2J)
2019-08-30,-1.064000,Swiss National Bank,rendoblid,D0(2J)
2019-09-02,-1.066000,Swiss National Bank,rendoblid,D0(2J)
2019-09-03,-1.068000,Swiss National Bank,rendoblid,D0(2J)
2019-09-04,-1.062000,Swiss National Bank,rendoblid,D0(2J)
2019-09-05,-1.066000,Swiss National Bank,rendoblid,D0(2J)
2019-09-06,-1.036000,Swiss National Bank,rendoblid,D0(2J)
2019-09-09,-1.023000,Swiss National Bank,rendoblid,D0(2J)
2019-09-10,-1.036000,Swiss National Bank,rendoblid,D0(2J)
2019-09-11,-1.022000,Swiss National Bank,rendoblid,D0(2J)
2019-09-12,-0.956000,Swiss National Bank,rendoblid,D0(2J)
2019-09-13,-0.918000,Swiss National Bank,rendoblid,D0(2J)
2019-09-16,-0.876000,Swiss National Bank,rendoblid,D0(2J)
2019-09-17,-0.911000,Swiss National Bank,rendoblid,D0(2J)
2019-09-18,-0.904000,Swiss National Bank,rendoblid,D0(2J)
2019-09-19,-0.869000,Swiss National Bank,rendoblid,D0(2J)
2019-09-20,-0.844000,Swiss National Bank,rendoblid,D0(2J)
2019-09-23,-0.853000,Swiss National Bank,rendoblid,D0(2J)
2019-09-24,-0.852000,Swiss National Bank,rendoblid,D0(2J)
2019-09-25,-0.871000,Swiss National Bank,rendoblid,D0(2J)
2019-09-26,-0.861000,Swiss National Bank,rendoblid,D0(2J)
2019-09-27,-0.850000,Swiss National Bank,rendoblid,D0(2J)
2019-09-30,-0.847000,Swiss National Bank,rendoblid,D0(2J)
2019-10-01,-0.833000,Swiss National Bank,rendoblid,D0(2J)
2019-10-02,-0.853000,Swiss National Bank,rendoblid,D0(2J)
2019-10-03,-0.853000,Swiss National Bank,rendoblid,D0(2J)
2019-10-04,-0.871000,Swiss National Bank,rendoblid,D0(2J)
2019-10-07,-0.889000,Swiss National Bank,rendoblid,D0(2J)
2019-10-08,-0.891000,Swiss National Bank,rendoblid,D0(2J)
2019-10-09,-0.869000,Swiss National Bank,rendoblid,D0(2J)
2019-10-10,-0.862000,Swiss National Bank,rendoblid,D0(2J)
2019-10-11,-0.828000,Swiss National Bank,rendoblid,D0(2J)
2019-10-14,-0.828000,Swiss National Bank,rendoblid,D0(2J)
2019-10-15,-0.823000,Swiss National Bank,rendoblid,D0(2J)
2019-10-16,-0.815000,Swiss National Bank,rendoblid,D0(2J)
2019-10-17,-0.792000,Swiss National Bank,rendoblid,D0(2J)
2019-10-18,-0.787000,Swiss National Bank,rendoblid,D0(2J)
2019-10-21,-0.764000,Swiss National Bank,rendoblid,D0(2J)
2019-10-22,-0.766000,Swiss National Bank,rendoblid,D0(2J)
2019-10-23,-0.773000,Swiss National Bank,rendoblid,D0(2J)
2019-10-24,-0.771000,Swiss National Bank,rendoblid,D0(2J)
2019-10-25,-0.764000,Swiss National Bank,rendoblid,D0(2J)
2019-10-28,-0.758000,Swiss National Bank,rendoblid,D0(2J)
2019-10-29,-0.732000,Swiss National Bank,rendoblid,D0(2J)
2019-10-30,-0.736000,Swiss National Bank,rendoblid,D0(2J)
2019-10-31,-0.740000,Swiss National Bank,rendoblid,D0(2J)
2019-11-01,-0.691000,Swiss National Bank,rendoblid,D0(2J)
2019-11-04,-0.692000,Swiss National Bank,rendoblid,D0(2J)
2019-11-05,-0.703000,Swiss National Bank,rendoblid,D0(2J)
2019-11-06,-0.689000,Swiss National Bank,rendoblid,D0(2J)
2019-11-07,-0.695000,Swiss National Bank,rendoblid,D0(2J)
2019-11-08,-0.677000,Swiss National Bank,rendoblid,D0(2J)
2019-11-11,-0.697000,Swiss National Bank,rendoblid,D0(2J)
2019-11-12,-0.695000,Swiss National Bank,rendoblid,D0(2J)
2019-11-13,-0.705000,Swiss National Bank,rendoblid,D0(2J)
2019-11-14,-0.717000,Swiss National Bank,rendoblid,D0(2J)
2019-11-15,-0.739000,Swiss National Bank,rendoblid,D0(2J)
2019-11-18,-0.736000,Swiss National Bank,rendoblid,D0(2J)
2019-11-19,-0.734000,Swiss National Bank,rendoblid,D0(2J)
2019-11-20,-0.748000,Swiss National Bank,rendoblid,D0(2J)
2019-11-21,-0.748000,Swiss National Bank,rendoblid,D0(2J)
2019-11-22,-0.736000,Swiss National Bank,rendoblid,D0(2J)
2019-11-25,-0.748000,Swiss National Bank,rendoblid,D0(2J)
2019-11-26,-0.757000,Swiss National Bank,rendoblid,D0(2J)
2019-11-27,-0.765000,Swiss National Bank,rendoblid,D0(2J)
2019-11-28,-0.757000,Swiss National Bank,rendoblid,D0(2J)
2019-11-29,-0.755000,Swiss National Bank,rendoblid,D0(2J)
2019-12-02,-0.757000,Swiss National Bank,rendoblid,D0(2J)
2019-12-03,-0.750000,Swiss National Bank,rendoblid,D0(2J)
2019-12-04,-0.761000,Swiss National Bank,rendoblid,D0(2J)
2019-12-05,-0.746000,Swiss National Bank,rendoblid,D0(2J)
2019-12-06,-0.732000,Swiss National Bank,rendoblid,D0(2J)
2019-12-09,-0.728000,Swiss National Bank,rendoblid,D0(2J)
2019-12-10,-0.727000,Swiss National Bank,rendoblid,D0(2J)
2019-12-11,-0.705000,Swiss National Bank,rendoblid,D0(2J)
2019-12-12,-0.717000,Swiss National Bank,rendoblid,D0(2J)
2019-12-13,-0.710000,Swiss National Bank,rendoblid,D0(2J)
2019-12-16,-0.724000,Swiss National Bank,rendoblid,D0(2J)
2019-12-17,-0.718000,Swiss National Bank,rendoblid,D0(2J)
2019-12-18,-0.719000,Swiss National Bank,rendoblid,D0(2J)
2019-12-19,-0.705000,Swiss National Bank,rendoblid,D0(2J)
2019-12-20,-0.702000,Swiss National Bank,rendoblid,D0(2J)
2019-12-23,-0.711000,Swiss National Bank,rendoblid,D0(2J)
2019-12-27,-0.711000,Swiss National Bank,rendoblid,D0(2J)
2019-12-30,-0.711000,Swiss National Bank,rendoblid,D0(2J)
2020-01-03,-0.709000,Swiss National Bank,rendoblid,D0(2J)
2020-01-06,-0.740000,Swiss National Bank,rendoblid,D0(2J)
2020-01-07,-0.726000,Swiss National Bank,rendoblid,D0(2J)
2020-01-08,-0.735000,Swiss National Bank,rendoblid,D0(2J)
2020-01-09,-0.713000,Swiss National Bank,rendoblid,D0(2J)
2020-01-10,-0.709000,Swiss National Bank,rendoblid,D0(2J)
2020-01-13,-0.715000,Swiss National Bank,rendoblid,D0(2J)
2020-01-14,-0.715000,Swiss National Bank,rendoblid,D0(2J)
2020-01-15,-0.716000,Swiss National Bank,rendoblid,D0(2J)
2020-01-16,-0.724000,Swiss National Bank,rendoblid,D0(2J)
2020-01-17,-0.724000,Swiss National Bank,rendoblid,D0(2J)
2020-01-20,-0.733000,Swiss National Bank,rendoblid,D0(2J)
2020-01-21,-0.735000,Swiss National Bank,rendoblid,D0(2J)
2020-01-22,-0.735000,Swiss National Bank,rendoblid,D0(2J)
2020-01-23,-0.718000,Swiss National Bank,rendoblid,D0(2J)
2020-01-24,-0.732000,Swiss National Bank,rendoblid,D0(2J)
2020-01-27,-0.742000,Swiss National Bank,rendoblid,D0(2J)
2020-01-28,-0.713000,Swiss National Bank,rendoblid,D0(2J)
2020-01-29,-0.703000,Swiss National Bank,rendoblid,D0(2J)
2020-01-30,-0.704000,Swiss National Bank,rendoblid,D0(2J)
2020-01-31,-0.707000,Swiss National Bank,rendoblid,D0(2J)
2020-02-03,-0.728000,Swiss National Bank,rendoblid,D0(2J)
2020-02-04,-0.706000,Swiss National Bank,rendoblid,D0(2J)
2020-02-05,-0.691000,Swiss National Bank,rendoblid,D0(2J)
2020-02-06,-0.676000,Swiss National Bank,rendoblid,D0(2J)
2020-02-07,-0.679000,Swiss National Bank,rendoblid,D0(2J)
2020-02-10,-0.689000,Swiss National Bank,rendoblid,D0(2J)
2020-02-11,-0.694000,Swiss National Bank,rendoblid,D0(2J)
2020-02-12,-0.691000,Swiss National Bank,rendoblid,D0(2J)
2020-02-13,-0.695000,Swiss National Bank,rendoblid,D0(2J)
2020-02-14,-0.712000,Swiss National Bank,rendoblid,D0(2J)
2020-02-17,-0.732000,Swiss National Bank,rendoblid,D0(2J)
2020-02-18,-0.730000,Swiss National Bank,rendoblid,D0(2J)
2020-02-19,-0.743000,Swiss National Bank,rendoblid,D0(2J)
2020-02-20,-0.753000,Swiss National Bank,rendoblid,D0(2J)
2020-02-21,-0.754000,Swiss National Bank,rendoblid,D0(2J)
2020-02-24,-0.773000,Swiss National Bank,rendoblid,D0(2J)
2020-02-25,-0.767000,Swiss National Bank,rendoblid,D0(2J)
2020-02-26,-0.784000,Swiss National Bank,rendoblid,D0(2J)
2020-02-27,-0.770000,Swiss National Bank,rendoblid,D0(2J)
2020-02-28,-0.785000,Swiss National Bank,rendoblid,D0(2J)
2020-03-02,-0.813000,Swiss National Bank,rendoblid,D0(2J)
2020-03-03,-0.797000,Swiss National Bank,rendoblid,D0(2J)
2020-03-04,-0.769000,Swiss National Bank,rendoblid,D0(2J)
2020-03-05,-0.832000,Swiss National Bank,rendoblid,D0(2J)
2020-03-06,-0.858000,Swiss National Bank,rendoblid,D0(2J)
2020-03-09,-0.835000,Swiss National Bank,rendoblid,D0(2J)
2020-03-10,-0.892000,Swiss National Bank,rendoblid,D0(2J)
2020-03-11,-0.884000,Swiss National Bank,rendoblid,D0(2J)
2020-03-12,-0.939000,Swiss National Bank,rendoblid,D0(2J)
2020-03-13,-0.889000,Swiss National Bank,rendoblid,D0(2J)
2020-03-16,-0.890000,Swiss National Bank,rendoblid,D0(2J)
2020-03-17,-0.892000,Swiss National Bank,rendoblid,D0(2J)
2020-03-18,-0.888000,Swiss National Bank,rendoblid,D0(2J)
2020-03-19,-0.917000,Swiss National Bank,rendoblid,D0(2J)
2020-03-20,-0.936000,Swiss National Bank,rendoblid,D0(2J)
2020-03-23,-0.791000,Swiss National Bank,rendoblid,D0(2J)
2020-03-24,-0.761000,Swiss National Bank,rendoblid,D0(2J)
2020-03-25,-0.725000,Swiss National Bank,rendoblid,D0(2J)
2020-03-26,-0.703000,Swiss National Bank,rendoblid,D0(2J)
2020-03-27,-0.674000,Swiss National Bank,rendoblid,D0(2J)
2020-03-30,-0.700000,Swiss National Bank,rendoblid,D0(2J)
2020-03-31,-0.625000,Swiss National Bank,rendoblid,D0(2J)
2020-04-01,-0.599000,Swiss National Bank,rendoblid,D0(2J)
2020-04-02,-0.580000,Swiss National Bank,rendoblid,D0(2J)
2020-04-03,-0.586000,Swiss National Bank,rendoblid,D0(2J)
2020-04-06,-0.607000,Swiss National Bank,rendoblid,D0(2J)
2020-04-07,-0.589000,Swiss National Bank,rendoblid,D0(2J)
2020-04-08,-0.560000,Swiss National Bank,rendoblid,D0(2J)
2020-04-09,-0.562000,Swiss National Bank,rendoblid,D0(2J)
2020-04-14,-0.609000,Swiss National Bank,rendoblid,D0(2J)
2020-04-15,-0.612000,Swiss National Bank,rendoblid,D0(2J)
2020-04-16,-0.610000,Swiss National Bank,rendoblid,D0(2J)
2020-04-17,-0.634000,Swiss National Bank,rendoblid,D0(2J)
2020-04-20,-0.670000,Swiss National Bank,rendoblid,D0(2J)
2020-04-21,-0.657000,Swiss National Bank,rendoblid,D0(2J)
2020-04-22,-0.654000,Swiss National Bank,rendoblid,D0(2J)
2020-04-23,-0.619000,Swiss National Bank,rendoblid,D0(2J)
2020-04-24,-0.619000,Swiss National Bank,rendoblid,D0(2J)
2020-04-27,-0.672000,Swiss National Bank,rendoblid,D0(2J)
2020-04-28,-0.647000,Swiss National Bank,rendoblid,D0(2J)
2020-04-29,-0.644000,Swiss National Bank,rendoblid,D0(2J)
2020-04-30,-0.652000,Swiss National Bank,rendoblid,D0(2J)
2020-05-04,-0.657000,Swiss National Bank,rendoblid,D0(2J)
2020-05-05,-0.652000,Swiss National Bank,rendoblid,D0(2J)
2020-05-06,-0.649000,Swiss National Bank,rendoblid,D0(2J)
2020-05-07,-0.650000,Swiss National Bank,rendoblid,D0(2J)
2020-05-08,-0.658000,Swiss National Bank,rendoblid,D0(2J)
2020-05-11,-0.646000,Swiss National Bank,rendoblid,D0(2J)
2020-05-12,-0.637000,Swiss National Bank,rendoblid,D0(2J)
2020-05-13,-0.654000,Swiss National Bank,rendoblid,D0(2J)
2020-05-14,-0.539000,Swiss National Bank,rendoblid,D0(2J)
2020-05-15,-0.647000,Swiss National Bank,rendoblid,D0(2J)
2020-05-18,-0.665000,Swiss National Bank,rendoblid,D0(2J)
2020-05-19,-0.643000,Swiss National Bank,rendoblid,D0(2J)
2020-05-20,-0.656000,Swiss National Bank,rendoblid,D0(2J)
2020-05-22,-0.673000,Swiss National Bank,rendoblid,D0(2J)
2020-05-25,-0.669000,Swiss National Bank,rendoblid,D0(2J)
2020-05-26,-0.663000,Swiss National Bank,rendoblid,D0(2J)
2020-05-27,-0.652000,Swiss National Bank,rendoblid,D0(2J)
2020-05-28,-0.645000,Swiss National Bank,rendoblid,D0(2J)
2020-05-29,-0.639000,Swiss National Bank,rendoblid,D0(2J)
2020-06-02,-0.646000,Swiss National Bank,rendoblid,D0(2J)
2020-06-03,-0.640000,Swiss National Bank,rendoblid,D0(2J)
2020-06-04,-0.616000,Swiss National Bank,rendoblid,D0(2J)
2020-06-05,-0.621000,Swiss National Bank,rendoblid,D0(2J)
2020-06-08,-0.604000,Swiss National Bank,rendoblid,D0(2J)
2020-06-09,-0.587000,Swiss National Bank,rendoblid,D0(2J)
2020-06-10,-0.627000,Swiss National Bank,rendoblid,D0(2J)
2020-06-11,-0.633000,Swiss National Bank,rendoblid,D0(2J)
2020-06-12,-0.657000,Swiss National Bank,rendoblid,D0(2J)
2020-06-15,-0.656000,Swiss National Bank,rendoblid,D0(2J)
2020-06-16,-0.632000,Swiss National Bank,rendoblid,D0(2J)
2020-06-17,-0.632000,Swiss National Bank,rendoblid,D0(2J)
2020-06-18,-0.621000,Swiss National Bank,rendoblid,D0(2J)
2020-06-19,-0.622000,Swiss National Bank,rendoblid,D0(2J)
2020-06-22,-0.649000,Swiss National Bank,rendoblid,D0(2J)
2020-06-23,-0.623000,Swiss National Bank,rendoblid,D0(2J)
2020-06-24,-0.634000,Swiss National Bank,rendoblid,D0(2J)
2020-06-25,-0.634000,Swiss National Bank,rendoblid,D0(2J)
2020-06-26,-0.628000,Swiss National Bank,rendoblid,D0(2J)
2020-06-29,-0.637000,Swiss National Bank,rendoblid,D0(2J)
2020-06-30,-0.652000,Swiss National Bank,rendoblid,D0(2J)
2020-07-01,-0.649000,Swiss National Bank,rendoblid,D0(2J)
2020-07-02,-0.669000,Swiss National Bank,rendoblid,D0(2J)
2020-07-03,-0.664000,Swiss National Bank,rendoblid,D0(2J)
2020-07-06,-0.653000,Swiss National Bank,rendoblid,D0(2J)
2020-07-07,-0.661000,Swiss National Bank,rendoblid,D0(2J)
2020-07-08,-0.668000,Swiss National Bank,rendoblid,D0(2J)
2020-07-09,-0.694000,Swiss National Bank,rendoblid,D0(2J)
2020-07-10,-0.717000,Swiss National Bank,rendoblid,D0(2J)
2020-07-13,-0.739000,Swiss National Bank,rendoblid,D0(2J)
2020-07-14,-0.732000,Swiss National Bank,rendoblid,D0(2J)
2020-07-15,-0.738000,Swiss National Bank,rendoblid,D0(2J)
2020-07-16,-0.731000,Swiss National Bank,rendoblid,D0(2J)
2020-07-17,-0.758000,Swiss National Bank,rendoblid,D0(2J)
2020-07-20,-0.737000,Swiss National Bank,rendoblid,D0(2J)
2020-07-21,-0.744000,Swiss National Bank,rendoblid,D0(2J)
2020-07-22,-0.745000,Swiss National Bank,rendoblid,D0(2J)
2020-07-23,-0.761000,Swiss National Bank,rendoblid,D0(2J)
2020-07-24,-0.748000,Swiss National Bank,rendoblid,D0(2J)
2020-07-27,-0.761000,Swiss National Bank,rendoblid,D0(2J)
2020-07-28,-0.760000,Swiss National Bank,rendoblid,D0(2J)
2020-07-29,-0.765000,Swiss National Bank,rendoblid,D0(2J)
2020-07-30,-0.760000,Swiss National Bank,rendoblid,D0(2J)
2020-07-31,-0.760000,Swiss National Bank,rendoblid,D0(2J)
2020-08-03,-0.771000,Swiss National Bank,rendoblid,D0(2J)
2020-08-04,-0.768000,Swiss National Bank,rendoblid,D0(2J)
2020-08-05,-0.776000,Swiss National Bank,rendoblid,D0(2J)
2020-08-06,-0.761000,Swiss National Bank,rendoblid,D0(2J)
2020-08-07,-0.770000,Swiss National Bank,rendoblid,D0(2J)
2020-08-10,-0.797000,Swiss National Bank,rendoblid,D0(2J)
2020-08-11,-0.775000,Swiss National Bank,rendoblid,D0(2J)
2020-08-12,-0.771000,Swiss National Bank,rendoblid,D0(2J)
2020-08-13,-0.762000,Swiss National Bank,rendoblid,D0(2J)
2020-08-14,-0.755000,Swiss National Bank,rendoblid,D0(2J)
2020-08-17,-0.763000,Swiss National Bank,rendoblid,D0(2J)
2020-08-18,-0.761000,Swiss National Bank,rendoblid,D0(2J)
2020-08-19,-0.765000,Swiss National Bank,rendoblid,D0(2J)
2020-08-20,-0.761000,Swiss National Bank,rendoblid,D0(2J)
2020-08-21,-0.773000,Swiss National Bank,rendoblid,D0(2J)
2020-08-24,-0.770000,Swiss National Bank,rendoblid,D0(2J)
2020-08-25,-0.776000,Swiss National Bank,rendoblid,D0(2J)
2020-08-26,-0.767000,Swiss National Bank,rendoblid,D0(2J)
2020-08-27,-0.769000,Swiss National Bank,rendoblid,D0(2J)
2020-08-28,-0.764000,Swiss National Bank,rendoblid,D0(2J)
2020-08-31,-0.774000,Swiss National Bank,rendoblid,D0(2J)
2020-09-01,-0.754000,Swiss National Bank,rendoblid,D0(2J)
2020-09-02,-0.776000,Swiss National Bank,rendoblid,D0(2J)
2020-09-03,-0.774000,Swiss National Bank,rendoblid,D0(2J)
2020-09-04,-0.781000,Swiss National Bank,rendoblid,D0(2J)
2020-09-07,-0.785000,Swiss National Bank,rendoblid,D0(2J)
2020-09-08,-0.774000,Swiss National Bank,rendoblid,D0(2J)
2020-09-09,-0.791000,Swiss National Bank,rendoblid,D0(2J)
2020-09-10,-0.785000,Swiss National Bank,rendoblid,D0(2J)
2020-09-11,-0.782000,Swiss National Bank,rendoblid,D0(2J)
2020-09-14,-0.791000,Swiss National Bank,rendoblid,D0(2J)
2020-09-15,-0.788000,Swiss National Bank,rendoblid,D0(2J)
2020-09-16,-0.788000,Swiss National Bank,rendoblid,D0(2J)
2020-09-17,-0.785000,Swiss National Bank,rendoblid,D0(2J)
2020-09-18,-0.788000,Swiss National Bank,rendoblid,D0(2J)
2020-09-21,-0.798000,Swiss National Bank,rendoblid,D0(2J)
2020-09-22,-0.797000,Swiss National Bank,rendoblid,D0(2J)
2020-09-23,-0.793000,Swiss National Bank,rendoblid,D0(2J)
2020-09-24,-0.783000,Swiss National Bank,rendoblid,D0(2J)
2020-09-25,-0.788000,Swiss National Bank,rendoblid,D0(2J)
2020-09-28,-0.806000,Swiss National Bank,rendoblid,D0(2J)
2020-09-29,-0.797000,Swiss National Bank,rendoblid,D0(2J)
2020-09-30,-0.807000,Swiss National Bank,rendoblid,D0(2J)
2020-10-01,-0.792000,Swiss National Bank,rendoblid,D0(2J)
2020-10-02,-0.794000,Swiss National Bank,rendoblid,D0(2J)
2020-10-05,-0.820000,Swiss National Bank,rendoblid,D0(2J)
2020-10-06,-0.802000,Swiss National Bank,rendoblid,D0(2J)
2020-10-07,-0.807000,Swiss National Bank,rendoblid,D0(2J)
2020-10-08,-0.790000,Swiss National Bank,rendoblid,D0(2J)
2020-10-09,-0.790000,Swiss National Bank,rendoblid,D0(2J)
2020-10-12,-0.803000,Swiss National Bank,rendoblid,D0(2J)
2020-10-13,-0.799000,Swiss National Bank,rendoblid,D0(2J)
2020-10-14,-0.800000,Swiss National Bank,rendoblid,D0(2J)
2020-10-15,-0.799000,Swiss National Bank,rendoblid,D0(2J)
2020-10-16,-0.804000,Swiss National Bank,rendoblid,D0(2J)
2020-10-19,-0.819000,Swiss National Bank,rendoblid,D0(2J)
2020-10-20,-0.814000,Swiss National Bank,rendoblid,D0(2J)
2020-10-21,-0.813000,Swiss National Bank,rendoblid,D0(2J)
2020-10-22,-0.811000,Swiss National Bank,rendoblid,D0(2J)
2020-10-23,-0.810000,Swiss National Bank,rendoblid,D0(2J)
2020-10-26,-0.815000,Swiss National Bank,rendoblid,D0(2J)
2020-10-27,-0.830000,Swiss National Bank,rendoblid,D0(2J)
2020-10-28,-0.820000,Swiss National Bank,rendoblid,D0(2J)
2020-10-29,-0.812000,Swiss National Bank,rendoblid,D0(2J)
2020-10-30,-0.802000,Swiss National Bank,rendoblid,D0(2J)
2020-11-02,-0.826000,Swiss National Bank,rendoblid,D0(2J)
2020-11-03,-0.806000,Swiss National Bank,rendoblid,D0(2J)
2020-11-04,-0.803000,Swiss National Bank,rendoblid,D0(2J)
2020-11-05,-0.792000,Swiss National Bank,rendoblid,D0(2J)
2020-11-06,-0.789000,Swiss National Bank,rendoblid,D0(2J)
2020-11-09,-0.793000,Swiss National Bank,rendoblid,D0(2J)
2020-11-10,-0.806000,Swiss National Bank,rendoblid,D0(2J)
2020-11-11,-0.791000,Swiss National Bank,rendoblid,D0(2J)
2020-11-12,-0.768000,Swiss National Bank,rendoblid,D0(2J)
2020-11-13,-0.777000,Swiss National Bank,rendoblid,D0(2J)
2020-11-16,-0.774000,Swiss National Bank,rendoblid,D0(2J)
2020-11-17,-0.775000,Swiss National Bank,rendoblid,D0(2J)
2020-11-18,-0.774000,Swiss National Bank,rendoblid,D0(2J)
2020-11-19,-0.772000,Swiss National Bank,rendoblid,D0(2J)
2020-11-20,-0.758000,Swiss National Bank,rendoblid,D0(2J)
2020-11-23,-0.779000,Swiss National Bank,rendoblid,D0(2J)
2020-11-24,-0.768000,Swiss National Bank,rendoblid,D0(2J)
2020-11-25,-0.769000,Swiss National Bank,rendoblid,D0(2J)
2020-11-26,-0.765000,Swiss National Bank,rendoblid,D0(2J)
2020-11-27,-0.763000,Swiss National Bank,rendoblid,D0(2J)
2020-11-30,-0.778000,Swiss National Bank,rendoblid,D0(2J)
2020-12-01,-0.809000,Swiss National Bank,rendoblid,D0(2J)
2020-12-02,-0.788000,Swiss National Bank,rendoblid,D0(2J)
2020-12-03,-0.786000,Swiss National Bank,rendoblid,D0(2J)
2020-12-04,-0.793000,Swiss National Bank,rendoblid,D0(2J)
2020-12-07,-0.798000,Swiss National Bank,rendoblid,D0(2J)
2020-12-08,-0.789000,Swiss National Bank,rendoblid,D0(2J)
2020-12-09,-0.789000,Swiss National Bank,rendoblid,D0(2J)
2020-12-10,-0.812000,Swiss National Bank,rendoblid,D0(2J)
2020-12-11,-0.800000,Swiss National Bank,rendoblid,D0(2J)
2020-12-14,-0.809000,Swiss National Bank,rendoblid,D0(2J)
2020-12-15,-0.811000,Swiss National Bank,rendoblid,D0(2J)
2020-12-16,-0.801000,Swiss National Bank,rendoblid,D0(2J)
2020-12-17,-0.735000,Swiss National Bank,rendoblid,D0(2J)
2020-12-18,-0.792000,Swiss National Bank,rendoblid,D0(2J)
2020-12-21,-0.810000,Swiss National Bank,rendoblid,D0(2J)
2020-12-22,-0.810000,Swiss National Bank,rendoblid,D0(2J)
2020-12-23,-0.799000,Swiss National Bank,rendoblid,D0(2J)
2020-12-28,-0.792000,Swiss National Bank,rendoblid,D0(2J)
2020-12-29,-0.798000,Swiss National Bank,rendoblid,D0(2J)
2020-12-30,-0.782000,Swiss National Bank,rendoblid,D0(2J)
2021-01-04,-0.823000,Swiss National Bank,rendoblid,D0(2J)
2021-01-05,-0.814000,Swiss National Bank,rendoblid,D0(2J)
2021-01-06,-0.813000,Swiss National Bank,rendoblid,D0(2J)
2021-01-07,-0.804000,Swiss National Bank,rendoblid,D0(2J)
2021-01-08,-0.799000,Swiss National Bank,rendoblid,D0(2J)
2021-01-11,-0.800000,Swiss National Bank,rendoblid,D0(2J)
2021-01-12,-0.785000,Swiss National Bank,rendoblid,D0(2J)
2021-01-13,-0.770000,Swiss National Bank,rendoblid,D0(2J)
2021-01-14,-0.759000,Swiss National Bank,rendoblid,D0(2J)
2021-01-15,-0.761000,Swiss National Bank,rendoblid,D0(2J)
2021-01-18,-0.774000,Swiss National Bank,rendoblid,D0(2J)
2021-01-19,-0.765000,Swiss National Bank,rendoblid,D0(2J)
2021-01-20,-0.782000,Swiss National Bank,rendoblid,D0(2J)
2021-01-21,-0.760000,Swiss National Bank,rendoblid,D0(2J)
2021-01-22,-0.763000,Swiss National Bank,rendoblid,D0(2J)
2021-01-25,-0.775000,Swiss National Bank,rendoblid,D0(2J)
2021-01-26,-0.775000,Swiss National Bank,rendoblid,D0(2J)
2021-01-27,-0.777000,Swiss National Bank,rendoblid,D0(2J)
2021-01-28,-0.782000,Swiss National Bank,rendoblid,D0(2J)
2021-01-29,-0.780000,Swiss National Bank,rendoblid,D0(2J)
2021-02-01,-0.791000,Swiss National Bank,rendoblid,D0(2J)
2021-02-02,-0.774000,Swiss National Bank,rendoblid,D0(2J)
2021-02-03,-0.781000,Swiss National Bank,rendoblid,D0(2J)
2021-02-04,-0.770000,Swiss National Bank,rendoblid,D0(2J)
2021-02-05,-0.768000,Swiss National Bank,rendoblid,D0(2J)
2021-02-08,-0.764000,Swiss National Bank,rendoblid,D0(2J)
2021-02-09,-0.764000,Swiss National Bank,rendoblid,D0(2J)
2021-02-10,-0.774000,Swiss National Bank,rendoblid,D0(2J)
2021-02-11,-0.781000,Swiss National Bank,rendoblid,D0(2J)
2021-02-12,-0.770000,Swiss National Bank,rendoblid,D0(2J)
2021-02-15,-0.784000,Swiss National Bank,rendoblid,D0(2J)
2021-02-16,-0.782000,Swiss National Bank,rendoblid,D0(2J)
2021-02-17,-0.775000,Swiss National Bank,rendoblid,D0(2J)
2021-02-18,-0.770000,Swiss National Bank,rendoblid,D0(2J)
2021-02-19,-0.752000,Swiss National Bank,rendoblid,D0(2J)
2021-02-22,-0.772000,Swiss National Bank,rendoblid,D0(2J)
2021-02-23,-0.775000,Swiss National Bank,rendoblid,D0(2J)
2021-02-24,-0.781000,Swiss National Bank,rendoblid,D0(2J)
2021-02-25,-0.768000,Swiss National Bank,rendoblid,D0(2J)
2021-02-26,-0.761000,Swiss National Bank,rendoblid,D0(2J)
2021-03-01,-0.774000,Swiss National Bank,rendoblid,D0(2J)
2021-03-02,-0.773000,Swiss National Bank,rendoblid,D0(2J)
2021-03-03,-0.774000,Swiss National Bank,rendoblid,D0(2J)
2021-03-04,-0.771000,Swiss National Bank,rendoblid,D0(2J)
2021-03-05,-0.770000,Swiss National Bank,rendoblid,D0(2J)
2021-03-08,-0.774000,Swiss National Bank,rendoblid,D0(2J)
2021-03-09,-0.773000,Swiss National Bank,rendoblid,D0(2J)
2021-03-10,-0.771000,Swiss National Bank,rendoblid,D0(2J)
2021-03-11,-0.779000,Swiss National Bank,rendoblid,D0(2J)
2021-03-12,-0.765000,Swiss National Bank,rendoblid,D0(2J)
2021-03-15,-0.773000,Swiss National Bank,rendoblid,D0(2J)
2021-03-16,-0.769000,Swiss National Bank,rendoblid,D0(2J)
2021-03-17,-0.787000,Swiss National Bank,rendoblid,D0(2J)
2021-03-18,-0.760000,Swiss National Bank,rendoblid,D0(2J)
2021-03-19,-0.770000,Swiss National Bank,rendoblid,D0(2J)
2021-03-22,-0.775000,Swiss National Bank,rendoblid,D0(2J)
2021-03-23,-0.799000,Swiss National Bank,rendoblid,D0(2J)
2021-03-24,-0.798000,Swiss National Bank,rendoblid,D0(2J)
2021-03-25,-0.792000,Swiss National Bank,rendoblid,D0(2J)
2021-03-26,-0.796000,Swiss National Bank,rendoblid,D0(2J)
2021-03-29,-0.803000,Swiss National Bank,rendoblid,D0(2J)
2021-03-30,-0.795000,Swiss National Bank,rendoblid,D0(2J)
2021-03-31,-0.776000,Swiss National Bank,rendoblid,D0(2J)
2021-04-01,-0.781000,Swiss National Bank,rendoblid,D0(2J)
2021-04-06,-0.791000,Swiss National Bank,rendoblid,D0(2J)
2021-04-07,-0.789000,Swiss National Bank,rendoblid,D0(2J)
2021-04-08,-0.787000,Swiss National Bank,rendoblid,D0(2J)
2021-04-09,-0.778000,Swiss National Bank,rendoblid,D0(2J)
2021-04-12,-0.779000,Swiss National Bank,rendoblid,D0(2J)
2021-04-13,-0.773000,Swiss National Bank,rendoblid,D0(2J)
2021-04-14,-0.768000,Swiss National Bank,rendoblid,D0(2J)
2021-04-15,-0.772000,Swiss National Bank,rendoblid,D0(2J)
2021-04-16,-0.779000,Swiss National Bank,rendoblid,D0(2J)
2021-04-19,-0.784000,Swiss National Bank,rendoblid,D0(2J)
2021-04-20,-0.776000,Swiss National Bank,rendoblid,D0(2J)
2021-04-21,-0.788000,Swiss National Bank,rendoblid,D0(2J)
2021-04-22,-0.781000,Swiss National Bank,rendoblid,D0(2J)
2021-04-23,-0.776000,Swiss National Bank,rendoblid,D0(2J)
2021-04-26,-0.782000,Swiss National Bank,rendoblid,D0(2J)
2021-04-27,-0.782000,Swiss National Bank,rendoblid,D0(2J)
2021-04-28,-0.781000,Swiss National Bank,rendoblid,D0(2J)
2021-04-29,-0.771000,Swiss National Bank,rendoblid,D0(2J)
2021-04-30,-0.773000,Swiss National Bank,rendoblid,D0(2J)
2021-05-03,-0.770000,Swiss National Bank,rendoblid,D0(2J)
2021-05-04,-0.777000,Swiss National Bank,rendoblid,D0(2J)
2021-05-05,-0.769000,Swiss National Bank,rendoblid,D0(2J)
2021-05-06,-0.745000,Swiss National Bank,rendoblid,D0(2J)
2021-05-07,-0.755000,Swiss National Bank,rendoblid,D0(2J)
2021-05-10,-0.767000,Swiss National Bank,rendoblid,D0(2J)
2021-05-11,-0.750000,Swiss National Bank,rendoblid,D0(2J)
2021-05-12,-0.743000,Swiss National Bank,rendoblid,D0(2J)
2021-05-14,-0.746000,Swiss National Bank,rendoblid,D0(2J)
2021-05-17,-0.753000,Swiss National Bank,rendoblid,D0(2J)
2021-05-18,-0.748000,Swiss National Bank,rendoblid,D0(2J)
2021-05-19,-0.751000,Swiss National Bank,rendoblid,D0(2J)
2021-05-20,-0.746000,Swiss National Bank,rendoblid,D0(2J)
2021-05-21,-0.750000,Swiss National Bank,rendoblid,D0(2J)
2021-05-25,-0.764000,Swiss National Bank,rendoblid,D0(2J)
2021-05-26,-0.766000,Swiss National Bank,rendoblid,D0(2J)
2021-05-27,-0.760000,Swiss National Bank,rendoblid,D0(2J)
2021-05-28,-0.749000,Swiss National Bank,rendoblid,D0(2J)
2021-05-31,-0.761000,Swiss National Bank,rendoblid,D0(2J)
2021-06-01,-0.755000,Swiss National Bank,rendoblid,D0(2J)
2021-06-02,-0.753000,Swiss National Bank,rendoblid,D0(2J)
2021-06-03,-0.747000,Swiss National Bank,rendoblid,D0(2J)
2021-06-04,-0.743000,Swiss National Bank,rendoblid,D0(2J)
2021-06-07,-0.754000,Swiss National Bank,rendoblid,D0(2J)
2021-06-08,-0.745000,Swiss National Bank,rendoblid,D0(2J)
2021-06-09,-0.745000,Swiss National Bank,rendoblid,D0(2J)
2021-06-10,-0.750000,Swiss National Bank,rendoblid,D0(2J)
2021-06-11,-0.758000,Swiss National Bank,rendoblid,D0(2J)
2021-06-14,-0.781000,Swiss National Bank,rendoblid,D0(2J)
2021-06-15,-0.767000,Swiss National Bank,rendoblid,D0(2J)
2021-06-16,-0.770000,Swiss National Bank,rendoblid,D0(2J)
2021-06-17,-0.751000,Swiss National Bank,rendoblid,D0(2J)
2021-06-18,-0.763000,Swiss National Bank,rendoblid,D0(2J)
2021-06-21,-0.757000,Swiss National Bank,rendoblid,D0(2J)
2021-06-22,-0.749000,Swiss National Bank,rendoblid,D0(2J)
2021-06-23,-0.752000,Swiss National Bank,rendoblid,D0(2J)
2021-06-24,-0.748000,Swiss National Bank,rendoblid,D0(2J)
2021-06-25,-0.759000,Swiss National Bank,rendoblid,D0(2J)
2021-06-28,-0.762000,Swiss National Bank,rendoblid,D0(2J)
2021-06-29,-0.754000,Swiss National Bank,rendoblid,D0(2J)
2021-06-30,-0.758000,Swiss National Bank,rendoblid,D0(2J)
2021-07-01,-0.754000,Swiss National Bank,rendoblid,D0(2J)
2021-07-02,-0.754000,Swiss National Bank,rendoblid,D0(2J)
2021-07-05,-0.767000,Swiss National Bank,rendoblid,D0(2J)
2021-07-06,-0.761000,Swiss National Bank,rendoblid,D0(2J)
2021-07-07,-0.775000,Swiss National Bank,rendoblid,D0(2J)
2021-07-08,-0.778000,Swiss National Bank,rendoblid,D0(2J)
2021-07-09,-0.778000,Swiss National Bank,rendoblid,D0(2J)
2021-07-12,-0.804000,Swiss National Bank,rendoblid,D0(2J)
2021-07-13,-0.790000,Swiss National Bank,rendoblid,D0(2J)
2021-07-14,-0.791000,Swiss National Bank,rendoblid,D0(2J)
2021-07-15,-0.795000,Swiss National Bank,rendoblid,D0(2J)
2021-07-16,-0.786000,Swiss National Bank,rendoblid,D0(2J)
2021-07-19,-0.798000,Swiss National Bank,rendoblid,D0(2J)
2021-07-20,-0.807000,Swiss National Bank,rendoblid,D0(2J)
2021-07-21,-0.811000,Swiss National Bank,rendoblid,D0(2J)
2021-07-22,-0.792000,Swiss National Bank,rendoblid,D0(2J)
2021-07-23,-0.794000,Swiss National Bank,rendoblid,D0(2J)
2021-07-26,-0.805000,Swiss National Bank,rendoblid,D0(2J)
2021-07-27,-0.808000,Swiss National Bank,rendoblid,D0(2J)
2021-07-28,-0.798000,Swiss National Bank,rendoblid,D0(2J)
2021-07-29,-0.791000,Swiss National Bank,rendoblid,D0(2J)
2021-07-30,-0.800000,Swiss National Bank,rendoblid,D0(2J)
2021-08-02,-0.799000,Swiss National Bank,rendoblid,D0(2J)
2021-08-03,-0.804000,Swiss National Bank,rendoblid,D0(2J)
2021-08-04,-0.808000,Swiss National Bank,rendoblid,D0(2J)
2021-08-05,-0.802000,Swiss National Bank,rendoblid,D0(2J)
2021-08-06,-0.794000,Swiss National Bank,rendoblid,D0(2J)
2021-08-09,-0.816000,Swiss National Bank,rendoblid,D0(2J)
2021-08-10,-0.793000,Swiss National Bank,rendoblid,D0(2J)
2021-08-11,-0.796000,Swiss National Bank,rendoblid,D0(2J)
2021-08-12,-0.801000,Swiss National Bank,rendoblid,D0(2J)
2021-08-13,-0.798000,Swiss National Bank,rendoblid,D0(2J)
2021-08-16,-0.794000,Swiss National Bank,rendoblid,D0(2J)
2021-08-17,-0.787000,Swiss National Bank,rendoblid,D0(2J)
2021-08-18,-0.790000,Swiss National Bank,rendoblid,D0(2J)
2021-08-19,-0.779000,Swiss National Bank,rendoblid,D0(2J)
2021-08-20,-0.773000,Swiss National Bank,rendoblid,D0(2J)
2021-08-23,-0.777000,Swiss National Bank,rendoblid,D0(2J)
2021-08-24,-0.782000,Swiss National Bank,rendoblid,D0(2J)
2021-08-25,-0.779000,Swiss National Bank,rendoblid,D0(2J)
2021-08-26,-0.766000,Swiss National Bank,rendoblid,D0(2J)
2021-08-27,-0.772000,Swiss National Bank,rendoblid,D0(2J)
2021-08-30,-0.786000,Swiss National Bank,rendoblid,D0(2J)
2021-08-31,-0.771000,Swiss National Bank,rendoblid,D0(2J)
2021-09-01,-0.774000,Swiss National Bank,rendoblid,D0(2J)
2021-09-02,-0.762000,Swiss National Bank,rendoblid,D0(2J)
2021-09-03,-0.768000,Swiss National Bank,rendoblid,D0(2J)
2021-09-06,-0.766000,Swiss National Bank,rendoblid,D0(2J)
2021-09-07,-0.760000,Swiss National Bank,rendoblid,D0(2J)
2021-09-08,-0.737000,Swiss National Bank,rendoblid,D0(2J)
2021-09-09,-0.747000,Swiss National Bank,rendoblid,D0(2J)
2021-09-10,-0.751000,Swiss National Bank,rendoblid,D0(2J)
2021-09-13,-0.756000,Swiss National Bank,rendoblid,D0(2J)
2021-09-14,-0.750000,Swiss National Bank,rendoblid,D0(2J)
2021-09-15,-0.748000,Swiss National Bank,rendoblid,D0(2J)
2021-09-16,-0.726000,Swiss National Bank,rendoblid,D0(2J)
2021-09-17,-0.726000,Swiss National Bank,rendoblid,D0(2J)
2021-09-20,-0.748000,Swiss National Bank,rendoblid,D0(2J)
2021-09-21,-0.748000,Swiss National Bank,rendoblid,D0(2J)
2021-09-22,-0.752000,Swiss National Bank,rendoblid,D0(2J)
2021-09-23,-0.731000,Swiss National Bank,rendoblid,D0(2J)
2021-09-24,-0.697000,Swiss National Bank,rendoblid,D0(2J)
2021-09-27,-0.713000,Swiss National Bank,rendoblid,D0(2J)
2021-09-28,-0.717000,Swiss National Bank,rendoblid,D0(2J)
2021-09-29,-0.718000,Swiss National Bank,rendoblid,D0(2J)
2021-09-30,-0.713000,Swiss National Bank,rendoblid,D0(2J)
2021-10-01,-0.715000,Swiss National Bank,rendoblid,D0(2J)
2021-10-04,-0.733000,Swiss National Bank,rendoblid,D0(2J)
2021-10-05,-0.736000,Swiss National Bank,rendoblid,D0(2J)
2021-10-06,-0.717000,Swiss National Bank,rendoblid,D0(2J)
2021-10-07,-0.715000,Swiss National Bank,rendoblid,D0(2J)
2021-10-08,-0.704000,Swiss National Bank,rendoblid,D0(2J)
2021-10-11,-0.700000,Swiss National Bank,rendoblid,D0(2J)
2021-10-12,-0.697000,Swiss National Bank,rendoblid,D0(2J)
2021-10-13,-0.682000,Swiss National Bank,rendoblid,D0(2J)
2021-10-14,-0.682000,Swiss National Bank,rendoblid,D0(2J)
2021-10-15,-0.694000,Swiss National Bank,rendoblid,D0(2J)
2021-10-18,-0.666000,Swiss National Bank,rendoblid,D0(2J)
2021-10-19,-0.676000,Swiss National Bank,rendoblid,D0(2J)
2021-10-20,-0.653000,Swiss National Bank,rendoblid,D0(2J)
2021-10-21,-0.653000,Swiss National Bank,rendoblid,D0(2J)
2021-10-22,-0.624000,Swiss National Bank,rendoblid,D0(2J)
2021-10-25,-0.647000,Swiss National Bank,rendoblid,D0(2J)
2021-10-26,-0.658000,Swiss National Bank,rendoblid,D0(2J)
2021-10-27,-0.646000,Swiss National Bank,rendoblid,D0(2J)
2021-10-28,-0.602000,Swiss National Bank,rendoblid,D0(2J)
2021-10-29,-0.559000,Swiss National Bank,rendoblid,D0(2J)
2021-11-01,-0.574000,Swiss National Bank,rendoblid,D0(2J)
2021-11-02,-0.623000,Swiss National Bank,rendoblid,D0(2J)
2021-11-03,-0.640000,Swiss National Bank,rendoblid,D0(2J)
2021-11-04,-0.649000,Swiss National Bank,rendoblid,D0(2J)
2021-11-05,-0.678000,Swiss National Bank,rendoblid,D0(2J)
2021-11-08,-0.690000,Swiss National Bank,rendoblid,D0(2J)
2021-11-09,-0.682000,Swiss National Bank,rendoblid,D0(2J)
2021-11-10,-0.672000,Swiss National Bank,rendoblid,D0(2J)
2021-11-11,-0.620000,Swiss National Bank,rendoblid,D0(2J)
2021-11-12,-0.610000,Swiss National Bank,rendoblid,D0(2J)
2021-11-15,-0.665000,Swiss National Bank,rendoblid,D0(2J)
2021-11-16,-0.668000,Swiss National Bank,rendoblid,D0(2J)
2021-11-17,-0.679000,Swiss National Bank,rendoblid,D0(2J)
2021-11-18,-0.664000,Swiss National Bank,rendoblid,D0(2J)
2021-11-19,-0.666000,Swiss National Bank,rendoblid,D0(2J)
2021-11-22,-0.694000,Swiss National Bank,rendoblid,D0(2J)
2021-11-23,-0.695000,Swiss National Bank,rendoblid,D0(2J)
2021-11-24,-0.657000,Swiss National Bank,rendoblid,D0(2J)
2021-11-25,-0.686000,Swiss National Bank,rendoblid,D0(2J)
2021-11-26,-0.717000,Swiss National Bank,rendoblid,D0(2J)
2021-11-29,-0.725000,Swiss National Bank,rendoblid,D0(2J)
2021-11-30,-0.732000,Swiss National Bank,rendoblid,D0(2J)
2021-12-01,-0.693000,Swiss National Bank,rendoblid,D0(2J)
2021-12-02,-0.691000,Swiss National Bank,rendoblid,D0(2J)
2021-12-03,-0.697000,Swiss National Bank,rendoblid,D0(2J)
2021-12-06,-0.715000,Swiss National Bank,rendoblid,D0(2J)
2021-12-07,-0.726000,Swiss National Bank,rendoblid,D0(2J)
2021-12-08,-0.705000,Swiss National Bank,rendoblid,D0(2J)
2021-12-09,-0.678000,Swiss National Bank,rendoblid,D0(2J)
2021-12-10,-0.686000,Swiss National Bank,rendoblid,D0(2J)
2021-12-13,-0.709000,Swiss National Bank,rendoblid,D0(2J)
2021-12-14,-0.717000,Swiss National Bank,rendoblid,D0(2J)
2021-12-15,-0.691000,Swiss National Bank,rendoblid,D0(2J)
2021-12-16,-0.664000,Swiss National Bank,rendoblid,D0(2J)
2021-12-17,-0.665000,Swiss National Bank,rendoblid,D0(2J)
2021-12-20,-0.702000,Swiss National Bank,rendoblid,D0(2J)
2021-12-21,-0.702000,Swiss National Bank,rendoblid,D0(2J)
2021-12-22,-0.668000,Swiss National Bank,rendoblid,D0(2J)
2021-12-23,-0.652000,Swiss National Bank,rendoblid,D0(2J)
2021-12-27,-0.678000,Swiss National Bank,rendoblid,D0(2J)
2021-12-28,-0.677000,Swiss National Bank,rendoblid,D0(2J)
2021-12-29,-0.650000,Swiss National Bank,rendoblid,D0(2J)
2021-12-30,-0.623000,Swiss National Bank,rendoblid,D0(2J)
2022-01-03,-0.626000,Swiss National Bank,rendoblid,D0(2J)
2022-01-04,-0.615000,Swiss National Bank,rendoblid,D0(2J)
2022-01-05,-0.613000,Swiss National Bank,rendoblid,D0(2J)
2022-01-06,-0.586000,Swiss National Bank,rendoblid,D0(2J)
2022-01-07,-0.583000,Swiss National Bank,rendoblid,D0(2J)
2022-01-10,-0.553000,Swiss National Bank,rendoblid,D0(2J)
2022-01-11,-0.556000,Swiss National Bank,rendoblid,D0(2J)
2022-01-12,-0.551000,Swiss National Bank,rendoblid,D0(2J)
2022-01-13,-0.553000,Swiss National Bank,rendoblid,D0(2J)
2022-01-14,-0.555000,Swiss National Bank,rendoblid,D0(2J)
2022-01-17,-0.541000,Swiss National Bank,rendoblid,D0(2J)
2022-01-18,-0.539000,Swiss National Bank,rendoblid,D0(2J)
2022-01-19,-0.541000,Swiss National Bank,rendoblid,D0(2J)
2022-01-20,-0.515000,Swiss National Bank,rendoblid,D0(2J)
2022-01-21,-0.540000,Swiss National Bank,rendoblid,D0(2J)
2022-01-24,-0.564000,Swiss National Bank,rendoblid,D0(2J)
2022-01-25,-0.542000,Swiss National Bank,rendoblid,D0(2J)
2022-01-26,-0.576000,Swiss National Bank,rendoblid,D0(2J)
2022-01-27,-0.545000,Swiss National Bank,rendoblid,D0(2J)
2022-01-28,-0.515000,Swiss National Bank,rendoblid,D0(2J)
2022-01-31,-0.524000,Swiss National Bank,rendoblid,D0(2J)
2022-02-01,-0.518000,Swiss National Bank,rendoblid,D0(2J)
2022-02-02,-0.480000,Swiss National Bank,rendoblid,D0(2J)
2022-02-03,-0.462000,Swiss National Bank,rendoblid,D0(2J)
2022-02-04,-0.340000,Swiss National Bank,rendoblid,D0(2J)
2022-02-07,-0.301000,Swiss National Bank,rendoblid,D0(2J)
2022-02-08,-0.307000,Swiss National Bank,rendoblid,D0(2J)
2022-02-09,-0.389000,Swiss National Bank,rendoblid,D0(2J)
2022-02-10,-0.375000,Swiss National Bank,rendoblid,D0(2J)
2022-02-11,-0.312000,Swiss National Bank,rendoblid,D0(2J)
2022-02-14,-0.340000,Swiss National Bank,rendoblid,D0(2J)
2022-02-15,-0.313000,Swiss National Bank,rendoblid,D0(2J)
2022-02-16,-0.373000,Swiss National Bank,rendoblid,D0(2J)
2022-02-17,-0.405000,Swiss National Bank,rendoblid,D0(2J)
2022-02-18,-0.422000,Swiss National Bank,rendoblid,D0(2J)
2022-02-21,-0.466000,Swiss National Bank,rendoblid,D0(2J)
2022-02-22,-0.459000,Swiss National Bank,rendoblid,D0(2J)
2022-02-23,-0.413000,Swiss National Bank,rendoblid,D0(2J)
2022-02-24,-0.439000,Swiss National Bank,rendoblid,D0(2J)
2022-02-25,-0.418000,Swiss National Bank,rendoblid,D0(2J)
2022-02-28,-0.449000,Swiss National Bank,rendoblid,D0(2J)
2022-03-01,-0.517000,Swiss National Bank,rendoblid,D0(2J)
2022-03-02,-0.566000,Swiss National Bank,rendoblid,D0(2J)
2022-03-03,-0.502000,Swiss National Bank,rendoblid,D0(2J)
2022-03-04,-0.514000,Swiss National Bank,rendoblid,D0(2J)
2022-03-07,-0.567000,Swiss National Bank,rendoblid,D0(2J)
2022-03-08,-0.534000,Swiss National Bank,rendoblid,D0(2J)
2022-03-09,-0.524000,Swiss National Bank,rendoblid,D0(2J)
2022-03-10,-0.494000,Swiss National Bank,rendoblid,D0(2J)
2022-03-11,-0.424000,Swiss National Bank,rendoblid,D0(2J)
2022-03-14,-0.388000,Swiss National Bank,rendoblid,D0(2J)
2022-03-15,-0.391000,Swiss National Bank,rendoblid,D0(2J)
2022-03-16,-0.403000,Swiss National Bank,rendoblid,D0(2J)
2022-03-17,-0.379000,Swiss National Bank,rendoblid,D0(2J)
2022-03-18,-0.415000,Swiss National Bank,rendoblid,D0(2J)
2022-03-21,-0.417000,Swiss National Bank,rendoblid,D0(2J)
2022-03-22,-0.365000,Swiss National Bank,rendoblid,D0(2J)
2022-03-23,-0.385000,Swiss National Bank,rendoblid,D0(2J)
2022-03-24,-0.369000,Swiss National Bank,rendoblid,D0(2J)
2022-03-25,-0.338000,Swiss National Bank,rendoblid,D0(2J)
2022-03-28,-0.248000,Swiss National Bank,rendoblid,D0(2J)
2022-03-29,-0.245000,Swiss National Bank,rendoblid,D0(2J)
2022-03-30,-0.187000,Swiss National Bank,rendoblid,D0(2J)
2022-03-31,-0.204000,Swiss National Bank,rendoblid,D0(2J)
2022-04-01,-0.218000,Swiss National Bank,rendoblid,D0(2J)
2022-04-04,-0.268000,Swiss National Bank,rendoblid,D0(2J)
2022-04-05,-0.245000,Swiss National Bank,rendoblid,D0(2J)
2022-04-06,-0.206000,Swiss National Bank,rendoblid,D0(2J)
2022-04-07,-0.223000,Swiss National Bank,rendoblid,D0(2J)
2022-04-08,-0.195000,Swiss National Bank,rendoblid,D0(2J)
2022-04-11,-0.151000,Swiss National Bank,rendoblid,D0(2J)
2022-04-12,-0.085000,Swiss National Bank,rendoblid,D0(2J)
2022-04-13,-0.098000,Swiss National Bank,rendoblid,D0(2J)
2022-04-14,-0.168000,Swiss National Bank,rendoblid,D0(2J)
2022-04-19,-0.172000,Swiss National Bank,rendoblid,D0(2J)
2022-04-20,-0.202000,Swiss National Bank,rendoblid,D0(2J)
2022-04-21,-0.144000,Swiss National Bank,rendoblid,D0(2J)
2022-04-22,-0.105000,Swiss National Bank,rendoblid,D0(2J)
2022-04-25,-0.117000,Swiss National Bank,rendoblid,D0(2J)
2022-04-26,-0.144000,Swiss National Bank,rendoblid,D0(2J)
2022-04-27,-0.157000,Swiss National Bank,rendoblid,D0(2J)
2022-04-28,-0.166000,Swiss National Bank,rendoblid,D0(2J)
2022-04-29,-0.091000,Swiss National Bank,rendoblid,D0(2J)
2022-05-02,-0.122000,Swiss National Bank,rendoblid,D0(2J)
2022-05-03,-0.107000,Swiss National Bank,rendoblid,D0(2J)
2022-05-04,-0.069000,Swiss National Bank,rendoblid,D0(2J)
2022-05-05,-0.101000,Swiss National Bank,rendoblid,D0(2J)
2022-05-06,-0.075000,Swiss National Bank,rendoblid,D0(2J)
2022-05-09,-0.085000,Swiss National Bank,rendoblid,D0(2J)
2022-05-10,-0.137000,Swiss National Bank,rendoblid,D0(2J)
2022-05-11,-0.190000,Swiss National Bank,rendoblid,D0(2J)
2022-05-12,-0.277000,Swiss National Bank,rendoblid,D0(2J)
2022-05-13,-0.315000,Swiss National Bank,rendoblid,D0(2J)
2022-05-16,-0.245000,Swiss National Bank,rendoblid,D0(2J)
2022-05-17,-0.216000,Swiss National Bank,rendoblid,D0(2J)
2022-05-18,-0.199000,Swiss National Bank,rendoblid,D0(2J)
2022-05-19,-0.223000,Swiss National Bank,rendoblid,D0(2J)
2022-05-20,-0.153000,Swiss National Bank,rendoblid,D0(2J)
2022-05-23,-0.248000,Swiss National Bank,rendoblid,D0(2J)
2022-05-24,-0.214000,Swiss National Bank,rendoblid,D0(2J)
2022-05-25,-0.239000,Swiss National Bank,rendoblid,D0(2J)
2022-05-27,-0.191000,Swiss National Bank,rendoblid,D0(2J)
2022-05-30,-0.159000,Swiss National Bank,rendoblid,D0(2J)
2022-05-31,-0.128000,Swiss National Bank,rendoblid,D0(2J)
2022-06-01,-0.038000,Swiss National Bank,rendoblid,D0(2J)
2022-06-02,0.042000,Swiss National Bank,rendoblid,D0(2J)
2022-06-03,0.088000,Swiss National Bank,rendoblid,D0(2J)
2022-06-07,0.096000,Swiss National Bank,rendoblid,D0(2J)
2022-06-08,0.111000,Swiss National Bank,rendoblid,D0(2J)
2022-06-09,0.004000,Swiss National Bank,rendoblid,D0(2J)
2022-06-10,0.184000,Swiss National Bank,rendoblid,D0(2J)
2022-06-13,0.319000,Swiss National Bank,rendoblid,D0(2J)
2022-06-14,0.460000,Swiss National Bank,rendoblid,D0(2J)
2022-06-15,0.465000,Swiss National Bank,rendoblid,D0(2J)
2022-06-16,0.432000,Swiss National Bank,rendoblid,D0(2J)
2022-06-17,0.450000,Swiss National Bank,rendoblid,D0(2J)
2022-06-20,0.406000,Swiss National Bank,rendoblid,D0(2J)
2022-06-21,0.478000,Swiss National Bank,rendoblid,D0(2J)
2022-06-22,0.424000,Swiss National Bank,rendoblid,D0(2J)
2022-06-23,0.237000,Swiss National Bank,rendoblid,D0(2J)
2022-06-24,0.172000,Swiss National Bank,rendoblid,D0(2J)
2022-06-27,0.204000,Swiss National Bank,rendoblid,D0(2J)
2022-06-28,0.328000,Swiss National Bank,rendoblid,D0(2J)
2022-06-29,0.223000,Swiss National Bank,rendoblid,D0(2J)
2022-06-30,0.104000,Swiss National Bank,rendoblid,D0(2J)
2022-07-01,-0.017000,Swiss National Bank,rendoblid,D0(2J)
2022-07-04,-0.109000,Swiss National Bank,rendoblid,D0(2J)
2022-07-05,-0.088000,Swiss National Bank,rendoblid,D0(2J)
2022-07-06,-0.165000,Swiss National Bank,rendoblid,D0(2J)
2022-07-07,-0.094000,Swiss National Bank,rendoblid,D0(2J)
2022-07-08,-0.068000,Swiss National Bank,rendoblid,D0(2J)
2022-07-11,-0.113000,Swiss National Bank,rendoblid,D0(2J)
2022-07-12,-0.182000,Swiss National Bank,rendoblid,D0(2J)
2022-07-13,-0.193000,Swiss National Bank,rendoblid,D0(2J)
2022-07-14,0.030000,Swiss National Bank,rendoblid,D0(2J)
2022-07-15,-0.039000,Swiss National Bank,rendoblid,D0(2J)
2022-07-18,0.009000,Swiss National Bank,rendoblid,D0(2J)
2022-07-19,0.091000,Swiss National Bank,rendoblid,D0(2J)
2022-07-20,0.107000,Swiss National Bank,rendoblid,D0(2J)
2022-07-21,0.165000,Swiss National Bank,rendoblid,D0(2J)
2022-07-22,0.045000,Swiss National Bank,rendoblid,D0(2J)
2022-07-25,-0.038000,Swiss National Bank,rendoblid,D0(2J)
2022-07-26,-0.045000,Swiss National Bank,rendoblid,D0(2J)
2022-07-27,-0.063000,Swiss National Bank,rendoblid,D0(2J)
2022-07-28,-0.054000,Swiss National Bank,rendoblid,D0(2J)
2022-07-29,-0.040000,Swiss National Bank,rendoblid,D0(2J)
2022-08-02,-0.111000,Swiss National Bank,rendoblid,D0(2J)
2022-08-03,0.047000,Swiss National Bank,rendoblid,D0(2J)
2022-08-04,0.074000,Swiss National Bank,rendoblid,D0(2J)
2022-08-05,0.039000,Swiss National Bank,rendoblid,D0(2J)
2022-08-08,0.044000,Swiss National Bank,rendoblid,D0(2J)
2022-08-09,0.049000,Swiss National Bank,rendoblid,D0(2J)
2022-08-10,0.084000,Swiss National Bank,rendoblid,D0(2J)
2022-08-11,0.064000,Swiss National Bank,rendoblid,D0(2J)
2022-08-12,0.084000,Swiss National Bank,rendoblid,D0(2J)
2022-08-15,0.075000,Swiss National Bank,rendoblid,D0(2J)
2022-08-16,0.057000,Swiss National Bank,rendoblid,D0(2J)
2022-08-17,0.139000,Swiss National Bank,rendoblid,D0(2J)
2022-08-18,0.224000,Swiss National Bank,rendoblid,D0(2J)
2022-08-19,0.268000,Swiss National Bank,rendoblid,D0(2J)
2022-08-22,0.266000,Swiss National Bank,rendoblid,D0(2J)
2022-08-23,0.391000,Swiss National Bank,rendoblid,D0(2J)
2022-08-24,0.377000,Swiss National Bank,rendoblid,D0(2J)
2022-08-25,0.392000,Swiss National Bank,rendoblid,D0(2J)
2022-08-26,0.422000,Swiss National Bank,rendoblid,D0(2J)
2022-08-29,0.569000,Swiss National Bank,rendoblid,D0(2J)
2022-08-30,0.497000,Swiss National Bank,rendoblid,D0(2J)
2022-08-31,0.557000,Swiss National Bank,rendoblid,D0(2J)
2022-09-01,0.620000,Swiss National Bank,rendoblid,D0(2J)
2022-09-02,0.585000,Swiss National Bank,rendoblid,D0(2J)
2022-09-05,0.597000,Swiss National Bank,rendoblid,D0(2J)
2022-09-06,0.601000,Swiss National Bank,rendoblid,D0(2J)
2022-09-07,0.573000,Swiss National Bank,rendoblid,D0(2J)
2022-09-08,0.553000,Swiss National Bank,rendoblid,D0(2J)
2022-09-09,0.746000,Swiss National Bank,rendoblid,D0(2J)
2022-09-12,0.732000,Swiss National Bank,rendoblid,D0(2J)
2022-09-13,0.777000,Swiss National Bank,rendoblid,D0(2J)
2022-09-14,0.888000,Swiss National Bank,rendoblid,D0(2J)
2022-09-15,0.909000,Swiss National Bank,rendoblid,D0(2J)
2022-09-16,0.942000,Swiss National Bank,rendoblid,D0(2J)
2022-09-19,0.882000,Swiss National Bank,rendoblid,D0(2J)
2022-09-20,1.002000,Swiss National Bank,rendoblid,D0(2J)
2022-09-21,0.967000,Swiss National Bank,rendoblid,D0(2J)
2022-09-22,1.022000,Swiss National Bank,rendoblid,D0(2J)
2022-09-23,0.905000,Swiss National Bank,rendoblid,D0(2J)
2022-09-26,0.950000,Swiss National Bank,rendoblid,D0(2J)
2022-09-27,0.897000,Swiss National Bank,rendoblid,D0(2J)
2022-09-28,0.853000,Swiss National Bank,rendoblid,D0(2J)
2022-09-29,0.695000,Swiss National Bank,rendoblid,D0(2J)
2022-09-30,0.629000,Swiss National Bank,rendoblid,D0(2J)
2022-10-03,0.634000,Swiss National Bank,rendoblid,D0(2J)
2022-10-04,0.368000,Swiss National Bank,rendoblid,D0(2J)
2022-10-05,0.432000,Swiss National Bank,rendoblid,D0(2J)
2022-10-06,0.549000,Swiss National Bank,rendoblid,D0(2J)
2022-10-07,0.596000,Swiss National Bank,rendoblid,D0(2J)
2022-10-10,0.602000,Swiss National Bank,rendoblid,D0(2J)
2022-10-11,0.674000,Swiss National Bank,rendoblid,D0(2J)
2022-10-12,0.676000,Swiss National Bank,rendoblid,D0(2J)
2022-10-13,0.547000,Swiss National Bank,rendoblid,D0(2J)
2022-10-14,0.534000,Swiss National Bank,rendoblid,D0(2J)
2022-10-17,0.528000,Swiss National Bank,rendoblid,D0(2J)
2022-10-18,0.514000,Swiss National Bank,rendoblid,D0(2J)
2022-10-19,0.556000,Swiss National Bank,rendoblid,D0(2J)
2022-10-20,0.650000,Swiss National Bank,rendoblid,D0(2J)
2022-10-21,0.641000,Swiss National Bank,rendoblid,D0(2J)
2022-10-24,0.540000,Swiss National Bank,rendoblid,D0(2J)
2022-10-25,0.543000,Swiss National Bank,rendoblid,D0(2J)
2022-10-26,0.518000,Swiss National Bank,rendoblid,D0(2J)
2022-10-27,0.586000,Swiss National Bank,rendoblid,D0(2J)
2022-10-28,0.463000,Swiss National Bank,rendoblid,D0(2J)
2022-10-31,0.533000,Swiss National Bank,rendoblid,D0(2J)
2022-11-01,0.525000,Swiss National Bank,rendoblid,D0(2J)
2022-11-02,0.540000,Swiss National Bank,rendoblid,D0(2J)
2022-11-03,0.571000,Swiss National Bank,rendoblid,D0(2J)
2022-11-04,0.544000,Swiss National Bank,rendoblid,D0(2J)
2022-11-07,0.559000,Swiss National Bank,rendoblid,D0(2J)
2022-11-08,0.528000,Swiss National Bank,rendoblid,D0(2J)
2022-11-09,0.559000,Swiss National Bank,rendoblid,D0(2J)
2022-11-10,0.597000,Swiss National Bank,rendoblid,D0(2J)
2022-11-11,0.591000,Swiss National Bank,rendoblid,D0(2J)
2022-11-14,0.693000,Swiss National Bank,rendoblid,D0(2J)
2022-11-15,0.782000,Swiss National Bank,rendoblid,D0(2J)
2022-11-16,0.744000,Swiss National Bank,rendoblid,D0(2J)
2022-11-17,0.760000,Swiss National Bank,rendoblid,D0(2J)
2022-11-18,0.758000,Swiss National Bank,rendoblid,D0(2J)
2022-11-21,0.776000,Swiss National Bank,rendoblid,D0(2J)
2022-11-22,0.762000,Swiss National Bank,rendoblid,D0(2J)
2022-11-23,0.765000,Swiss National Bank,rendoblid,D0(2J)
2022-11-24,0.762000,Swiss National Bank,rendoblid,D0(2J)
2022-11-25,0.847000,Swiss National Bank,rendoblid,D0(2J)
2022-11-28,0.878000,Swiss National Bank,rendoblid,D0(2J)
2022-11-29,0.841000,Swiss National Bank,rendoblid,D0(2J)
2022-11-30,0.892000,Swiss National Bank,rendoblid,D0(2J)
2022-12-01,0.848000,Swiss National Bank,rendoblid,D0(2J)
2022-12-02,0.827000,Swiss National Bank,rendoblid,D0(2J)
2022-12-05,0.868000,Swiss National Bank,rendoblid,D0(2J)
2022-12-06,0.847000,Swiss National Bank,rendoblid,D0(2J)
2022-12-07,0.863000,Swiss National Bank,rendoblid,D0(2J)
2022-12-08,0.887000,Swiss National Bank,rendoblid,D0(2J)
2022-12-09,0.889000,Swiss National Bank,rendoblid,D0(2J)
2022-12-12,0.886000,Swiss National Bank,rendoblid,D0(2J)
2022-12-13,0.963000,Swiss National Bank,rendoblid,D0(2J)
2022-12-14,0.902000,Swiss National Bank,rendoblid,D0(2J)
2022-12-15,0.935000,Swiss National Bank,rendoblid,D0(2J)
2022-12-16,1.025000,Swiss National Bank,rendoblid,D0(2J)
2022-12-19,1.009000,Swiss National Bank,rendoblid,D0(2J)
2022-12-20,1.042000,Swiss National Bank,rendoblid,D0(2J)
2022-12-21,1.116000,Swiss National Bank,rendoblid,D0(2J)
2022-12-22,1.202000,Swiss National Bank,rendoblid,D0(2J)
2022-12-23,1.235000,Swiss National Bank,rendoblid,D0(2J)
2022-12-27,1.285000,Swiss National Bank,rendoblid,D0(2J)
2022-12-28,1.314000,Swiss National Bank,rendoblid,D0(2J)
2022-12-29,1.215000,Swiss National Bank,rendoblid,D0(2J)
2022-12-30,1.245000,Swiss National Bank,rendoblid,D0(2J)
2023-01-03,1.197000,Swiss National Bank,rendoblid,D0(2J)
2023-01-04,1.094000,Swiss National Bank,rendoblid,D0(2J)
2023-01-05,1.184000,Swiss National Bank,rendoblid,D0(2J)
2023-01-06,1.209000,Swiss National Bank,rendoblid,D0(2J)
2023-01-09,1.154000,Swiss National Bank,rendoblid,D0(2J)
2023-01-10,1.149000,Swiss National Bank,rendoblid,D0(2J)
2023-01-11,1.094000,Swiss National Bank,rendoblid,D0(2J)
2023-01-12,1.038000,Swiss National Bank,rendoblid,D0(2J)
2023-01-13,0.957000,Swiss National Bank,rendoblid,D0(2J)
2023-01-16,1.022000,Swiss National Bank,rendoblid,D0(2J)
2023-01-17,1.008000,Swiss National Bank,rendoblid,D0(2J)
2023-01-18,0.958000,Swiss National Bank,rendoblid,D0(2J)
2023-01-19,0.940000,Swiss National Bank,rendoblid,D0(2J)
2023-01-20,1.001000,Swiss National Bank,rendoblid,D0(2J)
2023-01-23,0.998000,Swiss National Bank,rendoblid,D0(2J)
2023-01-24,1.007000,Swiss National Bank,rendoblid,D0(2J)
2023-01-25,0.952000,Swiss National Bank,rendoblid,D0(2J)
2023-01-26,0.978000,Swiss National Bank,rendoblid,D0(2J)
2023-01-27,0.995000,Swiss National Bank,rendoblid,D0(2J)
2023-01-30,1.025000,Swiss National Bank,rendoblid,D0(2J)
2023-01-31,0.996000,Swiss National Bank,rendoblid,D0(2J)
2023-02-01,0.992000,Swiss National Bank,rendoblid,D0(2J)
2023-02-02,1.000000,Swiss National Bank,rendoblid,D0(2J)
2023-02-03,0.959000,Swiss National Bank,rendoblid,D0(2J)
2023-02-06,1.033000,Swiss National Bank,rendoblid,D0(2J)
2023-02-07,1.099000,Swiss National Bank,rendoblid,D0(2J)
2023-02-08,1.078000,Swiss National Bank,rendoblid,D0(2J)
2023-02-09,1.046000,Swiss National Bank,rendoblid,D0(2J)
2023-02-10,1.083000,Swiss National Bank,rendoblid,D0(2J)
2023-02-13,1.100000,Swiss National Bank,rendoblid,D0(2J)
2023-02-14,1.100000,Swiss National Bank,rendoblid,D0(2J)
2023-02-15,1.107000,Swiss National Bank,rendoblid,D0(2J)
2023-02-16,1.098000,Swiss National Bank,rendoblid,D0(2J)
2023-02-17,1.177000,Swiss National Bank,rendoblid,D0(2J)
2023-02-20,1.152000,Swiss National Bank,rendoblid,D0(2J)
2023-02-21,1.236000,Swiss National Bank,rendoblid,D0(2J)
2023-02-22,1.185000,Swiss National Bank,rendoblid,D0(2J)
2023-02-23,1.142000,Swiss National Bank,rendoblid,D0(2J)
2023-02-24,1.240000,Swiss National Bank,rendoblid,D0(2J)
2023-02-27,1.183000,Swiss National Bank,rendoblid,D0(2J)
2023-02-28,1.245000,Swiss National Bank,rendoblid,D0(2J)
2023-03-01,1.275000,Swiss National Bank,rendoblid,D0(2J)
2023-03-02,1.332000,Swiss National Bank,rendoblid,D0(2J)
2023-03-03,1.375000,Swiss National Bank,rendoblid,D0(2J)
2023-03-06,1.433000,Swiss National Bank,rendoblid,D0(2J)
2023-03-07,1.572000,Swiss National Bank,rendoblid,D0(2J)
2023-03-08,1.638000,Swiss National Bank,rendoblid,D0(2J)
2023-03-09,1.532000,Swiss National Bank,rendoblid,D0(2J)
2023-03-10,1.475000,Swiss National Bank,rendoblid,D0(2J)
2023-03-13,1.176000,Swiss National Bank,rendoblid,D0(2J)
2023-03-14,0.980000,Swiss National Bank,rendoblid,D0(2J)
2023-03-15,1.060000,Swiss National Bank,rendoblid,D0(2J)
2023-03-16,0.817000,Swiss National Bank,rendoblid,D0(2J)
2023-03-17,0.666000,Swiss National Bank,rendoblid,D0(2J)
2023-03-20,0.511000,Swiss National Bank,rendoblid,D0(2J)
2023-03-21,0.858000,Swiss National Bank,rendoblid,D0(2J)
2023-03-22,0.943000,Swiss National Bank,rendoblid,D0(2J)
2023-03-23,0.963000,Swiss National Bank,rendoblid,D0(2J)
2023-03-24,0.901000,Swiss National Bank,rendoblid,D0(2J)
2023-03-27,0.844000,Swiss National Bank,rendoblid,D0(2J)
2023-03-28,0.944000,Swiss National Bank,rendoblid,D0(2J)
2023-03-29,1.059000,Swiss National Bank,rendoblid,D0(2J)
2023-03-30,0.979000,Swiss National Bank,rendoblid,D0(2J)
2023-03-31,1.059000,Swiss National Bank,rendoblid,D0(2J)
2023-04-03,1.099000,Swiss National Bank,rendoblid,D0(2J)
2023-04-04,1.107000,Swiss National Bank,rendoblid,D0(2J)
2023-04-05,1.092000,Swiss National Bank,rendoblid,D0(2J)
2023-04-06,0.972000,Swiss National Bank,rendoblid,D0(2J)
2023-04-11,1.006000,Swiss National Bank,rendoblid,D0(2J)
2023-04-12,1.103000,Swiss National Bank,rendoblid,D0(2J)
2023-04-13,0.953000,Swiss National Bank,rendoblid,D0(2J)
2023-04-14,0.973000,Swiss National Bank,rendoblid,D0(2J)
2023-04-17,0.966000,Swiss National Bank,rendoblid,D0(2J)
2023-04-18,1.047000,Swiss National Bank,rendoblid,D0(2J)
2023-04-19,1.020000,Swiss National Bank,rendoblid,D0(2J)
2023-04-20,1.011000,Swiss National Bank,rendoblid,D0(2J)
2023-04-21,0.981000,Swiss National Bank,rendoblid,D0(2J)
2023-04-24,0.973000,Swiss National Bank,rendoblid,D0(2J)
2023-04-25,1.007000,Swiss National Bank,rendoblid,D0(2J)
2023-04-26,0.925000,Swiss National Bank,rendoblid,D0(2J)
2023-04-27,1.004000,Swiss National Bank,rendoblid,D0(2J)
2023-04-28,0.975000,Swiss National Bank,rendoblid,D0(2J)
2023-05-02,0.960000,Swiss National Bank,rendoblid,D0(2J)
2023-05-03,0.944000,Swiss National Bank,rendoblid,D0(2J)
2023-05-04,1.004000,Swiss National Bank,rendoblid,D0(2J)
2023-05-05,0.913000,Swiss National Bank,rendoblid,D0(2J)
2023-05-08,1.009000,Swiss National Bank,rendoblid,D0(2J)
2023-05-09,0.918000,Swiss National Bank,rendoblid,D0(2J)
2023-05-10,0.936000,Swiss National Bank,rendoblid,D0(2J)
2023-05-11,0.849000,Swiss National Bank,rendoblid,D0(2J)
2023-05-12,0.895000,Swiss National Bank,rendoblid,D0(2J)
2023-05-15,0.863000,Swiss National Bank,rendoblid,D0(2J)
2023-05-16,0.868000,Swiss National Bank,rendoblid,D0(2J)
2023-05-17,0.843000,Swiss National Bank,rendoblid,D0(2J)
2023-05-19,0.894000,Swiss National Bank,rendoblid,D0(2J)
2023-05-22,0.875000,Swiss National Bank,rendoblid,D0(2J)
2023-05-23,0.943000,Swiss National Bank,rendoblid,D0(2J)
2023-05-24,0.955000,Swiss National Bank,rendoblid,D0(2J)
2023-05-25,0.955000,Swiss National Bank,rendoblid,D0(2J)
2023-05-26,1.013000,Swiss National Bank,rendoblid,D0(2J)
2023-05-30,0.952000,Swiss National Bank,rendoblid,D0(2J)
2023-05-31,0.892000,Swiss National Bank,rendoblid,D0(2J)
2023-06-01,0.912000,Swiss National Bank,rendoblid,D0(2J)
2023-06-02,0.873000,Swiss National Bank,rendoblid,D0(2J)
2023-06-05,0.954000,Swiss National Bank,rendoblid,D0(2J)
2023-06-06,0.938000,Swiss National Bank,rendoblid,D0(2J)
2023-06-07,0.960000,Swiss National Bank,rendoblid,D0(2J)
2023-06-08,0.961000,Swiss National Bank,rendoblid,D0(2J)
2023-06-09,1.046000,Swiss National Bank,rendoblid,D0(2J)
2023-06-12,1.079000,Swiss National Bank,rendoblid,D0(2J)
2023-06-13,1.063000,Swiss National Bank,rendoblid,D0(2J)
2023-06-14,1.180000,Swiss National Bank,rendoblid,D0(2J)
2023-06-15,1.213000,Swiss National Bank,rendoblid,D0(2J)
2023-06-16,1.290000,Swiss National Bank,rendoblid,D0(2J)
2023-06-19,1.286000,Swiss National Bank,rendoblid,D0(2J)
2023-06-20,1.274000,Swiss National Bank,rendoblid,D0(2J)
2023-06-21,1.263000,Swiss National Bank,rendoblid,D0(2J)
2023-06-22,1.198000,Swiss National Bank,rendoblid,D0(2J)
2023-06-23,1.168000,Swiss National Bank,rendoblid,D0(2J)
2023-06-26,1.124000,Swiss National Bank,rendoblid,D0(2J)
2023-06-27,1.142000,Swiss National Bank,rendoblid,D0(2J)
2023-06-28,1.216000,Swiss National Bank,rendoblid,D0(2J)
2023-06-29,1.229000,Swiss National Bank,rendoblid,D0(2J)
2023-06-30,1.260000,Swiss National Bank,rendoblid,D0(2J)
2023-07-03,1.237000,Swiss National Bank,rendoblid,D0(2J)
2023-07-04,1.235000,Swiss National Bank,rendoblid,D0(2J)
2023-07-05,1.193000,Swiss National Bank,rendoblid,D0(2J)
2023-07-06,1.230000,Swiss National Bank,rendoblid,D0(2J)
2023-07-07,1.290000,Swiss National Bank,rendoblid,D0(2J)
2023-07-10,1.308000,Swiss National Bank,rendoblid,D0(2J)
2023-07-11,1.290000,Swiss National Bank,rendoblid,D0(2J)
2023-07-12,1.292000,Swiss National Bank,rendoblid,D0(2J)
2023-07-13,1.194000,Swiss National Bank,rendoblid,D0(2J)
2023-07-14,1.229000,Swiss National Bank,rendoblid,D0(2J)
2023-07-17,1.199000,Swiss National Bank,rendoblid,D0(2J)
2023-07-18,1.146000,Swiss National Bank,rendoblid,D0(2J)
2023-07-19,1.108000,Swiss National Bank,rendoblid,D0(2J)
2023-07-20,1.170000,Swiss National Bank,rendoblid,D0(2J)
2023-07-21,1.226000,Swiss National Bank,rendoblid,D0(2J)
2023-07-24,1.180000,Swiss National Bank,rendoblid,D0(2J)
2023-07-25,1.158000,Swiss National Bank,rendoblid,D0(2J)
2023-07-26,1.197000,Swiss National Bank,rendoblid,D0(2J)
2023-07-27,1.255000,Swiss National Bank,rendoblid,D0(2J)
2023-07-28,1.223000,Swiss National Bank,rendoblid,D0(2J)
2023-07-31,1.222000,Swiss National Bank,rendoblid,D0(2J)
2023-08-02,1.200000,Swiss National Bank,rendoblid,D0(2J)
2023-08-03,1.139000,Swiss National Bank,rendoblid,D0(2J)
2023-08-04,1.182000,Swiss National Bank,rendoblid,D0(2J)
2023-08-07,1.170000,Swiss National Bank,rendoblid,D0(2J)
2023-08-08,1.131000,Swiss National Bank,rendoblid,D0(2J)
2023-08-09,1.106000,Swiss National Bank,rendoblid,D0(2J)
2023-08-10,1.132000,Swiss National Bank,rendoblid,D0(2J)
2023-08-11,1.139000,Swiss National Bank,rendoblid,D0(2J)
2023-08-14,1.178000,Swiss National Bank,rendoblid,D0(2J)
2023-08-15,1.194000,Swiss National Bank,rendoblid,D0(2J)
2023-08-16,1.100000,Swiss National Bank,rendoblid,D0(2J)
2023-08-17,1.114000,Swiss National Bank,rendoblid,D0(2J)
2023-08-18,1.141000,Swiss National Bank,rendoblid,D0(2J)
2023-08-21,1.084000,Swiss National Bank,rendoblid,D0(2J)
2023-08-22,1.118000,Swiss National Bank,rendoblid,D0(2J)
2023-08-23,1.064000,Swiss National Bank,rendoblid,D0(2J)
2023-08-24,1.089000,Swiss National Bank,rendoblid,D0(2J)
2023-08-25,1.090000,Swiss National Bank,rendoblid,D0(2J)
2023-08-28,1.115000,Swiss National Bank,rendoblid,D0(2J)
2023-08-29,1.102000,Swiss National Bank,rendoblid,D0(2J)
2023-08-30,1.077000,Swiss National Bank,rendoblid,D0(2J)
2023-08-31,1.082000,Swiss National Bank,rendoblid,D0(2J)
2023-09-01,1.095000,Swiss National Bank,rendoblid,D0(2J)
2023-09-04,1.032000,Swiss National Bank,rendoblid,D0(2J)
2023-09-05,1.090000,Swiss National Bank,rendoblid,D0(2J)
2023-09-06,1.038000,Swiss National Bank,rendoblid,D0(2J)
2023-09-07,1.088000,Swiss National Bank,rendoblid,D0(2J)
2023-09-08,1.110000,Swiss National Bank,rendoblid,D0(2J)
2023-09-11,1.107000,Swiss National Bank,rendoblid,D0(2J)
2023-09-12,1.201000,Swiss National Bank,rendoblid,D0(2J)
2023-09-13,1.265000,Swiss National Bank,rendoblid,D0(2J)
2023-09-14,1.260000,Swiss National Bank,rendoblid,D0(2J)
2023-09-15,1.198000,Swiss National Bank,rendoblid,D0(2J)
2023-09-18,1.262000,Swiss National Bank,rendoblid,D0(2J)
2023-09-19,1.249000,Swiss National Bank,rendoblid,D0(2J)
2023-09-20,1.299000,Swiss National Bank,rendoblid,D0(2J)
2023-09-21,1.198000,Swiss National Bank,rendoblid,D0(2J)
2023-09-22,1.145000,Swiss National Bank,rendoblid,D0(2J)
2023-09-25,1.183000,Swiss National Bank,rendoblid,D0(2J)
2023-09-26,1.158000,Swiss National Bank,rendoblid,D0(2J)
2023-09-27,1.117000,Swiss National Bank,rendoblid,D0(2J)
2023-09-28,1.114000,Swiss National Bank,rendoblid,D0(2J)
2023-09-29,1.162000,Swiss National Bank,rendoblid,D0(2J)
2023-10-02,1.250000,Swiss National Bank,rendoblid,D0(2J)
2023-10-03,1.182000,Swiss National Bank,rendoblid,D0(2J)
2023-10-04,1.180000,Swiss National Bank,rendoblid,D0(2J)
2023-10-05,1.179000,Swiss National Bank,rendoblid,D0(2J)
2023-10-06,1.206000,Swiss National Bank,rendoblid,D0(2J)
2023-10-09,1.151000,Swiss National Bank,rendoblid,D0(2J)
2023-10-10,1.155000,Swiss National Bank,rendoblid,D0(2J)
2023-10-11,1.149000,Swiss National Bank,rendoblid,D0(2J)
2023-10-12,1.216000,Swiss National Bank,rendoblid,D0(2J)
2023-10-13,1.134000,Swiss National Bank,rendoblid,D0(2J)
2023-10-16,1.198000,Swiss National Bank,rendoblid,D0(2J)
2023-10-17,1.172000,Swiss National Bank,rendoblid,D0(2J)
2023-10-18,1.192000,Swiss National Bank,rendoblid,D0(2J)
2023-10-19,1.270000,Swiss National Bank,rendoblid,D0(2J)
2023-10-20,1.139000,Swiss National Bank,rendoblid,D0(2J)
2023-10-23,1.172000,Swiss National Bank,rendoblid,D0(2J)
2023-10-24,1.198000,Swiss National Bank,rendoblid,D0(2J)
2023-10-25,1.171000,Swiss National Bank,rendoblid,D0(2J)
2023-10-26,1.194000,Swiss National Bank,rendoblid,D0(2J)
2023-10-27,1.073000,Swiss National Bank,rendoblid,D0(2J)
2023-10-30,1.144000,Swiss National Bank,rendoblid,D0(2J)
2023-10-31,1.150000,Swiss National Bank,rendoblid,D0(2J)
2023-11-01,1.195000,Swiss National Bank,rendoblid,D0(2J)
2023-11-02,1.163000,Swiss National Bank,rendoblid,D0(2J)
2023-11-03,1.189000,Swiss National Bank,rendoblid,D0(2J)
2023-11-06,1.233000,Swiss National Bank,rendoblid,D0(2J)
2023-11-07,1.171000,Swiss National Bank,rendoblid,D0(2J)
2023-11-08,1.241000,Swiss National Bank,rendoblid,D0(2J)
2023-11-09,1.243000,Swiss National Bank,rendoblid,D0(2J)
2023-11-10,1.205000,Swiss National Bank,rendoblid,D0(2J)
2023-11-13,1.271000,Swiss National Bank,rendoblid,D0(2J)
2023-11-14,1.254000,Swiss National Bank,rendoblid,D0(2J)
2023-11-15,1.212000,Swiss National Bank,rendoblid,D0(2J)
2023-11-16,1.244000,Swiss National Bank,rendoblid,D0(2J)
2023-11-17,1.212000,Swiss National Bank,rendoblid,D0(2J)
2023-11-20,1.228000,Swiss National Bank,rendoblid,D0(2J)
2023-11-21,1.225000,Swiss National Bank,rendoblid,D0(2J)
2023-11-22,1.226000,Swiss National Bank,rendoblid,D0(2J)
2023-11-23,1.250000,Swiss National Bank,rendoblid,D0(2J)
2023-11-24,1.285000,Swiss National Bank,rendoblid,D0(2J)
2023-11-27,1.261000,Swiss National Bank,rendoblid,D0(2J)
2023-11-28,1.217000,Swiss National Bank,rendoblid,D0(2J)
2023-11-29,1.190000,Swiss National Bank,rendoblid,D0(2J)
2023-11-30,1.152000,Swiss National Bank,rendoblid,D0(2J)
2023-12-01,1.101000,Swiss National Bank,rendoblid,D0(2J)
2023-12-04,0.935000,Swiss National Bank,rendoblid,D0(2J)
2023-12-05,0.991000,Swiss National Bank,rendoblid,D0(2J)
2023-12-06,1.018000,Swiss National Bank,rendoblid,D0(2J)
2023-12-07,0.985000,Swiss National Bank,rendoblid,D0(2J)
2023-12-08,1.049000,Swiss National Bank,rendoblid,D0(2J)
2023-12-11,1.033000,Swiss National Bank,rendoblid,D0(2J)
2023-12-12,1.032000,Swiss National Bank,rendoblid,D0(2J)
2023-12-13,1.023000,Swiss National Bank,rendoblid,D0(2J)
2023-12-14,0.912000,Swiss National Bank,rendoblid,D0(2J)
2023-12-15,0.931000,Swiss National Bank,rendoblid,D0(2J)
2023-12-18,0.904000,Swiss National Bank,rendoblid,D0(2J)
2023-12-19,0.959000,Swiss National Bank,rendoblid,D0(2J)
2023-12-20,0.953000,Swiss National Bank,rendoblid,D0(2J)
2023-12-21,1.001000,Swiss National Bank,rendoblid,D0(2J)
2023-12-22,0.999000,Swiss National Bank,rendoblid,D0(2J)
2023-12-27,0.986000,Swiss National Bank,rendoblid,D0(2J)
2023-12-28,0.976000,Swiss National Bank,rendoblid,D0(2J)
2023-12-29,0.992000,Swiss National Bank,rendoblid,D0(2J)
2024-01-03,1.024000,Swiss National Bank,rendoblid,D0(2J)
2024-01-04,1.038000,Swiss National Bank,rendoblid,D0(2J)
2024-01-05,1.137000,Swiss National Bank,rendoblid,D0(2J)
2024-01-08,1.108000,Swiss National Bank,rendoblid,D0(2J)
2024-01-09,1.107000,Swiss National Bank,rendoblid,D0(2J)
2024-01-10,1.099000,Swiss National Bank,rendoblid,D0(2J)
2024-01-11,1.107000,Swiss National Bank,rendoblid,D0(2J)
2024-01-12,1.029000,Swiss National Bank,rendoblid,D0(2J)
2024-01-15,1.022000,Swiss National Bank,rendoblid,D0(2J)
2024-01-16,1.018000,Swiss National Bank,rendoblid,D0(2J)
2024-01-17,1.024000,Swiss National Bank,rendoblid,D0(2J)
2024-01-18,1.054000,Swiss National Bank,rendoblid,D0(2J)
2024-01-19,1.011000,Swiss National Bank,rendoblid,D0(2J)
2024-01-22,1.025000,Swiss National Bank,rendoblid,D0(2J)
2024-01-23,1.039000,Swiss National Bank,rendoblid,D0(2J)
2024-01-24,1.036000,Swiss National Bank,rendoblid,D0(2J)
2024-01-25,1.092000,Swiss National Bank,rendoblid,D0(2J)
2024-01-26,1.010000,Swiss National Bank,rendoblid,D0(2J)
2024-01-29,0.977000,Swiss National Bank,rendoblid,D0(2J)
2024-01-30,0.940000,Swiss National Bank,rendoblid,D0(2J)
2024-01-31,0.983000,Swiss National Bank,rendoblid,D0(2J)
2024-02-01,0.964000,Swiss National Bank,rendoblid,D0(2J)
2024-02-02,0.944000,Swiss National Bank,rendoblid,D0(2J)
2024-02-05,0.965000,Swiss National Bank,rendoblid,D0(2J)
2024-02-06,1.076000,Swiss National Bank,rendoblid,D0(2J)
2024-02-07,1.059000,Swiss National Bank,rendoblid,D0(2J)
2024-02-08,1.075000,Swiss National Bank,rendoblid,D0(2J)
2024-02-09,1.111000,Swiss National Bank,rendoblid,D0(2J)
2024-02-12,1.104000,Swiss National Bank,rendoblid,D0(2J)
2024-02-13,1.006000,Swiss National Bank,rendoblid,D0(2J)
2024-02-14,0.952000,Swiss National Bank,rendoblid,D0(2J)
2024-02-15,1.016000,Swiss National Bank,rendoblid,D0(2J)
2024-02-16,0.997000,Swiss National Bank,rendoblid,D0(2J)
2024-02-19,1.027000,Swiss National Bank,rendoblid,D0(2J)
2024-02-20,1.012000,Swiss National Bank,rendoblid,D0(2J)
2024-02-21,1.015000,Swiss National Bank,rendoblid,D0(2J)
2024-02-22,1.045000,Swiss National Bank,rendoblid,D0(2J)
2024-02-23,1.045000,Swiss National Bank,rendoblid,D0(2J)
2024-02-26,1.025000,Swiss National Bank,rendoblid,D0(2J)
2024-02-27,1.073000,Swiss National Bank,rendoblid,D0(2J)
2024-02-28,1.029000,Swiss National Bank,rendoblid,D0(2J)
2024-02-29,1.047000,Swiss National Bank,rendoblid,D0(2J)
2024-03-01,1.017000,Swiss National Bank,rendoblid,D0(2J)
2024-03-04,0.973000,Swiss National Bank,rendoblid,D0(2J)
2024-03-05,0.971000,Swiss National Bank,rendoblid,D0(2J)
2024-03-06,0.959000,Swiss National Bank,rendoblid,D0(2J)
2024-03-07,0.949000,Swiss National Bank,rendoblid,D0(2J)
2024-03-08,0.961000,Swiss National Bank,rendoblid,D0(2J)
2024-03-11,0.957000,Swiss National Bank,rendoblid,D0(2J)
2024-03-12,0.966000,Swiss National Bank,rendoblid,D0(2J)
2024-03-13,0.975000,Swiss National Bank,rendoblid,D0(2J)
2024-03-14,0.969000,Swiss National Bank,rendoblid,D0(2J)
2024-03-15,1.062000,Swiss National Bank,rendoblid,D0(2J)
2024-03-18,1.013000,Swiss National Bank,rendoblid,D0(2J)
2024-03-19,1.050000,Swiss National Bank,rendoblid,D0(2J)
2024-03-20,1.017000,Swiss National Bank,rendoblid,D0(2J)
2024-03-21,0.841000,Swiss National Bank,rendoblid,D0(2J)
2024-03-22,0.864000,Swiss National Bank,rendoblid,D0(2J)
2024-03-25,0.854000,Swiss National Bank,rendoblid,D0(2J)
2024-03-26,0.863000,Swiss National Bank,rendoblid,D0(2J)
2024-03-27,0.849000,Swiss National Bank,rendoblid,D0(2J)
2024-03-28,0.838000,Swiss National Bank,rendoblid,D0(2J)
2024-04-02,0.872000,Swiss National Bank,rendoblid,D0(2J)
2024-04-03,0.872000,Swiss National Bank,rendoblid,D0(2J)
2024-04-04,0.860000,Swiss National Bank,rendoblid,D0(2J)
2024-04-05,0.880000,Swiss National Bank,rendoblid,D0(2J)
2024-04-08,0.820000,Swiss National Bank,rendoblid,D0(2J)
2024-04-09,0.849000,Swiss National Bank,rendoblid,D0(2J)
2024-04-10,0.807000,Swiss National Bank,rendoblid,D0(2J)
2024-04-11,0.892000,Swiss National Bank,rendoblid,D0(2J)
2024-04-12,0.859000,Swiss National Bank,rendoblid,D0(2J)
2024-04-15,0.857000,Swiss National Bank,rendoblid,D0(2J)
2024-04-16,0.906000,Swiss National Bank,rendoblid,D0(2J)
2024-04-17,0.929000,Swiss National Bank,rendoblid,D0(2J)
2024-04-18,0.851000,Swiss National Bank,rendoblid,D0(2J)
2024-04-19,0.889000,Swiss National Bank,rendoblid,D0(2J)
2024-04-22,0.891000,Swiss National Bank,rendoblid,D0(2J)
2024-04-23,0.886000,Swiss National Bank,rendoblid,D0(2J)
2024-04-24,0.875000,Swiss National Bank,rendoblid,D0(2J)
2024-04-25,0.862000,Swiss National Bank,rendoblid,D0(2J)
2024-04-26,0.903000,Swiss National Bank,rendoblid,D0(2J)
2024-04-29,0.885000,Swiss National Bank,rendoblid,D0(2J)
2024-04-30,0.891000,Swiss National Bank,rendoblid,D0(2J)
2024-05-02,0.903000,Swiss National Bank,rendoblid,D0(2J)
2024-05-03,0.945000,Swiss National Bank,rendoblid,D0(2J)
2024-05-06,0.899000,Swiss National Bank,rendoblid,D0(2J)
2024-05-07,0.902000,Swiss National Bank,rendoblid,D0(2J)
2024-05-08,0.912000,Swiss National Bank,rendoblid,D0(2J)
2024-05-10,0.904000,Swiss National Bank,rendoblid,D0(2J)
2024-05-13,0.924000,Swiss National Bank,rendoblid,D0(2J)
2024-05-14,0.942000,Swiss National Bank,rendoblid,D0(2J)
2024-05-15,0.934000,Swiss National Bank,rendoblid,D0(2J)
2024-05-16,0.891000,Swiss National Bank,rendoblid,D0(2J)
2024-05-17,0.927000,Swiss National Bank,rendoblid,D0(2J)
2024-05-21,0.913000,Swiss National Bank,rendoblid,D0(2J)
2024-05-22,0.947000,Swiss National Bank,rendoblid,D0(2J)
2024-05-23,1.006000,Swiss National Bank,rendoblid,D0(2J)
2024-05-24,1.067000,Swiss National Bank,rendoblid,D0(2J)
2024-05-27,1.073000,Swiss National Bank,rendoblid,D0(2J)
2024-05-28,1.032000,Swiss National Bank,rendoblid,D0(2J)
2024-05-29,1.024000,Swiss National Bank,rendoblid,D0(2J)
2024-05-30,1.090000,Swiss National Bank,rendoblid,D0(2J)
2024-05-31,1.154000,Swiss National Bank,rendoblid,D0(2J)
2024-06-03,1.069000,Swiss National Bank,rendoblid,D0(2J)
2024-06-04,1.036000,Swiss National Bank,rendoblid,D0(2J)
2024-06-05,1.071000,Swiss National Bank,rendoblid,D0(2J)
2024-06-06,1.036000,Swiss National Bank,rendoblid,D0(2J)
2024-06-07,0.995000,Swiss National Bank,rendoblid,D0(2J)
2024-06-10,1.018000,Swiss National Bank,rendoblid,D0(2J)
2024-06-11,1.002000,Swiss National Bank,rendoblid,D0(2J)
2024-06-12,0.981000,Swiss National Bank,rendoblid,D0(2J)
2024-06-13,1.012000,Swiss National Bank,rendoblid,D0(2J)
2024-06-14,0.945000,Swiss National Bank,rendoblid,D0(2J)
2024-06-17,0.864000,Swiss National Bank,rendoblid,D0(2J)
2024-06-18,0.927000,Swiss National Bank,rendoblid,D0(2J)
2024-06-19,0.906000,Swiss National Bank,rendoblid,D0(2J)
2024-06-20,0.927000,Swiss National Bank,rendoblid,D0(2J)
2024-06-21,0.791000,Swiss National Bank,rendoblid,D0(2J)
2024-06-24,0.782000,Swiss National Bank,rendoblid,D0(2J)
2024-06-25,0.841000,Swiss National Bank,rendoblid,D0(2J)
2024-06-26,0.782000,Swiss National Bank,rendoblid,D0(2J)
2024-06-27,0.787000,Swiss National Bank,rendoblid,D0(2J)
2024-06-28,0.742000,Swiss National Bank,rendoblid,D0(2J)
2024-07-01,0.753000,Swiss National Bank,rendoblid,D0(2J)
2024-07-02,0.786000,Swiss National Bank,rendoblid,D0(2J)
2024-07-03,0.817000,Swiss National Bank,rendoblid,D0(2J)
2024-07-04,0.811000,Swiss National Bank,rendoblid,D0(2J)
2024-07-05,0.818000,Swiss National Bank,rendoblid,D0(2J)
2024-07-08,0.812000,Swiss National Bank,rendoblid,D0(2J)
2024-07-09,0.809000,Swiss National Bank,rendoblid,D0(2J)
2024-07-10,0.790000,Swiss National Bank,rendoblid,D0(2J)
2024-07-11,0.736000,Swiss National Bank,rendoblid,D0(2J)
2024-07-12,0.738000,Swiss National Bank,rendoblid,D0(2J)
2024-07-15,0.739000,Swiss National Bank,rendoblid,D0(2J)
2024-07-16,0.700000,Swiss National Bank,rendoblid,D0(2J)
2024-07-17,0.701000,Swiss National Bank,rendoblid,D0(2J)
2024-07-18,0.688000,Swiss National Bank,rendoblid,D0(2J)
2024-07-19,0.677000,Swiss National Bank,rendoblid,D0(2J)
2024-07-22,0.726000,Swiss National Bank,rendoblid,D0(2J)
2024-07-23,0.725000,Swiss National Bank,rendoblid,D0(2J)
2024-07-24,0.700000,Swiss National Bank,rendoblid,D0(2J)
2024-07-25,0.619000,Swiss National Bank,rendoblid,D0(2J)
2024-07-26,0.637000,Swiss National Bank,rendoblid,D0(2J)
2024-07-29,0.616000,Swiss National Bank,rendoblid,D0(2J)
2024-07-30,0.685000,Swiss National Bank,rendoblid,D0(2J)
2024-07-31,0.611000,Swiss National Bank,rendoblid,D0(2J)
2024-08-02,0.555000,Swiss National Bank,rendoblid,D0(2J)
2024-08-05,0.455000,Swiss National Bank,rendoblid,D0(2J)
2024-08-06,0.485000,Swiss National Bank,rendoblid,D0(2J)
2024-08-07,0.574000,Swiss National Bank,rendoblid,D0(2J)
2024-08-08,0.545000,Swiss National Bank,rendoblid,D0(2J)
2024-08-09,0.519000,Swiss National Bank,rendoblid,D0(2J)
2024-08-12,0.512000,Swiss National Bank,rendoblid,D0(2J)
2024-08-13,0.498000,Swiss National Bank,rendoblid,D0(2J)
2024-08-14,0.495000,Swiss National Bank,rendoblid,D0(2J)
2024-08-15,0.516000,Swiss National Bank,rendoblid,D0(2J)
2024-08-16,0.558000,Swiss National Bank,rendoblid,D0(2J)
2024-08-19,0.514000,Swiss National Bank,rendoblid,D0(2J)
2024-08-20,0.502000,Swiss National Bank,rendoblid,D0(2J)
2024-08-21,0.518000,Swiss National Bank,rendoblid,D0(2J)
2024-08-22,0.504000,Swiss National Bank,rendoblid,D0(2J)
2024-08-23,0.536000,Swiss National Bank,rendoblid,D0(2J)
2024-08-26,0.508000,Swiss National Bank,rendoblid,D0(2J)
2024-08-27,0.539000,Swiss National Bank,rendoblid,D0(2J)
2024-08-28,0.518000,Swiss National Bank,rendoblid,D0(2J)
2024-08-29,0.500000,Swiss National Bank,rendoblid,D0(2J)
2024-08-30,0.507000,Swiss National Bank,rendoblid,D0(2J)
2024-09-02,0.546000,Swiss National Bank,rendoblid,D0(2J)
2024-09-03,0.520000,Swiss National Bank,rendoblid,D0(2J)
2024-09-04,0.506000,Swiss National Bank,rendoblid,D0(2J)
2024-09-05,0.518000,Swiss National Bank,rendoblid,D0(2J)
2024-09-06,0.500000,Swiss National Bank,rendoblid,D0(2J)
2024-09-09,0.515000,Swiss National Bank,rendoblid,D0(2J)
2024-09-10,0.533000,Swiss National Bank,rendoblid,D0(2J)
2024-09-11,0.462000,Swiss National Bank,rendoblid,D0(2J)
2024-09-12,0.485000,Swiss National Bank,rendoblid,D0(2J)
2024-09-13,0.453000,Swiss National Bank,rendoblid,D0(2J)
2024-09-16,0.479000,Swiss National Bank,rendoblid,D0(2J)
2024-09-17,0.448000,Swiss National Bank,rendoblid,D0(2J)
2024-09-18,0.465000,Swiss National Bank,rendoblid,D0(2J)
2024-09-19,0.527000,Swiss National Bank,rendoblid,D0(2J)
2024-09-20,0.515000,Swiss National Bank,rendoblid,D0(2J)
2024-09-23,0.521000,Swiss National Bank,rendoblid,D0(2J)
2024-09-24,0.488000,Swiss National Bank,rendoblid,D0(2J)
2024-09-25,0.454000,Swiss National Bank,rendoblid,D0(2J)
2024-09-26,0.430000,Swiss National Bank,rendoblid,D0(2J)
2024-09-27,0.371000,Swiss National Bank,rendoblid,D0(2J)
2024-09-30,0.361000,Swiss National Bank,rendoblid,D0(2J)
2024-10-01,0.381000,Swiss National Bank,rendoblid,D0(2J)
2024-10-02,0.348000,Swiss National Bank,rendoblid,D0(2J)
2024-10-03,0.377000,Swiss National Bank,rendoblid,D0(2J)
2024-10-04,0.381000,Swiss National Bank,rendoblid,D0(2J)
2024-10-07,0.386000,Swiss National Bank,rendoblid,D0(2J)
2024-10-08,0.432000,Swiss National Bank,rendoblid,D0(2J)
2024-10-09,0.412000,Swiss National Bank,rendoblid,D0(2J)
2024-10-10,0.459000,Swiss National Bank,rendoblid,D0(2J)
2024-10-11,0.471000,Swiss National Bank,rendoblid,D0(2J)
2024-10-14,0.403000,Swiss National Bank,rendoblid,D0(2J)
2024-10-15,0.401000,Swiss National Bank,rendoblid,D0(2J)
2024-10-16,0.357000,Swiss National Bank,rendoblid,D0(2J)
2024-10-17,0.377000,Swiss National Bank,rendoblid,D0(2J)
2024-10-18,0.300000,Swiss National Bank,rendoblid,D0(2J)
2024-10-21,0.298000,Swiss National Bank,rendoblid,D0(2J)
2024-10-22,0.352000,Swiss National Bank,rendoblid,D0(2J)
2024-10-23,0.348000,Swiss National Bank,rendoblid,D0(2J)
2024-10-24,0.286000,Swiss National Bank,rendoblid,D0(2J)
2024-10-25,0.341000,Swiss National Bank,rendoblid,D0(2J)
2024-10-28,0.266000,Swiss National Bank,rendoblid,D0(2J)
2024-10-29,0.282000,Swiss National Bank,rendoblid,D0(2J)
2024-10-30,0.266000,Swiss National Bank,rendoblid,D0(2J)
2024-10-31,0.305000,Swiss National Bank,rendoblid,D0(2J)
2024-11-01,0.277000,Swiss National Bank,rendoblid,D0(2J)
2024-11-04,0.248000,Swiss National Bank,rendoblid,D0(2J)
2024-11-05,0.265000,Swiss National Bank,rendoblid,D0(2J)
2024-11-06,0.249000,Swiss National Bank,rendoblid,D0(2J)
2024-11-07,0.238000,Swiss National Bank,rendoblid,D0(2J)
2024-11-08,0.236000,Swiss National Bank,rendoblid,D0(2J)
2024-11-11,0.208000,Swiss National Bank,rendoblid,D0(2J)
2024-11-12,0.227000,Swiss National Bank,rendoblid,D0(2J)
2024-11-13,0.246000,Swiss National Bank,rendoblid,D0(2J)
2024-11-14,0.224000,Swiss National Bank,rendoblid,D0(2J)
2024-11-15,0.204000,Swiss National Bank,rendoblid,D0(2J)
2024-11-18,0.215000,Swiss National Bank,rendoblid,D0(2J)
2024-11-19,0.187000,Swiss National Bank,rendoblid,D0(2J)
2024-11-20,0.223000,Swiss National Bank,rendoblid,D0(2J)
2024-11-21,0.231000,Swiss National Bank,rendoblid,D0(2J)
2024-11-22,0.191000,Swiss National Bank,rendoblid,D0(2J)
2024-11-25,0.185000,Swiss National Bank,rendoblid,D0(2J)
2024-11-26,0.158000,Swiss National Bank,rendoblid,D0(2J)
2024-11-27,0.170000,Swiss National Bank,rendoblid,D0(2J)
2024-11-28,0.161000,Swiss National Bank,rendoblid,D0(2J)
2024-11-29,0.172000,Swiss National Bank,rendoblid,D0(2J)
2024-12-02,0.052000,Swiss National Bank,rendoblid,D0(2J)
2024-12-03,0.085000,Swiss National Bank,rendoblid,D0(2J)
2024-12-04,0.110000,Swiss National Bank,rendoblid,D0(2J)
2024-12-05,0.100000,Swiss National Bank,rendoblid,D0(2J)
2024-12-06,0.105000,Swiss National Bank,rendoblid,D0(2J)
2024-12-09,0.136000,Swiss National Bank,rendoblid,D0(2J)
2024-12-10,0.115000,Swiss National Bank,rendoblid,D0(2J)
2024-12-11,0.119000,Swiss National Bank,rendoblid,D0(2J)
2024-12-12,0.181000,Swiss National Bank,rendoblid,D0(2J)
2024-12-13,0.109000,Swiss National Bank,rendoblid,D0(2J)
2024-12-16,0.017000,Swiss National Bank,rendoblid,D0(2J)
2024-12-17,0.069000,Swiss National Bank,rendoblid,D0(2J)
2024-12-18,0.063000,Swiss National Bank,rendoblid,D0(2J)
2024-12-19,0.110000,Swiss National Bank,rendoblid,D0(2J)
2024-12-20,0.064000,Swiss National Bank,rendoblid,D0(2J)
2024-12-23,0.026000,Swiss National Bank,rendoblid,D0(2J)
2024-12-27,-0.019000,Swiss National Bank,rendoblid,D0(2J)
2024-12-30,0.004000,Swiss National Bank,rendoblid,D0(2J)
2025-01-03,-0.035000,Swiss National Bank,rendoblid,D0(2J)
2025-01-06,0.037000,Swiss National Bank,rendoblid,D0(2J)
2025-01-07,0.050000,Swiss National Bank,rendoblid,D0(2J)
2025-01-08,0.080000,Swiss National Bank,rendoblid,D0(2J)
2025-01-09,0.098000,Swiss National Bank,rendoblid,D0(2J)
2025-01-10,0.098000,Swiss National Bank,rendoblid,D0(2J)
2025-01-13,0.120000,Swiss National Bank,rendoblid,D0(2J)
2025-01-14,0.137000,Swiss National Bank,rendoblid,D0(2J)
2025-01-15,0.147000,Swiss National Bank,rendoblid,D0(2J)
2025-01-16,0.128000,Swiss National Bank,rendoblid,D0(2J)
2025-01-17,0.083000,Swiss National Bank,rendoblid,D0(2J)
2025-01-20,0.076000,Swiss National Bank,rendoblid,D0(2J)
2025-01-21,0.091000,Swiss National Bank,rendoblid,D0(2J)
2025-01-22,0.080000,Swiss National Bank,rendoblid,D0(2J)
2025-01-23,0.116000,Swiss National Bank,rendoblid,D0(2J)
2025-01-24,0.194000,Swiss National Bank,rendoblid,D0(2J)
2025-01-27,0.161000,Swiss National Bank,rendoblid,D0(2J)
2025-01-28,0.196000,Swiss National Bank,rendoblid,D0(2J)
2025-01-29,0.182000,Swiss National Bank,rendoblid,D0(2J)
2025-01-30,0.158000,Swiss National Bank,rendoblid,D0(2J)
2025-01-31,0.121000,Swiss National Bank,rendoblid,D0(2J)
2025-02-03,0.068000,Swiss National Bank,rendoblid,D0(2J)
2025-02-04,0.090000,Swiss National Bank,rendoblid,D0(2J)
2025-02-05,0.075000,Swiss National Bank,rendoblid,D0(2J)
2025-02-06,0.126000,Swiss National Bank,rendoblid,D0(2J)
2025-02-07,0.090000,Swiss National Bank,rendoblid,D0(2J)
2025-02-10,0.075000,Swiss National Bank,rendoblid,D0(2J)
2025-02-11,0.083000,Swiss National Bank,rendoblid,D0(2J)
2025-02-12,0.091000,Swiss National Bank,rendoblid,D0(2J)
2025-02-13,0.161000,Swiss National Bank,rendoblid,D0(2J)
2025-02-14,0.127000,Swiss National Bank,rendoblid,D0(2J)
2025-02-17,0.182000,Swiss National Bank,rendoblid,D0(2J)
2025-02-18,0.187000,Swiss National Bank,rendoblid,D0(2J)
2025-02-19,0.208000,Swiss National Bank,rendoblid,D0(2J)
2025-02-20,0.233000,Swiss National Bank,rendoblid,D0(2J)
2025-02-21,0.238000,Swiss National Bank,rendoblid,D0(2J)
2025-02-24,0.199000,Swiss National Bank,rendoblid,D0(2J)
2025-02-25,0.192000,Swiss National Bank,rendoblid,D0(2J)
2025-02-26,0.194000,Swiss National Bank,rendoblid,D0(2J)
2025-02-27,0.156000,Swiss National Bank,rendoblid,D0(2J)
2025-02-28,0.134000,Swiss National Bank,rendoblid,D0(2J)
2025-03-03,0.149000,Swiss National Bank,rendoblid,D0(2J)
2025-03-04,0.136000,Swiss National Bank,rendoblid,D0(2J)
2025-03-05,0.172000,Swiss National Bank,rendoblid,D0(2J)
2025-03-06,0.251000,Swiss National Bank,rendoblid,D0(2J)
2025-03-07,0.291000,Swiss National Bank,rendoblid,D0(2J)
2025-03-10,0.282000,Swiss National Bank,rendoblid,D0(2J)
2025-03-11,0.284000,Swiss National Bank,rendoblid,D0(2J)
2025-03-12,0.316000,Swiss National Bank,rendoblid,D0(2J)
2025-03-13,0.345000,Swiss National Bank,rendoblid,D0(2J)
2025-03-14,0.315000,Swiss National Bank,rendoblid,D0(2J)
2025-03-17,0.287000,Swiss National Bank,rendoblid,D0(2J)
2025-03-18,0.286000,Swiss National Bank,rendoblid,D0(2J)
2025-03-19,0.311000,Swiss National Bank,rendoblid,D0(2J)
2025-03-20,0.229000,Swiss National Bank,rendoblid,D0(2J)
2025-03-21,0.237000,Swiss National Bank,rendoblid,D0(2J)
2025-03-24,0.204000,Swiss National Bank,rendoblid,D0(2J)
2025-03-25,0.218000,Swiss National Bank,rendoblid,D0(2J)
2025-03-26,0.206000,Swiss National Bank,rendoblid,D0(2J)
2025-03-27,0.167000,Swiss National Bank,rendoblid,D0(2J)
2025-03-28,0.132000,Swiss National Bank,rendoblid,D0(2J)
2025-03-31,0.103000,Swiss National Bank,rendoblid,D0(2J)
2025-04-01,0.094000,Swiss National Bank,rendoblid,D0(2J)
2025-04-02,0.106000,Swiss National Bank,rendoblid,D0(2J)
2025-04-03,0.094000,Swiss National Bank,rendoblid,D0(2J)
2025-04-04,0.030000,Swiss National Bank,rendoblid,D0(2J)
2025-04-07,-0.018000,Swiss National Bank,rendoblid,D0(2J)
2025-04-08,0.027000,Swiss National Bank,rendoblid,D0(2J)
2025-04-09,-0.023000,Swiss National Bank,rendoblid,D0(2J)
2025-04-10,0.049000,Swiss National Bank,rendoblid,D0(2J)
2025-04-11,-0.023000,Swiss National Bank,rendoblid,D0(2J)
2025-04-14,-0.003000,Swiss National Bank,rendoblid,D0(2J)
2025-04-15,-0.020000,Swiss National Bank,rendoblid,D0(2J)
2025-04-16,-0.037000,Swiss National Bank,rendoblid,D0(2J)
2025-04-17,0.026000,Swiss National Bank,rendoblid,D0(2J)
2025-04-22,-0.042000,Swiss National Bank,rendoblid,D0(2J)
2025-04-23,-0.017000,Swiss National Bank,rendoblid,D0(2J)
2025-04-24,0.006000,Swiss National Bank,rendoblid,D0(2J)
2025-04-25,-0.013000,Swiss National Bank,rendoblid,D0(2J)
2025-04-28,-0.025000,Swiss National Bank,rendoblid,D0(2J)
2025-04-29,-0.036000,Swiss National Bank,rendoblid,D0(2J)
2025-04-30,-0.040000,Swiss National Bank,rendoblid,D0(2J)
2025-05-02,-0.071000,Swiss National Bank,rendoblid,D0(2J)
2025-05-05,-0.127000,Swiss National Bank,rendoblid,D0(2J)
2025-05-06,-0.147000,Swiss National Bank,rendoblid,D0(2J)
2025-05-07,-0.165000,Swiss National Bank,rendoblid,D0(2J)
2025-05-08,-0.161000,Swiss National Bank,rendoblid,D0(2J)
2025-05-09,-0.072000,Swiss National Bank,rendoblid,D0(2J)
2025-05-12,-0.050000,Swiss National Bank,rendoblid,D0(2J)
2025-05-13,-0.038000,Swiss National Bank,rendoblid,D0(2J)
2025-05-14,-0.072000,Swiss National Bank,rendoblid,D0(2J)
2025-05-15,-0.077000,Swiss National Bank,rendoblid,D0(2J)
2025-05-16,-0.114000,Swiss National Bank,rendoblid,D0(2J)
2025-05-19,-0.141000,Swiss National Bank,rendoblid,D0(2J)
2025-05-20,-0.154000,Swiss National Bank,rendoblid,D0(2J)
2025-05-21,-0.123000,Swiss National Bank,rendoblid,D0(2J)
2025-05-22,-0.137000,Swiss National Bank,rendoblid,D0(2J)
2025-05-23,-0.185000,Swiss National Bank,rendoblid,D0(2J)
2025-05-26,-0.216000,Swiss National Bank,rendoblid,D0(2J)
2025-05-27,-0.216000,Swiss National Bank,rendoblid,D0(2J)
2025-05-28,-0.178000,Swiss National Bank,rendoblid,D0(2J)
2025-05-30,-0.187000,Swiss National Bank,rendoblid,D0(2J)
2025-06-02,-0.216000,Swiss National Bank,rendoblid,D0(2J)
2025-06-03,-0.250000,Swiss National Bank,rendoblid,D0(2J)
2025-06-04,-0.244000,Swiss National Bank,rendoblid,D0(2J)
2025-06-05,-0.197000,Swiss National Bank,rendoblid,D0(2J)
2025-06-06,-0.128000,Swiss National Bank,rendoblid,D0(2J)
2025-06-10,-0.163000,Swiss National Bank,rendoblid,D0(2J)
2025-06-11,-0.149000,Swiss National Bank,rendoblid,D0(2J)
2025-06-12,-0.175000,Swiss National Bank,rendoblid,D0(2J)
2025-06-13,-0.178000,Swiss National Bank,rendoblid,D0(2J)
2025-06-16,-0.131000,Swiss National Bank,rendoblid,D0(2J)
2025-06-17,-0.141000,Swiss National Bank,rendoblid,D0(2J)
2025-06-18,-0.156000,Swiss National Bank,rendoblid,D0(2J)
2025-06-19,-0.130000,Swiss National Bank,rendoblid,D0(2J)
2025-06-20,-0.053000,Swiss National Bank,rendoblid,D0(2J)
2025-06-23,-0.024000,Swiss National Bank,rendoblid,D0(2J)
2025-06-24,-0.069000,Swiss National Bank,rendoblid,D0(2J)
2025-06-25,-0.074000,Swiss National Bank,rendoblid,D0(2J)
2025-06-26,-0.086000,Swiss National Bank,rendoblid,D0(2J)
2025-06-27,-0.070000,Swiss National Bank,rendoblid,D0(2J)
2025-06-30,-0.061000,Swiss National Bank,rendoblid,D0(2J)
2025-07-01,-0.075000,Swiss National Bank,rendoblid,D0(2J)
2025-07-02,-0.074000,Swiss National Bank,rendoblid,D0(2J)
2025-07-03,-0.072000,Swiss National Bank,rendoblid,D0(2J)
2025-07-04,-0.071000,Swiss National Bank,rendoblid,D0(2J)
2025-07-07,-0.055000,Swiss National Bank,rendoblid,D0(2J)
2025-07-08,-0.044000,Swiss National Bank,rendoblid,D0(2J)
2025-07-09,-0.049000,Swiss National Bank,rendoblid,D0(2J)
2025-07-10,-0.051000,Swiss National Bank,rendoblid,D0(2J)
2025-07-11,-0.058000,Swiss National Bank,rendoblid,D0(2J)
2025-07-14,-0.041000,Swiss National Bank,rendoblid,D0(2J)
2025-07-15,-0.049000,Swiss National Bank,rendoblid,D0(2J)
2025-07-16,-0.053000,Swiss National Bank,rendoblid,D0(2J)
2025-07-17,-0.057000,Swiss National Bank,rendoblid,D0(2J)
2025-07-18,-0.045000,Swiss National Bank,rendoblid,D0(2J)
2025-07-21,-0.064000,Swiss National Bank,rendoblid,D0(2J)
2025-07-22,-0.095000,Swiss National Bank,rendoblid,D0(2J)
2025-07-23,-0.101000,Swiss National Bank,rendoblid,D0(2J)
2025-07-24,-0.086000,Swiss National Bank,rendoblid,D0(2J)
2025-07-25,-0.075000,Swiss National Bank,rendoblid,D0(2J)
2025-07-28,-0.129000,Swiss National Bank,rendoblid,D0(2J)
2025-07-29,-0.120000,Swiss National Bank,rendoblid,D0(2J)
2025-07-30,-0.118000,Swiss National Bank,rendoblid,D0(2J)
2025-07-31,-0.083000,Swiss National Bank,rendoblid,D0(2J)
