date,eur_2y_pct,eur_10y_pct,curve_10y_minus_2y_pp
2016-01-04,-0.3665054274,0.7027128992,1.0692183266
2016-01-05,-0.3753815264,0.6964437740,1.0718253003
2016-01-06,-0.3864319022,0.6639527744,1.0503846766
2016-01-07,-0.3846199368,0.7012247838,1.0858447206
2016-01-08,-0.3932920890,0.6761397541,1.0694318431
2016-01-11,-0.3848407866,0.7031215688,1.0879623554
2016-01-12,-0.3759553399,0.7264335153,1.1023888553
2016-01-13,-0.3835446199,0.6764662370,1.0600108569
2016-01-14,-0.3927776239,0.6459817141,1.0387593380
2016-01-15,-0.3953311055,0.6290340329,1.0243651385
2016-01-18,-0.3901011001,0.6324340056,1.0225351057
2016-01-19,-0.3817129452,0.6451397330,1.0268526783
2016-01-20,-0.4000462522,0.5862919550,0.9863382072
2016-01-21,-0.4403553566,0.5360112820,0.9763666385
2016-01-22,-0.4335734587,0.5914902188,1.0250636776
2016-01-25,-0.4309698092,0.5706905809,1.0016603901
2016-01-26,-0.4409029947,0.5441959746,0.9850989693
2016-01-27,-0.4281538125,0.5510503669,0.9792041794
2016-01-28,-0.4358156487,0.4981501784,0.9339658271
2016-01-29,-0.4661021703,0.4393896374,0.9054918077
2016-02-01,-0.4537572372,0.4295234266,0.8832806638
2016-02-02,-0.4621372559,0.4051950110,0.8673322669
2016-02-03,-0.4685358893,0.4057493860,0.8742852752
2016-02-04,-0.4713468541,0.4012421688,0.8725890228
2016-02-05,-0.4719466724,0.4097961790,0.8817428514
2016-02-08,-0.4936818509,0.3463124387,0.8399942897
2016-02-09,-0.4926171345,0.3595158914,0.8521330260
2016-02-10,-0.4934598243,0.3581892953,0.8516491196
2016-02-11,-0.5085326177,0.3107976495,0.8193302671
2016-02-12,-0.4978669941,0.3359714675,0.8338384616
2016-02-15,-0.4919851595,0.3611455240,0.8531306835
2016-02-16,-0.4850931935,0.3852867857,0.8703799792
2016-02-17,-0.4855414335,0.3771159990,0.8626574325
2016-02-18,-0.4921240964,0.3323207667,0.8244448631
2016-02-19,-0.5033983518,0.2988801841,0.8022785359
2016-02-22,-0.5047193539,0.2931237067,0.7978430605
2016-02-23,-0.4897095113,0.3248197292,0.8145292405
2016-02-24,-0.4998151268,0.2421256620,0.7419407888
2016-02-25,-0.5034167979,0.2580330338,0.7614498317
2016-02-26,-0.5200343755,0.2571490527,0.7771834282
2016-02-29,-0.5356489751,0.2188276270,0.7544766022
2016-03-01,-0.5346495724,0.2523322427,0.7869818152
2016-03-02,-0.5242208515,0.3085988356,0.8328196871
2016-03-03,-0.5464682441,0.3106417910,0.8571100351
2016-03-04,-0.5303135145,0.3266472013,0.8569607158
2016-03-07,-0.5216272097,0.3289011346,0.8505283443
2016-03-08,-0.5440898627,0.2890736303,0.8331634930
2016-03-09,-0.5174358211,0.3443904654,0.8618262865
2016-03-10,-0.5145390300,0.3210024123,0.8355414423
2016-03-11,-0.4580612510,0.3696722792,0.8277335302
2016-03-14,-0.4615943454,0.3567406104,0.8183349558
2016-03-15,-0.4503382127,0.4059308349,0.8562690476
2016-03-16,-0.4555384065,0.3765011990,0.8320396054
2016-03-17,-0.4658045282,0.3325223356,0.7983268638
2016-03-18,-0.4810107254,0.3021161495,0.7831268749
2016-03-21,-0.4758691133,0.3218157121,0.7976848254
2016-03-22,-0.4807904351,0.3192505529,0.8000409881
2016-03-23,-0.4828451188,0.3315723697,0.8144174885
2016-03-24,-0.4841943637,0.2864890227,0.7706833864
2016-03-29,-0.4971309159,0.2486415082,0.7457724241
2016-03-30,-0.4898750814,0.2661854771,0.7560605586
2016-03-31,-0.4904551381,0.2625919427,0.7530470807
2016-04-01,-0.4910320002,0.2254417943,0.7164737945
2016-04-04,-0.4817720703,0.2266474682,0.7084195385
2016-04-05,-0.4935251044,0.1823750021,0.6759001065
2016-04-06,-0.4810990205,0.2096690586,0.6907680791
2016-04-07,-0.5030082507,0.1857503644,0.6887586150
2016-04-08,-0.5065399005,0.1953643806,0.7019042811
2016-04-11,-0.5030699904,0.2338615759,0.7369315662
2016-04-12,-0.5067184942,0.2009083152,0.7076268095
2016-04-13,-0.5079610628,0.2035058461,0.7114669089
2016-04-14,-0.5013686073,0.2053256477,0.7066942550
2016-04-15,-0.5148788033,0.1856939432,0.7005727466
2016-04-18,-0.5059509974,0.2015255851,0.7074765825
2016-04-19,-0.5097153709,0.2284043862,0.7381197571
2016-04-20,-0.5083897206,0.2010245543,0.7094142749
2016-04-21,-0.4947556759,0.2605103129,0.7552659888
2016-04-22,-0.4956804458,0.2884937319,0.7841741777
2016-04-25,-0.4966422345,0.3271686049,0.8238108394
2016-04-26,-0.4903056240,0.3453197235,0.8356253475
2016-04-27,-0.4916760076,0.3567803935,0.8484564012
2016-04-28,-0.5024612186,0.3183179460,0.8207791646
2016-04-29,-0.5024367071,0.3431946602,0.8456313673
2016-05-02,-0.4920232008,0.3286693792,0.8206925800
2016-05-03,-0.5137137199,0.2539464516,0.7676601715
2016-05-04,-0.5131077380,0.2770752553,0.7901829933
2016-05-05,-0.5272480022,0.2415693238,0.7688173260
2016-05-06,-0.5313993619,0.2206843296,0.7520836915
2016-05-09,-0.5306091889,0.1972044235,0.7278136124
2016-05-10,-0.5278352861,0.1720273263,0.6998626125
2016-05-11,-0.5310315452,0.1698886020,0.7009201472
2016-05-12,-0.5356264413,0.1969646002,0.7325910415
2016-05-13,-0.5328394603,0.1903870213,0.7232264816
2016-05-16,-0.5300966501,0.2007194399,0.7308160900
2016-05-17,-0.5292399141,0.1867949289,0.7160348431
2016-05-18,-0.5256699144,0.2344190462,0.7600889607
2016-05-19,-0.5263922306,0.2088208560,0.7352130866
2016-05-20,-0.5237914049,0.2281271550,0.7519185600
2016-05-23,-0.5242486095,0.2285866018,0.7528352113
2016-05-24,-0.5264285164,0.2222999544,0.7487284708
2016-05-25,-0.5367448752,0.2036039245,0.7403487997
2016-05-26,-0.5404244513,0.1989237878,0.7393482391
2016-05-27,-0.5418359231,0.1708599077,0.7126958308
2016-05-30,-0.5303685695,0.2236342767,0.7540028463
2016-05-31,-0.5254433706,0.2224078988,0.7478512694
2016-06-01,-0.5407720037,0.1755034879,0.7162754916
2016-06-02,-0.5363772726,0.1757855751,0.7121628476
2016-06-03,-0.5495586510,0.1237023611,0.6732610120
2016-06-06,-0.5577534670,0.1313798159,0.6891332829
2016-06-07,-0.5538173591,0.1060913216,0.6599086806
2016-06-08,-0.5536256500,0.0972054055,0.6508310555
2016-06-09,-0.5627771275,0.0595940923,0.6223712198
2016-06-10,-0.5638358135,0.0465626789,0.6103984924
2016-06-13,-0.5572569868,0.0577651384,0.6150221252
2016-06-14,-0.5834278613,0.0366350386,0.6200628999
2016-06-15,-0.5926883303,0.0307356625,0.6234239928
2016-06-16,-0.6042915573,0.0190768617,0.6233684190
2016-06-17,-0.6071444283,0.0484062094,0.6555506377
2016-06-20,-0.5920622315,0.0843872239,0.6764494554
2016-06-21,-0.5948912212,0.0743584840,0.6692497052
2016-06-22,-0.5880203918,0.0904279906,0.6784483824
2016-06-23,-0.5787020367,0.1117383576,0.6904403943
2016-06-24,-0.6609153407,-0.0245151678,0.6364001729
2016-06-27,-0.6538958460,-0.0699885529,0.5839072930
2016-06-28,-0.6510635395,-0.0638328259,0.5872307137
2016-06-29,-0.6586551404,-0.0936576906,0.5649974498
2016-06-30,-0.6609447949,-0.1044256147,0.5565191803
2016-07-01,-0.6624122274,-0.1095038573,0.5529083701
2016-07-04,-0.6706036427,-0.1074523929,0.5631512498
2016-07-05,-0.6794336473,-0.1395926848,0.5398409625
2016-07-06,-0.6943759724,-0.1545724802,0.5398034922
2016-07-07,-0.6924999138,-0.1309275888,0.5615723250
2016-07-08,-0.6989374873,-0.1601196590,0.5388178283
2016-07-11,-0.6974204352,-0.1618213830,0.5355990523
2016-07-12,-0.6803150916,-0.0946855979,0.5856294937
2016-07-13,-0.6887036163,-0.1244964030,0.5642072133
2016-07-14,-0.6732482792,-0.0653724970,0.6078757821
2016-07-15,-0.6698337843,-0.0567952806,0.6130385037
2016-07-18,-0.6727876810,-0.0753581014,0.5974295795
2016-07-19,-0.6628779828,-0.0665912815,0.5962867013
2016-07-20,-0.6503627601,-0.0597876907,0.5905750694
2016-07-21,-0.6421905251,-0.0358960058,0.6062945194
2016-07-22,-0.6421943132,-0.0525325553,0.5896617579
2016-07-25,-0.6386635725,-0.0878064699,0.5508571026
2016-07-26,-0.6372741352,-0.0840059115,0.5532682237
2016-07-27,-0.6498516864,-0.1079338614,0.5419178251
2016-07-28,-0.6467811638,-0.1218017192,0.5249794446
2016-07-29,-0.6532821141,-0.1517966897,0.5014854244
2016-08-01,-0.6500928240,-0.1542186871,0.4958741369
2016-08-02,-0.6365865391,-0.0799239789,0.5566625603
2016-08-03,-0.6342446811,-0.0935082853,0.5407363958
2016-08-04,-0.6496641019,-0.1362605859,0.5134035161
2016-08-05,-0.6536273124,-0.1137742205,0.5398530919
2016-08-08,-0.6522922004,-0.0879803934,0.5643118071
2016-08-09,-0.6556834647,-0.1135687866,0.5421146781
2016-08-10,-0.6644386923,-0.1460998426,0.5183388497
2016-08-11,-0.6641990789,-0.1467708369,0.5174282419
2016-08-12,-0.6619079013,-0.1493838647,0.5125240367
2016-08-15,-0.6439503563,-0.1138982606,0.5300520956
2016-08-16,-0.6417337326,-0.0968894499,0.5448442827
2016-08-17,-0.6461065523,-0.0945280056,0.5515785467
2016-08-18,-0.6507581922,-0.1286833770,0.5220748152
2016-08-19,-0.6415643577,-0.1081276555,0.5334367021
2016-08-22,-0.6516948368,-0.1218847981,0.5298100387
2016-08-23,-0.6522142974,-0.1378142236,0.5144000738
2016-08-24,-0.6496242817,-0.1271568800,0.5224674017
2016-08-25,-0.6422940390,-0.0979853463,0.5443086927
2016-08-26,-0.6407491336,-0.1102596668,0.5304894668
2016-08-29,-0.6441831666,-0.1038817219,0.5403014447
2016-08-30,-0.6485674384,-0.1242879516,0.5242794867
2016-08-31,-0.6527914236,-0.1176940425,0.5350973811
2016-09-01,-0.6471059012,-0.0681164268,0.5789894743
2016-09-02,-0.6557528143,-0.0722946691,0.5834581452
2016-09-05,-0.6565403917,-0.0719202859,0.5846201059
2016-09-06,-0.6740316552,-0.1050978731,0.5689337820
2016-09-07,-0.6875109298,-0.1561213712,0.5313895586
2016-09-08,-0.6640109295,-0.1256048121,0.5384061174
2016-09-09,-0.6507076545,-0.0254051488,0.6253025057
2016-09-12,-0.6432324655,-0.0026043939,0.6406280717
2016-09-13,-0.6425776372,-0.0020308386,0.6405467987
2016-09-14,-0.6590481108,-0.0010276631,0.6580204477
2016-09-15,-0.6564382717,0.0296098635,0.6860481352
2016-09-16,-0.6645041682,-0.0072303663,0.6572738020
2016-09-19,-0.6609658231,-0.0025430472,0.6584227759
2016-09-20,-0.6694116940,-0.0389195808,0.6304921131
2016-09-21,-0.6681860056,-0.0252186160,0.6429673896
2016-09-22,-0.6822984145,-0.0965301456,0.5857682689
2016-09-23,-0.6872230568,-0.1027912493,0.5844318076
2016-09-26,-0.6957096932,-0.1293205214,0.5663891718
2016-09-27,-0.7205943366,-0.1637105719,0.5568837647
2016-09-28,-0.7258134721,-0.1661240528,0.5596894193
2016-09-29,-0.7203597139,-0.1419063455,0.5784533684
2016-09-30,-0.7197846189,-0.1620515370,0.5577330819
2016-10-03,-0.7156544803,-0.1381535446,0.5775009358
2016-10-04,-0.7174527415,-0.1153304804,0.6021222611
2016-10-05,-0.7093548690,-0.0598641358,0.6494907333
2016-10-06,-0.7031509683,-0.0281503032,0.6750006650
2016-10-07,-0.7065974314,-0.0252454189,0.6813520125
2016-10-10,-0.6954854654,0.0260965990,0.7215820644
2016-10-11,-0.6915277790,0.0234889606,0.7150167397
2016-10-12,-0.6915697549,0.0377011256,0.7292708805
2016-10-13,-0.6988370672,0.0047277494,0.7035648166
2016-10-14,-0.6973447773,0.0326786828,0.7300234602
2016-10-17,-0.6944750821,0.0392017095,0.7336767916
2016-10-18,-0.7076693260,0.0258374081,0.7335067341
2016-10-19,-0.7040522038,-0.0018859798,0.7021662240
2016-10-20,-0.7081551731,-0.0069821362,0.7011730369
2016-10-21,-0.6994689532,-0.0250539651,0.6744149881
2016-10-24,-0.6972122649,-0.0074007184,0.6898115465
2016-10-25,-0.6947690296,0.0104895825,0.7052586121
2016-10-26,-0.6790019743,0.0696732233,0.7486751975
2016-10-27,-0.6688664075,0.1478549352,0.8167213427
2016-10-28,-0.6653667918,0.1559237392,0.8212905310
2016-10-31,-0.6629803169,0.1429418682,0.8059221851
2016-11-01,-0.6475454835,0.1768207932,0.8243662767
2016-11-02,-0.6631184171,0.1407611068,0.8038795239
2016-11-03,-0.6735995281,0.1616317086,0.8352312367
2016-11-04,-0.6891673916,0.1189029381,0.8080703297
2016-11-07,-0.6806284562,0.1426773304,0.8233057867
2016-11-08,-0.6798056227,0.1463298670,0.8261354896
2016-11-09,-0.6977241473,0.1653400984,0.8630642457
2016-11-10,-0.6685426836,0.3041542079,0.9726968914
2016-11-11,-0.6570324400,0.3134598970,0.9704923369
2016-11-14,-0.6538070509,0.3621088274,1.0159158783
2016-11-15,-0.6692183651,0.3264542383,0.9956726034
2016-11-16,-0.6679589606,0.3387616746,1.0067206352
2016-11-17,-0.6737146477,0.3261362971,0.9998509447
2016-11-18,-0.6982461648,0.2922320287,0.9904781935
2016-11-21,-0.7066063366,0.3141882803,1.0207946169
2016-11-22,-0.7483185640,0.2674057403,1.0157243043
2016-11-23,-0.7186396892,0.3291460145,1.0477857037
2016-11-24,-0.7592772762,0.2944044952,1.0536817713
2016-11-25,-0.7750990340,0.2863315760,1.0614306100
2016-11-28,-0.7858398017,0.2415082044,1.0273480061
2016-11-29,-0.7799167721,0.2722625437,1.0521793157
2016-11-30,-0.7791404457,0.2743464000,1.0534868457
2016-12-01,-0.7724161911,0.3482991305,1.1207153216
2016-12-02,-0.7561872370,0.3745967091,1.1307839461
2016-12-05,-0.7332628117,0.3842983273,1.1175611389
2016-12-06,-0.7280016894,0.3800046619,1.1080063513
2016-12-07,-0.7145498301,0.3921756969,1.1067255270
2016-12-08,-0.7207151070,0.4296055875,1.1503206945
2016-12-09,-0.7790583505,0.3928846115,1.1719429620
2016-12-12,-0.7660997048,0.4681991774,1.2342988822
2016-12-13,-0.7567012779,0.4112780583,1.1679793363
2016-12-14,-0.7589732837,0.3741850592,1.1331583429
2016-12-15,-0.7798733009,0.4115610622,1.1914343631
2016-12-16,-0.8023620973,0.3631101445,1.1654722418
2016-12-19,-0.8020961600,0.3426355826,1.1447317427
2016-12-20,-0.8021165212,0.3234120943,1.1255286154
2016-12-21,-0.7981067805,0.3096200133,1.1077267938
2016-12-22,-0.8091624505,0.3175969733,1.1267594238
2016-12-23,-0.8132278638,0.2847988435,1.0980267073
2016-12-27,-0.8218313383,0.2687937376,1.0906250758
2016-12-28,-0.8315431519,0.2560492737,1.0875924257
2016-12-29,-0.8038552903,0.2469724683,1.0508277585
2016-12-30,-0.8000982626,0.2581256057,1.0582238683
2017-01-02,-0.8181670897,0.2272628655,1.0454299552
2017-01-03,-0.7987262447,0.3156102169,1.1143364616
2017-01-04,-0.7962858355,0.3282447114,1.1245305469
2017-01-05,-0.7652190708,0.3444683323,1.1096874031
2017-01-06,-0.7393404162,0.3454105700,1.0847509862
2017-01-09,-0.7525120316,0.3472764100,1.0997884416
2017-01-10,-0.7596324357,0.3473666510,1.1069990867
2017-01-11,-0.7419533435,0.3191976864,1.0611510300
2017-01-12,-0.7451465108,0.3191904060,1.0643369168
2017-01-13,-0.7506443324,0.3290431373,1.0796874696
2017-01-16,-0.7565141688,0.3349287654,1.0914429342
2017-01-17,-0.7625813639,0.2886118361,1.0511932000
2017-01-18,-0.7370658054,0.3567684849,1.0938342903
2017-01-19,-0.7333933734,0.4024413811,1.1358347545
2017-01-20,-0.7097726064,0.4142962721,1.1240688785
2017-01-23,-0.6855649828,0.4224677047,1.1080326874
2017-01-24,-0.6859968773,0.4177580242,1.1037549015
2017-01-25,-0.6653688800,0.4887789715,1.1541478515
2017-01-26,-0.6712029991,0.4952282185,1.1664312176
2017-01-27,-0.6725224975,0.4972281249,1.1697506223
2017-01-30,-0.6775314418,0.4933830174,1.1709144592
2017-01-31,-0.6920974198,0.4969792615,1.1890766813
2017-02-01,-0.7146369610,0.5133366621,1.2279736231
2017-02-02,-0.7505927552,0.4573210304,1.2079137856
2017-02-03,-0.7588422284,0.4729768524,1.2318190808
2017-02-06,-0.7777718686,0.4080802553,1.1858521239
2017-02-07,-0.7822619183,0.4465261517,1.2287880700
2017-02-08,-0.8131281606,0.3785483977,1.1916765583
2017-02-09,-0.8053079347,0.3598197795,1.1651277143
2017-02-10,-0.7931039361,0.3991134810,1.1922174171
2017-02-13,-0.8020430443,0.3986655346,1.2007085788
2017-02-14,-0.8041668456,0.3984575264,1.2026243721
2017-02-15,-0.7959800892,0.4438066965,1.2397867857
2017-02-16,-0.7884900718,0.4171389444,1.2056290162
2017-02-17,-0.8163937994,0.3559514134,1.1723452128
2017-02-20,-0.8400944041,0.3708729978,1.2109674019
2017-02-21,-0.8469779788,0.3874451773,1.2344231561
2017-02-22,-0.8960195704,0.3089108244,1.2049303948
2017-02-23,-0.8982817730,0.2941292701,1.1924110431
2017-02-24,-0.9303526205,0.2505051653,1.1808577858
2017-02-27,-0.9177140264,0.2402568646,1.1579708909
2017-02-28,-0.8952173567,0.2521480377,1.1473653943
2017-03-01,-0.8582384912,0.3051100884,1.1633485796
2017-03-02,-0.8591896552,0.3453413121,1.2045309674
2017-03-03,-0.8345048895,0.3854319282,1.2199368177
2017-03-06,-0.8342528241,0.3718044335,1.2060572576
2017-03-07,-0.8760784543,0.3716551698,1.2477336241
2017-03-08,-0.8562834173,0.4207723725,1.2770557898
2017-03-09,-0.8525922698,0.4322630258,1.2848552956
2017-03-10,-0.8460082687,0.5038341452,1.3498424139
2017-03-13,-0.8183605501,0.5088577008,1.3272182508
2017-03-14,-0.8067374518,0.4959505692,1.3026880210
2017-03-15,-0.8214102777,0.4673131206,1.2887233983
2017-03-16,-0.7950855603,0.4979018083,1.2929873686
2017-03-17,-0.7881153750,0.4887071308,1.2768225058
2017-03-20,-0.7709211108,0.4860886203,1.2570097310
2017-03-21,-0.7351230215,0.5100615785,1.2451846000
2017-03-22,-0.7711641675,0.4379878861,1.2091520536
2017-03-23,-0.7583462619,0.4403580131,1.1987042750
2017-03-24,-0.7370195781,0.4495464386,1.1865660167
2017-03-27,-0.7149242528,0.4231807492,1.1381050020
2017-03-28,-0.7179055958,0.4265975584,1.1445031542
2017-03-29,-0.7612406832,0.4001388391,1.1613795223
2017-03-30,-0.7436793606,0.3921868681,1.1358662287
2017-03-31,-0.7283535795,0.3814023713,1.1097559508
2017-04-03,-0.7873725092,0.3688136051,1.1561861143
2017-04-04,-0.8082878917,0.3045469236,1.1128348153
2017-04-05,-0.8052422419,0.3252824170,1.1305246590
2017-04-06,-0.7964778087,0.3077513496,1.1042291584
2017-04-07,-0.8155957220,0.2739686779,1.0895644000
2017-04-10,-0.8326779505,0.2778383977,1.1105163482
2017-04-11,-0.8434475702,0.2775385178,1.1209860880
2017-04-12,-0.8420067406,0.2693966748,1.1114034154
2017-04-13,-0.8572238047,0.2345617886,1.0917855933
2017-04-18,-0.8461778136,0.2436716911,1.0898495047
2017-04-19,-0.8057916347,0.2510617041,1.0568533388
2017-04-20,-0.7858766050,0.2995497815,1.0854263865
2017-04-21,-0.7857265720,0.3025792596,1.0883058316
2017-04-24,-0.6992764493,0.3996819728,1.0989584221
2017-04-25,-0.7018313864,0.4103020144,1.1121334008
2017-04-26,-0.7062749360,0.4169489487,1.1232238847
2017-04-27,-0.7268340139,0.3791779009,1.1060119148
2017-04-28,-0.7320803590,0.3819920627,1.1140724217
2017-05-02,-0.7383887937,0.3753007812,1.1136895749
2017-05-03,-0.7323488098,0.3737644515,1.1061132613
2017-05-04,-0.7207511610,0.4334814111,1.1542325721
2017-05-05,-0.6977623405,0.4537120545,1.1514743950
2017-05-08,-0.6891478231,0.4676171614,1.1567649845
2017-05-09,-0.6756781997,0.4952232876,1.1709014873
2017-05-10,-0.6880337256,0.4568860455,1.1449197712
2017-05-11,-0.6724458729,0.4892257802,1.1616716531
2017-05-12,-0.6886235557,0.4563225083,1.1449460639
2017-05-15,-0.6748691148,0.4798156261,1.1546847409
2017-05-16,-0.6625125074,0.4918335817,1.1543460891
2017-05-17,-0.6883640253,0.4511251726,1.1394891979
2017-05-18,-0.6941479230,0.4048637958,1.0990117188
2017-05-19,-0.6790652994,0.4358441336,1.1149094330
2017-05-22,-0.6754649506,0.4579362440,1.1334011946
2017-05-23,-0.6626976395,0.4651926735,1.1278903131
2017-05-24,-0.6798279838,0.4656398613,1.1454678451
2017-05-25,-0.6938281072,0.4329896471,1.1268177543
2017-05-26,-0.7041108110,0.4031797915,1.1072906025
2017-05-29,-0.7289786696,0.3747728208,1.1037514904
2017-05-30,-0.7357365401,0.3692633990,1.1049999391
2017-05-31,-0.7359024098,0.3616871226,1.0975895323
2017-06-01,-0.7329104343,0.3885104573,1.1214208916
2017-06-02,-0.7480126616,0.3531005299,1.1011131916
2017-06-05,-0.7315547567,0.3666999604,1.0982547171
2017-06-06,-0.7499016624,0.3458204141,1.0957220765
2017-06-07,-0.7559794885,0.3394931774,1.0954726659
2017-06-08,-0.7464433676,0.3443307670,1.0907741346
2017-06-09,-0.7549125086,0.3522511820,1.1071636906
2017-06-12,-0.7515382195,0.3342461714,1.0857843910
2017-06-13,-0.7212299234,0.3450270685,1.0662569919
2017-06-14,-0.7163713027,0.3227445277,1.0391158304
2017-06-15,-0.6591979497,0.3727012590,1.0318992087
2017-06-16,-0.6830524727,0.3580687684,1.0411212410
2017-06-19,-0.6696802640,0.3658649825,1.0355452465
2017-06-20,-0.6718376793,0.3427268543,1.0145645336
2017-06-21,-0.6599404815,0.3403833912,1.0003238727
2017-06-22,-0.6651717008,0.3232137918,0.9883854926
2017-06-23,-0.6503284318,0.3311969458,0.9815253777
2017-06-26,-0.6557621456,0.3165619966,0.9723241422
2017-06-27,-0.6106128792,0.3966732127,1.0072860919
2017-06-28,-0.6107385665,0.4458667822,1.0566053487
2017-06-29,-0.5982272965,0.5082937069,1.1065210034
2017-06-30,-0.5860358512,0.5409199920,1.1269558431
2017-07-03,-0.6063645902,0.5290508498,1.1354154401
2017-07-04,-0.6157263751,0.5463989152,1.1621252903
2017-07-05,-0.6023523563,0.5651350829,1.1674874391
2017-07-06,-0.5923981635,0.6350375720,1.2274357355
2017-07-07,-0.6061086025,0.6497327158,1.2558413183
2017-07-10,-0.6168116260,0.6331161099,1.2499277359
2017-07-11,-0.6064346719,0.6422352178,1.2486698897
2017-07-12,-0.6190180633,0.6120407423,1.2310588056
2017-07-13,-0.6253842576,0.6103348619,1.2357191196
2017-07-14,-0.6325131195,0.5948380457,1.2273511653
2017-07-17,-0.6323908837,0.6008422161,1.2332330998
2017-07-18,-0.6392138721,0.5866864089,1.2259002809
2017-07-19,-0.6402525016,0.5627705946,1.2030230962
2017-07-20,-0.6436986690,0.5594121210,1.2031107900
2017-07-21,-0.6437726490,0.5351874898,1.1789601388
2017-07-24,-0.6556850817,0.5270431790,1.1827282607
2017-07-25,-0.6475712765,0.5801280421,1.2276993186
2017-07-26,-0.6528243824,0.5813779144,1.2342022968
2017-07-27,-0.6644670697,0.5579757790,1.2224428487
2017-07-28,-0.6588185774,0.5862230359,1.2450416133
2017-07-31,-0.6677879302,0.5771010542,1.2448889844
2017-08-01,-0.6708553997,0.5449430089,1.2157984086
2017-08-02,-0.6821703055,0.5172892725,1.1994595780
2017-08-03,-0.6764010135,0.5013635937,1.1777646072
2017-08-04,-0.6729454984,0.5025789833,1.1755244817
2017-08-07,-0.6753310028,0.4993272319,1.1746582348
2017-08-08,-0.6670214426,0.5000807026,1.1671021451
2017-08-09,-0.6814680213,0.4538175402,1.1352855615
2017-08-10,-0.6801208922,0.4441932985,1.1243141908
2017-08-11,-0.7031796004,0.4161122246,1.1192918250
2017-08-14,-0.7055315635,0.4454649248,1.1509964883
2017-08-15,-0.6890506177,0.4733681951,1.1624188128
2017-08-16,-0.6884724270,0.4814195532,1.1698919802
2017-08-17,-0.6805273179,0.4731186426,1.1536459605
2017-08-18,-0.7000984391,0.4274694388,1.1275678779
2017-08-21,-0.7020942395,0.4309717749,1.1330660144
2017-08-22,-0.7032135755,0.4409475554,1.1441611309
2017-08-23,-0.7185161812,0.4183392220,1.1368554031
2017-08-24,-0.7229737251,0.4019175990,1.1248913241
2017-08-25,-0.7114144011,0.4238850554,1.1352994565
2017-08-28,-0.7332824076,0.4057429341,1.1390253417
2017-08-29,-0.7424979407,0.3697197326,1.1122176733
2017-08-30,-0.7244493855,0.4000364929,1.1244858785
2017-08-31,-0.7341663992,0.3846542552,1.1188206544
2017-09-01,-0.7264870388,0.4195525206,1.1460395593
2017-09-04,-0.7413051188,0.4069778057,1.1482829245
2017-09-05,-0.7595541243,0.3927378622,1.1522919865
2017-09-06,-0.7471465702,0.3789547740,1.1261013442
2017-09-07,-0.7604467254,0.3597040309,1.1201507563
2017-09-08,-0.7633127458,0.3641466047,1.1274593504
2017-09-11,-0.7604673544,0.3748872051,1.1353545595
2017-09-12,-0.7399262933,0.4178788064,1.1578050997
2017-09-13,-0.7299451431,0.4481441930,1.1780893361
2017-09-14,-0.7206202212,0.4557684649,1.1763886861
2017-09-15,-0.7056445173,0.4768904046,1.1825349219
2017-09-18,-0.6995225574,0.5028917841,1.2024143415
2017-09-19,-0.6966569844,0.4861367879,1.1827937723
2017-09-20,-0.6986707373,0.4753834472,1.1740541845
2017-09-21,-0.6957818218,0.4930251546,1.1888069764
2017-09-22,-0.6916730292,0.4921065569,1.1837795860
2017-09-25,-0.6778882430,0.4643995660,1.1422878090
2017-09-26,-0.7190046396,0.4601541365,1.1791587761
2017-09-27,-0.7024221583,0.5179246793,1.2203468376
2017-09-28,-0.7101638979,0.5299632725,1.2401271703
2017-09-29,-0.6999581197,0.5162529460,1.2162110657
2017-10-02,-0.7155326884,0.4932464379,1.2087791263
2017-10-03,-0.7122918773,0.5154840965,1.2277759738
2017-10-04,-0.7163426844,0.4887171287,1.2050598130
2017-10-05,-0.7033956094,0.4962418897,1.1996374991
2017-10-06,-0.6824731304,0.5503766325,1.2328497630
2017-10-09,-0.7063305132,0.4955943328,1.2019248460
2017-10-10,-0.7015267531,0.5015378400,1.2030645932
2017-10-11,-0.6953399454,0.5083273146,1.2036672600
2017-10-12,-0.7124039816,0.5000089015,1.2124128831
2017-10-13,-0.7286280099,0.4611549730,1.1897829829
2017-10-16,-0.7462403071,0.4362462024,1.1824865095
2017-10-17,-0.7417228058,0.4201686552,1.1618914609
2017-10-18,-0.7304290941,0.4411618953,1.1715909893
2017-10-19,-0.7372673169,0.4433339943,1.1806013112
2017-10-20,-0.7184527559,0.5053756031,1.2238283590
2017-10-23,-0.7300149645,0.4822862177,1.2123011821
2017-10-24,-0.7053786415,0.5245309813,1.2299096228
2017-10-25,-0.6973443201,0.5425352073,1.2398795274
2017-10-26,-0.7292970915,0.5023562335,1.2316533250
2017-10-27,-0.7485892551,0.4740056049,1.2225948599
2017-10-30,-0.7574911602,0.4378655791,1.1953567393
2017-10-31,-0.7449826854,0.4385500944,1.1835327798
2017-11-01,-0.7513922398,0.4365466670,1.1879389068
2017-11-02,-0.7437468897,0.4454265562,1.1891734459
2017-11-03,-0.7566919306,0.4194178982,1.1761098289
2017-11-06,-0.7455083994,0.4002091061,1.1457175055
2017-11-07,-0.7629510605,0.4055111496,1.1684622101
2017-11-08,-0.7658246035,0.3796088482,1.1454334517
2017-11-09,-0.7460245445,0.4364686740,1.1824932185
2017-11-10,-0.7476946648,0.4591609816,1.2068556464
2017-11-13,-0.7407622830,0.4750918959,1.2158541789
2017-11-14,-0.7331121895,0.4788686394,1.2119808289
2017-11-15,-0.7490579390,0.4236197475,1.1726776865
2017-11-16,-0.7371355963,0.4409280136,1.1780636099
2017-11-17,-0.7377633953,0.4390678339,1.1768312292
2017-11-20,-0.7402381427,0.4283150461,1.1685531888
2017-11-21,-0.7394794720,0.4165152220,1.1559946940
2017-11-22,-0.7181808756,0.4258449718,1.1440258474
2017-11-23,-0.7157607500,0.4154339346,1.1311946845
2017-11-24,-0.7118833482,0.4277512215,1.1396345696
2017-11-27,-0.7128897828,0.4214924114,1.1343821942
2017-11-28,-0.7223276691,0.4134269162,1.1357545853
2017-11-29,-0.7053485899,0.4584176541,1.1637662439
2017-11-30,-0.7021452827,0.4370419397,1.1391872224
2017-12-01,-0.7155631335,0.4009679834,1.1165311170
2017-12-04,-0.7215488854,0.3979942254,1.1195431107
2017-12-05,-0.7326212614,0.3921175808,1.1247388422
2017-12-06,-0.7551588158,0.3561697149,1.1113285306
2017-12-07,-0.7674506136,0.3635377658,1.1309883794
2017-12-08,-0.7623042108,0.3714925753,1.1337967861
2017-12-11,-0.7478797616,0.3635204852,1.1114002468
2017-12-12,-0.7439068457,0.3807111332,1.1246179788
2017-12-13,-0.7469175968,0.3875702420,1.1344878388
2017-12-14,-0.7385884119,0.4035035814,1.1420919933
2017-12-15,-0.7382827626,0.3734753215,1.1117580842
2017-12-18,-0.7240255517,0.3745654858,1.0985910375
2017-12-19,-0.7105696042,0.4350769422,1.1456465465
2017-12-20,-0.6913950787,0.4873232174,1.1787182962
2017-12-21,-0.6699112093,0.5048039614,1.1747151707
2017-12-22,-0.6649866953,0.4932084686,1.1581951638
2017-12-27,-0.6731523011,0.4728448133,1.1459971144
2017-12-28,-0.6376181898,0.4997503955,1.1373685853
2017-12-29,-0.6352172241,0.5220430870,1.1572603112
2018-01-02,-0.6184492734,0.5376153700,1.1560646434
2018-01-03,-0.6258495136,0.5218374833,1.1476869969
2018-01-04,-0.6092078650,0.5327264518,1.1419343169
2018-01-05,-0.6104663270,0.5234873205,1.1339536475
2018-01-08,-0.6202436118,0.5068957995,1.1271394113
2018-01-09,-0.6158303015,0.5290185243,1.1448488259
2018-01-10,-0.6151396804,0.5679457567,1.1830854372
2018-01-11,-0.5646616875,0.6201560239,1.1848177114
2018-01-12,-0.5597776646,0.6191016412,1.1788793059
2018-01-15,-0.5778057363,0.6102340614,1.1880397977
2018-01-16,-0.5749339862,0.5856505956,1.1605845818
2018-01-17,-0.5706399095,0.5857907047,1.1564306142
2018-01-18,-0.5762719550,0.6120543717,1.1883263267
2018-01-19,-0.5854912862,0.6152351671,1.2007264534
2018-01-22,-0.5915804785,0.6184954432,1.2100759217
2018-01-23,-0.5833259437,0.5969554150,1.1802813586
2018-01-24,-0.5807932699,0.6294744231,1.2102676930
2018-01-25,-0.5451433564,0.6677173144,1.2128606708
2018-01-26,-0.5387041961,0.6622642779,1.2009684740
2018-01-29,-0.5075764574,0.7247112197,1.2322876771
2018-01-30,-0.5176578098,0.7330616992,1.2507195089
2018-01-31,-0.5247320549,0.7098755199,1.2346075747
2018-02-01,-0.5327598288,0.7477801886,1.2805400174
2018-02-02,-0.5217511057,0.7891126590,1.3108637646
2018-02-05,-0.5432262406,0.7681959470,1.3114221876
2018-02-06,-0.5472357534,0.7472459181,1.2944816714
2018-02-07,-0.5448470228,0.7575132514,1.3023602742
2018-02-08,-0.5146026909,0.8354119886,1.3500146795
2018-02-09,-0.5456359457,0.7927382911,1.3383742369
2018-02-12,-0.5592832426,0.7979571277,1.3572403703
2018-02-13,-0.5624755787,0.7903528206,1.3528283993
2018-02-14,-0.5479182527,0.8110588617,1.3589771145
2018-02-15,-0.5396199499,0.8177105769,1.3573305269
2018-02-16,-0.5552945118,0.7679671557,1.3232616675
2018-02-19,-0.5495560354,0.7983269778,1.3478830131
2018-02-20,-0.5565767408,0.7824354691,1.3390122099
2018-02-21,-0.5484844626,0.7716906888,1.3201751515
2018-02-22,-0.5560946037,0.7643303386,1.3204249423
2018-02-23,-0.5701424030,0.7153560257,1.2854984287
2018-02-26,-0.5725897806,0.7020362544,1.2746260350
2018-02-27,-0.5642931916,0.7208511463,1.2851443379
2018-02-28,-0.5727161564,0.7091440932,1.2818602497
2018-03-01,-0.5817057430,0.6859404630,1.2676462059
2018-03-02,-0.5804957664,0.6748325146,1.2553282810
2018-03-05,-0.5803534240,0.6811245128,1.2614779369
2018-03-06,-0.5622852014,0.7266525311,1.2889377326
2018-03-07,-0.5585202152,0.7126849079,1.2712051231
2018-03-08,-0.5671559401,0.6999532370,1.2671091771
2018-03-09,-0.5715420546,0.7018035266,1.2733455812
2018-03-12,-0.5800019062,0.6809588210,1.2609607272
2018-03-13,-0.5890634617,0.6847128736,1.2737763354
2018-03-14,-0.5793483600,0.6642887635,1.2436371235
2018-03-15,-0.5862981807,0.6267206378,1.2130188185
2018-03-16,-0.5910615551,0.6350385978,1.2261001529
2018-03-19,-0.5854879795,0.6346435930,1.2201315724
2018-03-20,-0.5876399457,0.6391139784,1.2267539241
2018-03-21,-0.5867594890,0.6483959927,1.2351554818
2018-03-22,-0.6142478931,0.5760251248,1.1902730179
2018-03-23,-0.6017288878,0.5874861622,1.1892150499
2018-03-26,-0.5983788172,0.5836538476,1.1820326647
2018-03-27,-0.6073070107,0.5621034681,1.1694104788
2018-03-28,-0.6083209264,0.5507965356,1.1591174620
2018-03-29,-0.6099561696,0.5484389372,1.1583951068
2018-04-03,-0.6016023873,0.5520608759,1.1536632632
2018-04-04,-0.6032334389,0.5473333323,1.1505667712
2018-04-05,-0.5873391173,0.5701744119,1.1575135292
2018-04-06,-0.5904540552,0.5599236952,1.1503777504
2018-04-09,-0.5836820001,0.5611718349,1.1448538350
2018-04-10,-0.5702934950,0.5647372364,1.1350307314
2018-04-11,-0.5714193834,0.5522598338,1.1236792172
2018-04-12,-0.5755119500,0.5664182109,1.1419301610
2018-04-13,-0.5807393396,0.5766410828,1.1573804224
2018-04-16,-0.5792179392,0.5759365213,1.1551544604
2018-04-17,-0.5853195320,0.5691320250,1.1544515569
2018-04-18,-0.5753764776,0.5709947189,1.1463711965
2018-04-19,-0.5562530144,0.6359708493,1.1922238636
2018-04-20,-0.5570122067,0.6577628436,1.2147750504
2018-04-23,-0.5498127376,0.6768867556,1.2266994932
2018-04-24,-0.5458236716,0.6949781092,1.2408017808
2018-04-25,-0.5505285973,0.6900648731,1.2405934704
2018-04-26,-0.5530571322,0.6709688169,1.2240259491
2018-04-27,-0.5718836217,0.6227839237,1.1946675454
2018-04-30,-0.5709839087,0.6286787111,1.1996626198
2018-05-02,-0.5717191943,0.6329546775,1.2046738718
2018-05-03,-0.5778050844,0.6064645488,1.1842696332
2018-05-04,-0.5725845065,0.6021888770,1.1747733835
2018-05-07,-0.5769564921,0.5859906362,1.1629471282
2018-05-08,-0.5715153182,0.6113461460,1.1828614642
2018-05-09,-0.5645516371,0.6288267092,1.1933783463
2018-05-10,-0.5793114878,0.6022431932,1.1815546810
2018-05-11,-0.5679627449,0.6223807502,1.1903434951
2018-05-14,-0.5470994882,0.6705578763,1.2176573645
2018-05-15,-0.5379548795,0.6996661606,1.2376210401
2018-05-16,-0.5581990429,0.6693831562,1.2275821991
2018-05-17,-0.5595473370,0.6838346397,1.2433819767
2018-05-18,-0.5640119900,0.6788122998,1.2428242897
2018-05-21,-0.5909289595,0.6221187168,1.2130476763
2018-05-22,-0.5874825959,0.6201334068,1.2076160026
2018-05-23,-0.6045871737,0.5838327755,1.1884199491
2018-05-24,-0.6162522612,0.5411493513,1.1574016125
2018-05-25,-0.6529199773,0.4727151857,1.1256351630
2018-05-28,-0.6925742478,0.4312649034,1.1238391512
2018-05-29,-0.7060217742,0.4089256474,1.1149474216
2018-05-30,-0.7046927346,0.4004221620,1.1051148965
2018-05-31,-0.6913572167,0.4024670997,1.0938243164
2018-06-01,-0.6366566110,0.4607918447,1.0974484557
2018-06-04,-0.6318401253,0.4789344866,1.1107746119
2018-06-05,-0.6563043078,0.4574042375,1.1137085452
2018-06-06,-0.6225627072,0.5309162455,1.1534789527
2018-06-07,-0.6179630993,0.5704302034,1.1883933027
2018-06-08,-0.6595595882,0.5272007649,1.1867603531
2018-06-11,-0.6234215983,0.5783466902,1.2017682885
2018-06-12,-0.6083517892,0.5795702133,1.1879220026
2018-06-13,-0.6121423826,0.5451870057,1.1573293884
2018-06-14,-0.6339709690,0.5234857713,1.1574567403
2018-06-15,-0.6442975095,0.4762542020,1.1205517114
2018-06-18,-0.6479226793,0.4739042260,1.1218269053
2018-06-19,-0.6616324853,0.4374811163,1.0991136016
2018-06-20,-0.6630035381,0.4543392912,1.1173428293
2018-06-21,-0.6857809034,0.4212495643,1.1070304678
2018-06-22,-0.6927997128,0.4182182715,1.1110179843
2018-06-25,-0.6862412487,0.4103555045,1.0965967532
2018-06-26,-0.6928244295,0.4196190404,1.1124434699
2018-06-27,-0.6871671534,0.4036427093,1.0908098627
2018-06-28,-0.6946496106,0.3841357410,1.0787853516
2018-06-29,-0.6820192348,0.3790556870,1.0610749219
2018-07-02,-0.6966512531,0.3728063270,1.0694575801
2018-07-03,-0.6813203491,0.3677798910,1.0491002402
2018-07-04,-0.6718174626,0.3664536709,1.0382711335
2018-07-05,-0.6660347231,0.3729254087,1.0389601317
2018-07-06,-0.6730368487,0.3621418680,1.0351787167
2018-07-09,-0.6566104998,0.3893735676,1.0459840674
2018-07-10,-0.6524142834,0.3907256219,1.0431399053
2018-07-11,-0.6467465672,0.3821032403,1.0288498075
2018-07-12,-0.6553347516,0.3685001184,1.0238348700
2018-07-13,-0.6618555301,0.3512959458,1.0131514759
2018-07-16,-0.6502056931,0.3803193163,1.0305250094
2018-07-17,-0.6527641141,0.3643481577,1.0171122718
2018-07-18,-0.6527274227,0.3530315235,1.0057589462
2018-07-19,-0.6547338029,0.3499036164,1.0046374192
2018-07-20,-0.6452680475,0.3737684192,1.0190364667
2018-07-23,-0.6318103242,0.4129764417,1.0447867659
2018-07-24,-0.6318903231,0.4229360143,1.0548263374
2018-07-25,-0.6271391784,0.4101326159,1.0372717943
2018-07-26,-0.6314733314,0.4086933885,1.0401667199
2018-07-27,-0.6283917353,0.4185302579,1.0469219932
2018-07-30,-0.6057251020,0.4668007201,1.0725258220
2018-07-31,-0.5930745644,0.4553404509,1.0484150153
2018-08-01,-0.5789576700,0.4996144956,1.0785721656
2018-08-02,-0.5881901904,0.4868874088,1.0750775992
2018-08-03,-0.6141770126,0.4326907669,1.0468677795
2018-08-06,-0.6123697412,0.4117678231,1.0241375643
2018-08-07,-0.6109920554,0.4323275662,1.0433196217
2018-08-08,-0.6131452635,0.4273381973,1.0404834609
2018-08-09,-0.6331357354,0.4002558931,1.0333916285
2018-08-10,-0.6573601352,0.3508818643,1.0082419995
2018-08-13,-0.6609658761,0.3521400443,1.0131059205
2018-08-14,-0.6547490262,0.3481911926,1.0029402188
2018-08-15,-0.6619919479,0.3347280467,0.9967199947
2018-08-16,-0.6580970739,0.3345410063,0.9926380801
2018-08-17,-0.6614776800,0.3243727005,0.9858503805
2018-08-20,-0.6625850716,0.3243509927,0.9869360643
2018-08-21,-0.6438010338,0.3551289078,0.9989299416
2018-08-22,-0.6324920242,0.3580340831,0.9905261073
2018-08-23,-0.6246828570,0.3701555630,0.9948384200
2018-08-24,-0.6169822173,0.3867362419,1.0037184592
2018-08-27,-0.6102311459,0.4059009965,1.0161321424
2018-08-28,-0.6043309385,0.4167668233,1.0210977618
2018-08-29,-0.5944592993,0.4426493237,1.0371086230
2018-08-30,-0.6236487301,0.3922730792,1.0159218093
2018-08-31,-0.6269550761,0.3719089874,0.9988640635
2018-09-03,-0.6299764793,0.3663075368,0.9962840161
2018-09-04,-0.6108075097,0.3787360305,0.9895435402
2018-09-05,-0.5853458554,0.4279527866,1.0132986420
2018-09-06,-0.5929825361,0.4044883281,0.9974708642
2018-09-07,-0.5826719640,0.4199569561,1.0026289201
2018-09-10,-0.5722089712,0.4365483689,1.0087573400
2018-09-11,-0.5610046288,0.4651661344,1.0261707631
2018-09-12,-0.5725057998,0.4321997253,1.0047055251
2018-09-13,-0.5679983742,0.4615931049,1.0295914791
2018-09-14,-0.5605720978,0.4829293916,1.0435014894
2018-09-17,-0.5514205115,0.4908558765,1.0422763880
2018-09-18,-0.5480354213,0.5039115211,1.0519469423
2018-09-19,-0.5453190145,0.5193924698,1.0647114843
2018-09-20,-0.5463463582,0.5202739194,1.0666202777
2018-09-21,-0.5571499695,0.4932284812,1.0503784507
2018-09-24,-0.5290102733,0.5403904599,1.0694007333
2018-09-25,-0.5211293884,0.5654457043,1.0865750927
2018-09-26,-0.5157521617,0.5632325214,1.0789846831
2018-09-27,-0.5171137324,0.5486298236,1.0657435560
2018-09-28,-0.5451433434,0.5091276886,1.0542710320
2018-10-01,-0.5466704212,0.5392670129,1.0859374342
2018-10-02,-0.5704635753,0.4780783783,1.0485419537
2018-10-03,-0.5572971497,0.4985365492,1.0558336989
2018-10-04,-0.5297809212,0.5631430594,1.0929239806
2018-10-05,-0.5300351285,0.5958080384,1.1258431668
2018-10-08,-0.5500029298,0.5847991115,1.1348020413
2018-10-09,-0.5508205539,0.5906548149,1.1414753688
2018-10-10,-0.5349166182,0.6022768423,1.1371934605
2018-10-11,-0.5539960487,0.5794345500,1.1334305987
2018-10-12,-0.5687641721,0.5568402979,1.1256044700
2018-10-15,-0.5833541937,0.5490314019,1.1323855956
2018-10-16,-0.5852766798,0.5353802677,1.1206569475
2018-10-17,-0.5947330359,0.5153312074,1.1100642433
2018-10-18,-0.6061157248,0.5107796151,1.1168953399
2018-10-19,-0.6247621573,0.4847774281,1.1095395854
2018-10-22,-0.6096870309,0.4912815034,1.1009685343
2018-10-23,-0.6193521588,0.4647534738,1.0841056326
2018-10-24,-0.6341105564,0.4528218981,1.0869324545
2018-10-25,-0.6350254888,0.4502251778,1.0852506667
2018-10-26,-0.6481863012,0.4113428724,1.0595291736
2018-10-29,-0.6344201329,0.4478275857,1.0822477186
2018-10-30,-0.6438386102,0.4253270251,1.0691656354
2018-10-31,-0.6299003251,0.4342568662,1.0641571913
2018-11-01,-0.6266445653,0.4574657033,1.0841102687
2018-11-02,-0.6241776021,0.4846928420,1.1088704441
2018-11-05,-0.6213209064,0.4813594336,1.1026803401
2018-11-06,-0.6182093226,0.4822662429,1.1004755654
2018-11-07,-0.5962768520,0.4981553552,1.0944322072
2018-11-08,-0.5985169950,0.5076617794,1.1061787744
2018-11-09,-0.6106086091,0.4734748849,1.0840834940
2018-11-12,-0.6206777931,0.4467730747,1.0674508678
2018-11-13,-0.6130013629,0.4561970314,1.0691983943
2018-11-14,-0.6117279332,0.4724019180,1.0841298512
2018-11-15,-0.6371934040,0.4235837439,1.0607771478
2018-11-16,-0.6331055646,0.4312189812,1.0643245458
2018-11-19,-0.6191972026,0.4466936319,1.0658908345
2018-11-20,-0.6307478425,0.4140571397,1.0448049822
2018-11-21,-0.6206905404,0.4300745418,1.0507650822
2018-11-22,-0.6150929515,0.4384668702,1.0535598217
2018-11-23,-0.6247578416,0.4034291790,1.0281870206
2018-11-26,-0.6116244688,0.4284067434,1.0400312122
2018-11-27,-0.6243157320,0.4095785461,1.0338942781
2018-11-28,-0.6209453831,0.4177935830,1.0387389660
2018-11-29,-0.6346030542,0.3882940592,1.0228971134
2018-11-30,-0.6361893580,0.3690324345,1.0052217925
2018-12-03,-0.6340272105,0.3725785041,1.0066057146
2018-12-04,-0.6435197543,0.3447882313,0.9883079856
2018-12-05,-0.6441051780,0.3311463014,0.9752514794
2018-12-06,-0.6593980870,0.2946934069,0.9540914939
2018-12-07,-0.6348795403,0.3292498065,0.9641293468
2018-12-10,-0.6109071936,0.3091154534,0.9200226470
2018-12-11,-0.6346566483,0.3010056630,0.9356623113
2018-12-12,-0.6178571175,0.3194028123,0.9372599298
2018-12-13,-0.6284936719,0.3150103140,0.9435039859
2018-12-14,-0.6441758730,0.3195778858,0.9637537589
2018-12-17,-0.6459667390,0.3215132280,0.9674799669
2018-12-18,-0.6482181008,0.3100501754,0.9582682763
2018-12-19,-0.6410470087,0.3048671622,0.9459141709
2018-12-20,-0.6411363859,0.2850425185,0.9261789044
2018-12-21,-0.6503375628,0.3019814724,0.9523190352
2018-12-27,-0.6574296853,0.3039678511,0.9613975365
2018-12-28,-0.6582477614,0.3162230184,0.9744707798
2019-01-02,-0.6696859307,0.2277731720,0.8974591027
2019-01-03,-0.6550761563,0.2462275849,0.9013037413
2019-01-04,-0.6349525513,0.2746611771,0.9096137284
2019-01-07,-0.6210712528,0.2888748336,0.9099460864
2019-01-08,-0.6101836217,0.3105817909,0.9207654125
2019-01-09,-0.6082947462,0.3011134770,0.9094082232
2019-01-10,-0.6188518735,0.2674735772,0.8863254508
2019-01-11,-0.6194097620,0.2487008781,0.8681106401
2019-01-14,-0.6226261164,0.2426070716,0.8652331879
2019-01-15,-0.6336027071,0.2388592302,0.8724619373
2019-01-16,-0.6230697437,0.2580422899,0.8811120335
2019-01-17,-0.6143232554,0.2672090340,0.8815322893
2019-01-18,-0.6135901441,0.2811071406,0.8946972847
2019-01-21,-0.6073630554,0.2881681562,0.8955312116
2019-01-22,-0.6105981298,0.2680802570,0.8786783868
2019-01-23,-0.6079165653,0.2652459916,0.8731625569
2019-01-24,-0.6023392609,0.2159525970,0.8182918580
2019-01-25,-0.6010702749,0.2245224258,0.8255927007
2019-01-28,-0.5952243820,0.2289868403,0.8242112223
2019-01-29,-0.5861937996,0.2268015997,0.8129953994
2019-01-30,-0.5781267654,0.2152586627,0.7933854281
2019-01-31,-0.5821824090,0.1876074799,0.7697898889
2019-02-01,-0.5921860988,0.1876056778,0.7797917766
2019-02-04,-0.5841666236,0.2057848208,0.7899514443
2019-02-05,-0.5793725945,0.2156275056,0.7950001001
2019-02-06,-0.5629819356,0.1950841126,0.7580660482
2019-02-07,-0.5821738292,0.1473309503,0.7295047794
2019-02-08,-0.5855405728,0.1209066789,0.7064472517
2019-02-11,-0.5734593338,0.1494672097,0.7229265435
2019-02-12,-0.5699058680,0.1776718162,0.7475776842
2019-02-13,-0.5612781599,0.1779687473,0.7392469072
2019-02-14,-0.5687409543,0.1346361223,0.7033770766
2019-02-15,-0.5658124696,0.1493039043,0.7151163738
2019-02-18,-0.5690430418,0.1565012477,0.7255442895
2019-02-19,-0.5781613728,0.1541121528,0.7322735256
2019-02-20,-0.5771470193,0.1454993039,0.7226463231
2019-02-21,-0.5618157659,0.1839394970,0.7457552629
2019-02-22,-0.5726652988,0.1479103895,0.7205756884
2019-02-25,-0.5596982557,0.1583176480,0.7180159038
2019-02-26,-0.5590257925,0.1601038119,0.7191296044
2019-02-27,-0.5475179026,0.1967485204,0.7442664231
2019-02-28,-0.5375636108,0.2281325210,0.7656961317
2019-03-01,-0.5281549818,0.2549494462,0.7831044280
2019-03-04,-0.5293991957,0.2247227034,0.7541218990
2019-03-05,-0.5352326889,0.2165179841,0.7517506730
2019-03-06,-0.5397265468,0.1811138541,0.7208404009
2019-03-07,-0.5657996322,0.1309803510,0.6967799831
2019-03-08,-0.5576015844,0.1219710544,0.6795726388
2019-03-11,-0.5593234469,0.1090820490,0.6684054959
2019-03-12,-0.5616213277,0.1147251636,0.6763464913
2019-03-13,-0.5616213277,0.1147251636,0.6763464913
2019-03-14,-0.5587616361,0.1300044644,0.6887661006
2019-03-15,-0.5528089610,0.1310416737,0.6838506347
2019-03-18,-0.5482613798,0.1340795395,0.6823409194
2019-03-19,-0.5403502937,0.1571049544,0.6974552480
2019-03-20,-0.5414183288,0.1368180909,0.6782364197
2019-03-21,-0.5566675170,0.0926855716,0.6493530885
2019-03-22,-0.5797742011,0.0155754715,0.5953496726
2019-03-25,-0.5810348852,0.0326000528,0.6136349380
2019-03-26,-0.5744096677,0.0280913337,0.6025010014
2019-03-27,-0.6336362484,-0.0336564559,0.5999797925
2019-03-28,-0.6088120363,-0.0232666246,0.5855454117
2019-03-29,-0.6201085047,-0.0134294350,0.6066790697
2019-04-01,-0.6139492556,0.0081585304,0.6221077860
2019-04-02,-0.6215123170,0.0113446891,0.6328570061
2019-04-03,-0.6019632852,0.0558353044,0.6577985895
2019-04-04,-0.6002265100,0.0442018634,0.6444283733
2019-04-05,-0.5931159299,0.0499743693,0.6430902992
2019-04-08,-0.5932649585,0.0518491313,0.6451140898
2019-04-09,-0.5902739541,0.0394865855,0.6297605396
2019-04-10,-0.6076042713,0.0127112753,0.6203155466
2019-04-11,-0.6042465766,0.0308424818,0.6350890584
2019-04-12,-0.5805791328,0.0901707670,0.6707498998
2019-04-15,-0.5770669927,0.1150477303,0.6921147230
2019-04-16,-0.5842043868,0.1072378389,0.6914422257
2019-04-17,-0.5839549638,0.1274962291,0.7114511929
2019-04-18,-0.5878664128,0.0725736382,0.6604400510
2019-04-23,-0.5904133871,0.0845989247,0.6750123118
2019-04-24,-0.6041421139,0.0390836468,0.6432257608
2019-04-25,-0.6082967786,0.0391228593,0.6474196380
2019-04-26,-0.6100129959,0.0304865473,0.6404995432
2019-04-29,-0.5964239876,0.0561914214,0.6526154090
2019-04-30,-0.5937872516,0.0761878545,0.6699751061
2019-05-02,-0.6000873403,0.0593398054,0.6594271457
2019-05-03,-0.6028842046,0.0651605071,0.6680447117
2019-05-06,-0.6005925397,0.0617863578,0.6623788975
2019-05-07,-0.6171764733,0.0193468239,0.6365232972
2019-05-08,-0.6301406076,0.0019885056,0.6321291132
2019-05-09,-0.6421989521,-0.0053698786,0.6368290735
2019-05-10,-0.6284218377,0.0210306413,0.6494524789
2019-05-13,-0.6372164635,-0.0012420115,0.6359744520
2019-05-14,-0.6491186024,-0.0172238039,0.6318947985
2019-05-15,-0.6673523159,-0.0539471578,0.6134051582
2019-05-16,-0.6460994567,-0.0280312101,0.6180682466
2019-05-17,-0.6435465505,-0.0446204001,0.5989261505
2019-05-20,-0.6415190254,-0.0279463745,0.6135726509
2019-05-21,-0.6325419084,-0.0110129224,0.6215289860
2019-05-22,-0.6300315355,-0.0156953902,0.6143361453
2019-05-23,-0.6449111710,-0.0505953773,0.5943157937
2019-05-24,-0.6418244070,-0.0461320959,0.5956923111
2019-05-27,-0.6526119194,-0.0727535518,0.5798583676
2019-05-28,-0.6538724293,-0.0850865485,0.5687858809
2019-05-29,-0.6589632587,-0.1100936806,0.5488695781
2019-05-30,-0.6581493657,-0.0986345652,0.5595148005
2019-05-31,-0.6869487790,-0.1317339567,0.5552148224
2019-06-03,-0.6677441338,-0.1439480990,0.5237960348
2019-06-04,-0.6636206038,-0.1462880656,0.5173325383
2019-06-05,-0.6789673458,-0.1671417481,0.5118255978
2019-06-06,-0.6556330284,-0.1668102520,0.4888227764
2019-06-07,-0.6753562064,-0.2058512388,0.4695049676
2019-06-10,-0.6677216345,-0.1615216773,0.5061999573
2019-06-11,-0.6726396598,-0.1732442801,0.4993953797
2019-06-12,-0.6767997132,-0.1754792559,0.5013204573
2019-06-13,-0.6771850818,-0.1841362163,0.4930488655
2019-06-14,-0.6909511889,-0.1926240065,0.4983271824
2019-06-17,-0.6861968374,-0.1801843625,0.5060124748
2019-06-18,-0.7513282859,-0.2541286668,0.4971996191
2019-06-19,-0.7325850419,-0.2283185908,0.5042664511
2019-06-20,-0.7502258130,-0.2589806352,0.4912451778
2019-06-21,-0.7306151471,-0.2209857806,0.5096293665
2019-06-24,-0.7344230258,-0.2362561784,0.4981668473
2019-06-25,-0.7418314167,-0.2668973851,0.4749340316
2019-06-26,-0.7391389711,-0.2551530777,0.4839858934
2019-06-27,-0.7327475267,-0.2476540647,0.4850934620
2019-06-28,-0.7454175605,-0.2588942841,0.4865232764
2019-07-01,-0.7547355157,-0.2822507044,0.4724848113
2019-07-02,-0.7659637315,-0.2956847159,0.4702790156
2019-07-03,-0.7594465380,-0.3233026522,0.4361438858
2019-07-04,-0.7615317015,-0.3386541677,0.4228775338
2019-07-05,-0.7496887025,-0.2811771411,0.4685115613
2019-07-08,-0.7537460779,-0.3185665538,0.4351795241
2019-07-09,-0.7425618029,-0.2828982478,0.4596635551
2019-07-10,-0.7354994723,-0.2322518805,0.5032475918
2019-07-11,-0.7346504796,-0.2050963058,0.5295541738
2019-07-12,-0.7394963071,-0.1802300407,0.5592662665
2019-07-15,-0.7454693392,-0.2239930439,0.5214762953
2019-07-16,-0.7497546605,-0.2301979168,0.5195567437
2019-07-17,-0.7659429269,-0.2663176699,0.4996252570
2019-07-18,-0.7678624129,-0.2732295241,0.4946328888
2019-07-19,-0.7830852882,-0.2942121541,0.4888731341
2019-07-22,-0.7918250691,-0.3083910217,0.4834340474
2019-07-23,-0.7968590379,-0.3188229363,0.4780361016
2019-07-24,-0.7968210861,-0.3556120517,0.4412090344
2019-07-25,-0.7740224971,-0.3128483574,0.4611741397
2019-07-26,-0.7732641795,-0.3435090810,0.4297550985
2019-07-29,-0.7849729329,-0.3699780393,0.4149948936
2019-07-30,-0.7764827990,-0.3727334859,0.4037493131
2019-07-31,-0.7938125698,-0.3904594032,0.4033531666
2019-08-01,-0.7942923763,-0.4187885294,0.3755038470
2019-08-02,-0.8046557742,-0.4522644374,0.3523913368
2019-08-05,-0.8265067536,-0.4904111160,0.3360956376
2019-08-06,-0.8337863948,-0.5044519798,0.3293344150
2019-08-07,-0.8749885469,-0.5782931036,0.2966954433
2019-08-08,-0.8693430437,-0.5273443493,0.3419986944
2019-08-09,-0.8837306213,-0.5389426226,0.3447879988
2019-08-12,-0.8930121349,-0.5570565308,0.3359556040
2019-08-13,-0.8829760412,-0.5665030430,0.3164729982
2019-08-14,-0.8895514990,-0.6154969420,0.2740545570
2019-08-15,-0.9112549680,-0.6560361273,0.2552188407
2019-08-16,-0.9233985204,-0.6694386681,0.2539598523
2019-08-19,-0.9198765384,-0.6035549201,0.3163216182
2019-08-20,-0.9336762119,-0.6591605838,0.2745156281
2019-08-21,-0.9172898450,-0.6324653343,0.2848245107
2019-08-22,-0.8866665054,-0.6009931155,0.2856733899
2019-08-23,-0.9063060982,-0.6068446042,0.2994614940
2019-08-26,-0.9080950832,-0.6197477039,0.2883473792
2019-08-27,-0.9082361720,-0.6423986974,0.2658374746
2019-08-28,-0.9171996584,-0.6803128383,0.2368868201
2019-08-29,-0.9289429480,-0.6567194182,0.2722235298
2019-08-30,-0.9297222532,-0.6526805406,0.2770417126
2019-09-02,-0.9397908647,-0.6459338319,0.2938570328
2019-09-03,-0.9197341341,-0.6558821047,0.2638520294
2019-09-04,-0.9117660579,-0.6093422922,0.3024237657
2019-09-05,-0.8967885559,-0.5401369928,0.3566515631
2019-09-06,-0.8925224469,-0.5875044003,0.3050180465
2019-09-09,-0.8739493653,-0.5297917095,0.3441576558
2019-09-10,-0.8662428260,-0.5259884867,0.3402543393
2019-09-11,-0.8641644733,-0.5217154826,0.3424489908
2019-09-12,-0.7856719125,-0.5264382988,0.2592336137
2019-09-13,-0.7562898891,-0.4428530466,0.3134368425
2019-09-16,-0.7572722838,-0.4300552577,0.3272170260
2019-09-17,-0.7510507802,-0.4355409696,0.3155098106
2019-09-18,-0.7647269015,-0.4555477016,0.3091791998
2019-09-19,-0.7431638862,-0.4564759426,0.2866879436
2019-09-20,-0.7485352443,-0.4734546186,0.2750806257
2019-09-23,-0.7694007197,-0.5390554263,0.2303452934
2019-09-24,-0.7688752506,-0.5412999511,0.2275752995
2019-09-25,-0.7692103102,-0.5625564985,0.2066538117
2019-09-26,-0.7805072196,-0.5330093328,0.2474978868
2019-09-27,-0.7995267563,-0.5406284275,0.2588983288
2019-09-30,-0.8056211899,-0.5210200593,0.2846011306
2019-10-01,-0.7908502089,-0.4911456206,0.2997045884
2019-10-02,-0.7977470724,-0.4890583508,0.3086887216
2019-10-03,-0.8089466330,-0.5450250683,0.2639215646
2019-10-04,-0.8054539697,-0.5395014144,0.2659525554
2019-10-07,-0.8026056136,-0.5358568621,0.2667487516
2019-10-08,-0.8153982142,-0.5463180469,0.2690801673
2019-10-09,-0.7956894001,-0.5196653223,0.2760240778
2019-10-10,-0.7433487035,-0.4355530912,0.3077956124
2019-10-11,-0.7365868935,-0.4048151461,0.3317717474
2019-10-14,-0.7294032806,-0.4109760016,0.3184272790
2019-10-15,-0.7188253752,-0.4199959141,0.2988294611
2019-10-16,-0.7000965870,-0.3406904201,0.3594061668
2019-10-17,-0.6954869015,-0.3533183536,0.3421685479
2019-10-18,-0.6887310267,-0.3320884254,0.3566426012
2019-10-21,-0.6885392436,-0.2977929654,0.3907462781
2019-10-22,-0.6870855340,-0.3260065424,0.3610789916
2019-10-23,-0.6892220858,-0.3528551037,0.3363669821
2019-10-24,-0.6957795421,-0.3540182108,0.3417613312
2019-10-25,-0.6896229145,-0.3282783361,0.3613445784
2019-10-28,-0.6757013588,-0.2807901988,0.3949111600
2019-10-29,-0.6705850708,-0.3011600967,0.3694249741
2019-10-30,-0.6636732822,-0.3108008456,0.3528724366
2019-10-31,-0.6935057375,-0.3645588720,0.3289468655
2019-11-01,-0.6943884298,-0.3441161751,0.3502722548
2019-11-04,-0.6838892992,-0.3021454461,0.3817438531
2019-11-05,-0.6684360365,-0.2710676566,0.3973683799
2019-11-06,-0.6520705964,-0.2787346064,0.3733359900
2019-11-07,-0.6444771708,-0.2201532546,0.4243239161
2019-11-08,-0.6395682311,-0.2103714369,0.4291967942
2019-11-11,-0.6326553812,-0.2123400483,0.4203153329
2019-11-12,-0.6421888344,-0.1979308834,0.4442579510
2019-11-13,-0.6508297236,-0.2515448649,0.3992848587
2019-11-14,-0.6634103828,-0.2868179395,0.3765924434
2019-11-15,-0.6658398741,-0.2871831969,0.3786566771
2019-11-18,-0.6598604158,-0.2900271193,0.3698332965
2019-11-19,-0.6576599099,-0.2841604355,0.3734994745
2019-11-20,-0.6663496258,-0.3109123344,0.3554372915
2019-11-21,-0.6591149628,-0.2726556705,0.3864592923
2019-11-22,-0.6534085839,-0.2973916358,0.3560169481
2019-11-25,-0.6590246526,-0.3061156040,0.3529090486
2019-11-26,-0.6618538463,-0.3272787649,0.3345750814
2019-11-27,-0.6566121846,-0.3124069591,0.3442052255
2019-11-28,-0.6581720303,-0.3103829972,0.3477890331
2019-11-29,-0.6469481469,-0.2973038144,0.3496443325
2019-12-02,-0.6348347400,-0.2256774051,0.4091573348
2019-12-03,-0.6585722948,-0.2736879643,0.3848843305
2019-12-04,-0.6623989150,-0.2799956118,0.3824033031
2019-12-05,-0.6390081021,-0.2289599369,0.4100481652
2019-12-06,-0.6483586454,-0.2352510049,0.4131076405
2019-12-09,-0.6539890540,-0.2490349363,0.4049541177
2019-12-10,-0.6606419318,-0.2320126397,0.4286292922
2019-12-11,-0.6646086954,-0.2500993538,0.4145093416
2019-12-12,-0.6567774680,-0.2327636496,0.4240138185
2019-12-13,-0.6450026729,-0.2092932883,0.4357093846
2019-12-16,-0.6527907451,-0.2336635567,0.4191271884
2019-12-17,-0.6573393547,-0.2264504819,0.4308888729
2019-12-18,-0.6525160695,-0.1954644283,0.4570516412
2019-12-19,-0.6457612612,-0.1588309274,0.4869303337
2019-12-20,-0.6482873832,-0.1754136474,0.4728737357
2019-12-23,-0.6588257443,-0.1836878146,0.4751379296
2019-12-27,-0.6525141428,-0.1911062849,0.4614078579
2019-12-30,-0.6183938631,-0.1416139924,0.4767798708
2020-01-02,-0.6221803698,-0.1739952291,0.4481851408
2020-01-03,-0.6383653294,-0.2229262874,0.4154390420
2020-01-06,-0.6510860522,-0.2474256713,0.4036603808
2020-01-07,-0.6505532481,-0.2321297947,0.4184234535
2020-01-08,-0.6411880963,-0.2045804382,0.4366076581
2020-01-09,-0.6147477149,-0.1704795189,0.4442681960
2020-01-10,-0.6072432136,-0.1716351285,0.4356080851
2020-01-13,-0.5963014989,-0.1406716471,0.4556298518
2020-01-14,-0.5965589247,-0.1581516796,0.4384072451
2020-01-15,-0.6072709182,-0.1844169430,0.4228539752
2020-01-16,-0.6072732513,-0.1952813727,0.4119918786
2020-01-17,-0.6070145349,-0.1876597777,0.4193547572
2020-01-20,-0.6016910255,-0.1961084729,0.4055825525
2020-01-21,-0.5939891079,-0.2024295211,0.3915595869
2020-01-22,-0.6065684003,-0.2413260651,0.3652423352
2020-01-23,-0.6241419985,-0.2747758302,0.3493661683
2020-01-24,-0.6229442013,-0.2890709560,0.3338732453
2020-01-27,-0.6435231090,-0.3474035493,0.2961195597
2020-01-28,-0.6436538236,-0.3346603236,0.3089935000
2020-01-29,-0.6541296067,-0.3448154272,0.3093141795
2020-01-30,-0.6676917211,-0.3635179596,0.3041737615
2020-01-31,-0.6798593218,-0.3982077398,0.2816515819
2020-02-03,-0.6906003411,-0.4028138960,0.2877864451
2020-02-04,-0.6558862862,-0.3558140436,0.3000722426
2020-02-05,-0.6474636885,-0.3251897668,0.3222739217
2020-02-06,-0.6346901989,-0.3121010088,0.3225891901
2020-02-07,-0.6511721805,-0.3566917084,0.2944804721
2020-02-10,-0.6469573873,-0.3609515216,0.2860058657
2020-02-11,-0.6510992478,-0.3585664011,0.2925328466
2020-02-12,-0.6459643682,-0.3428180051,0.3031463631
2020-02-13,-0.6475079488,-0.3480963597,0.2994115891
2020-02-14,-0.6600926044,-0.3705077224,0.2895848819
2020-02-17,-0.6583096944,-0.3642674431,0.2940422512
2020-02-18,-0.6482447810,-0.3628297947,0.2854149864
2020-02-19,-0.6484782267,-0.3712332951,0.2772449316
2020-02-20,-0.6490679273,-0.3924990119,0.2565689154
2020-02-21,-0.6462501480,-0.4108924274,0.2353577206
2020-02-24,-0.6820501429,-0.4397553021,0.2422948407
2020-02-25,-0.6956320790,-0.4545266653,0.2411054137
2020-02-26,-0.7011596309,-0.4496438969,0.2515157340
2020-02-27,-0.7493033726,-0.5029516979,0.2463516748
2020-02-28,-0.7861478169,-0.5719619376,0.2141858793
2020-03-02,-0.8215655385,-0.5880763726,0.2334891659
2020-03-03,-0.7838295142,-0.5560707424,0.2277587718
2020-03-04,-0.8230179241,-0.5861897240,0.2368282001
2020-03-05,-0.8476439466,-0.6207002836,0.2269436630
2020-03-06,-0.8666062986,-0.6907591114,0.1758471871
2020-03-09,-0.9658920559,-0.8152153484,0.1506767075
2020-03-10,-0.9227009627,-0.7398902485,0.1828107142
2020-03-11,-0.9329277246,-0.7025231014,0.2304046232
2020-03-12,-0.9706069226,-0.6823884535,0.2882184691
2020-03-13,-0.8904430245,-0.4964854711,0.3939575534
2020-03-16,-0.8795889965,-0.3928589740,0.4867300224
2020-03-17,-0.8658485462,-0.3574957916,0.5083527546
2020-03-18,-0.7806965931,-0.1780639157,0.6026326774
2020-03-19,-0.6634403534,-0.1069264997,0.5565138537
2020-03-20,-0.6730640480,-0.2482208156,0.4248432324
2020-03-23,-0.6933196502,-0.2912357801,0.4020838701
2020-03-24,-0.6334731440,-0.2663578457,0.3671152982
2020-03-25,-0.5993216209,-0.2383652373,0.3609563836
2020-03-26,-0.6317141147,-0.2686452399,0.3630688748
2020-03-27,-0.7038356499,-0.3952602898,0.3085753601
2020-03-30,-0.7174471894,-0.4505475844,0.2668996049
2020-03-31,-0.7059234486,-0.4142217276,0.2917017211
2020-04-01,-0.6651386994,-0.3792923259,0.2858463735
2020-04-02,-0.6550555450,-0.3618051035,0.2932504415
2020-04-03,-0.6712101764,-0.3678165417,0.3033936347
2020-04-06,-0.6552170504,-0.3326687054,0.3225483449
2020-04-07,-0.6369650403,-0.2487718487,0.3881931916
2020-04-08,-0.6138826232,-0.2190768577,0.3948057655
2020-04-09,-0.6173872304,-0.2522837548,0.3651034756
2020-04-14,-0.6430845079,-0.2988593948,0.3442251131
2020-04-15,-0.6794089942,-0.3758689460,0.3035400482
2020-04-16,-0.6599298183,-0.3737586622,0.2861711561
2020-04-17,-0.6723165965,-0.3707949404,0.3015216561
2020-04-20,-0.6669710607,-0.3468469364,0.3201241242
2020-04-21,-0.6617669206,-0.3702438110,0.2915231096
2020-04-22,-0.6503906776,-0.3333140192,0.3170766584
2020-04-23,-0.6676112189,-0.3358285909,0.3317826280
2020-04-24,-0.6682177948,-0.3625937456,0.3056240492
2020-04-27,-0.6416350625,-0.3555674087,0.2860676537
2020-04-28,-0.6541156861,-0.3724736203,0.2816420658
2020-04-29,-0.6790565190,-0.4120554794,0.2670010396
2020-04-30,-0.7058396568,-0.4577088659,0.2481307909
2020-05-04,-0.7092814586,-0.4445438869,0.2647375717
2020-05-05,-0.7527758898,-0.4497137464,0.3030621434
2020-05-06,-0.7195731237,-0.4175174965,0.3020556272
2020-05-07,-0.7150154074,-0.4149614266,0.3000539807
2020-05-08,-0.7466045889,-0.4204737893,0.3261307996
2020-05-11,-0.7121788490,-0.4075834627,0.3045953863
2020-05-12,-0.6826620179,-0.3875111130,0.2951509049
2020-05-13,-0.6975558077,-0.4225872451,0.2749685626
2020-05-14,-0.7078179430,-0.4477477073,0.2600702357
2020-05-15,-0.7105097153,-0.4584677974,0.2520419179
2020-05-18,-0.6913245073,-0.4167596324,0.2745648748
2020-05-19,-0.6449528129,-0.3754843148,0.2694684981
2020-05-20,-0.6475184192,-0.4019455041,0.2455729150
2020-05-21,-0.6610860131,-0.4103757780,0.2507102350
2020-05-22,-0.6552363031,-0.3991108372,0.2561254660
2020-05-25,-0.6513080174,-0.4033485532,0.2479594642
2020-05-26,-0.6171328119,-0.3475946423,0.2695381696
2020-05-27,-0.6143435371,-0.3301525161,0.2841910209
2020-05-28,-0.6172633937,-0.3403945214,0.2768688723
2020-05-29,-0.6337230427,-0.3592212289,0.2745018138
2020-06-01,-0.6369263425,-0.3183326909,0.3185936516
2020-06-02,-0.6513272616,-0.3308349152,0.3204923464
2020-06-03,-0.6273690669,-0.2873537357,0.3400153312
2020-06-04,-0.6180316230,-0.2466432367,0.3713883863
2020-06-05,-0.5984499872,-0.2011248622,0.3973251249
2020-06-08,-0.6128359100,-0.2399232584,0.3729126516
2020-06-09,-0.6151070037,-0.2569465607,0.3581604429
2020-06-10,-0.6147581696,-0.2582867478,0.3564714219
2020-06-11,-0.6478117605,-0.3402277342,0.3075840263
2020-06-12,-0.6616308323,-0.3550624816,0.3065683507
2020-06-15,-0.6664748503,-0.3745102924,0.2919645578
2020-06-16,-0.6501666319,-0.3498574643,0.3003091676
2020-06-17,-0.6562934665,-0.3633493844,0.2929440820
2020-06-18,-0.6602239853,-0.3801660800,0.2800579053
2020-06-19,-0.6688961947,-0.3873921899,0.2815040048
2020-06-22,-0.6903409396,-0.4235823352,0.2667586044
2020-06-23,-0.6572914916,-0.3854677717,0.2718237199
2020-06-24,-0.6553657174,-0.3785676032,0.2767981141
2020-06-25,-0.6889523961,-0.4317089596,0.2572434365
2020-06-26,-0.6960943724,-0.4303633794,0.2657309930
2020-06-29,-0.6934760210,-0.4206285712,0.2728474498
2020-06-30,-0.6942297984,-0.4511601141,0.2430696843
2020-07-01,-0.6584992734,-0.3646722682,0.2938270052
2020-07-02,-0.6747187033,-0.3868078044,0.2879108989
2020-07-03,-0.6827828420,-0.4010754066,0.2817074354
2020-07-06,-0.6779290665,-0.3927475130,0.2851815535
2020-07-07,-0.6731331202,-0.3961275729,0.2770055473
2020-07-08,-0.6728094095,-0.4046544079,0.2681550015
2020-07-09,-0.6770666969,-0.4229079331,0.2541587637
2020-07-10,-0.6963104976,-0.4523359643,0.2439745333
2020-07-13,-0.6635464907,-0.3887019795,0.2748445112
2020-07-14,-0.6685730411,-0.4133933435,0.2551796976
2020-07-15,-0.6715166385,-0.3935838897,0.2779327488
2020-07-16,-0.6755479543,-0.4334242541,0.2421237001
2020-07-17,-0.6759281047,-0.4280650570,0.2478630477
2020-07-20,-0.6758834455,-0.4451441100,0.2307393354
2020-07-21,-0.6694610728,-0.4292295496,0.2402315233
2020-07-22,-0.6975974189,-0.4651311291,0.2324662898
2020-07-23,-0.6803464039,-0.4566251008,0.2237213031
2020-07-24,-0.6668192375,-0.4252819764,0.2415372611
2020-07-27,-0.6819841002,-0.4598172096,0.2221668906
2020-07-28,-0.6986608398,-0.4746202109,0.2240406288
2020-07-29,-0.6936667463,-0.4785682094,0.2150985368
2020-07-30,-0.7141933391,-0.5257299861,0.1884633530
2020-07-31,-0.7097444067,-0.4934549928,0.2162894139
2020-08-03,-0.7069000698,-0.4791267996,0.2277732702
2020-08-04,-0.7204382254,-0.5326657581,0.1877724673
2020-08-05,-0.7035286924,-0.4832810800,0.2202476125
2020-08-06,-0.7086619961,-0.5196281608,0.1890338353
2020-08-07,-0.7023407020,-0.5072362463,0.1951044557
2020-08-10,-0.7096670453,-0.5065268458,0.2031401995
2020-08-11,-0.6907066614,-0.4526879581,0.2380187034
2020-08-12,-0.6835634224,-0.4356647016,0.2478987208
2020-08-13,-0.6557476684,-0.3905306669,0.2652170015
2020-08-14,-0.6615559945,-0.3951394981,0.2664164964
2020-08-17,-0.6700849628,-0.4020355617,0.2680494011
2020-08-18,-0.6764247453,-0.4228381426,0.2535866027
2020-08-19,-0.6860944725,-0.4462939147,0.2398005579
2020-08-20,-0.6949218318,-0.4859040807,0.2090177512
2020-08-21,-0.6956577795,-0.4764155971,0.2192421824
2020-08-24,-0.6886536876,-0.4782246600,0.2104290276
2020-08-25,-0.6587081357,-0.4121498534,0.2465582823
2020-08-26,-0.6536152800,-0.3908726618,0.2627426181
2020-08-27,-0.6663003729,-0.3701596543,0.2961407186
2020-08-28,-0.6766281646,-0.3902054515,0.2864227132
2020-08-31,-0.6632123238,-0.3707673708,0.2924449530
2020-09-01,-0.6730447632,-0.3739073246,0.2991374386
2020-09-02,-0.6908161700,-0.4270503652,0.2637658048
2020-09-03,-0.7023198837,-0.4603707417,0.2419491420
2020-09-04,-0.6971325409,-0.4426237235,0.2545088174
2020-09-07,-0.6932453054,-0.4341125575,0.2591327479
2020-09-08,-0.7061839973,-0.4652973227,0.2408866746
2020-09-09,-0.6883831453,-0.4357383358,0.2526448096
2020-09-10,-0.6734190917,-0.4085939395,0.2648251522
2020-09-11,-0.6867271058,-0.4355379983,0.2511891075
2020-09-14,-0.6993147119,-0.4638550524,0.2354596595
2020-09-15,-0.6893081639,-0.4530035279,0.2363046360
2020-09-16,-0.6925687769,-0.4628874294,0.2296813476
2020-09-17,-0.6950089272,-0.4735761258,0.2214328013
2020-09-18,-0.6975912781,-0.4729647917,0.2246264864
2020-09-21,-0.7156354766,-0.5014623560,0.2141731206
2020-09-22,-0.7070263421,-0.4839613130,0.2230650291
2020-09-23,-0.7063736603,-0.4806940500,0.2256796102
2020-09-24,-0.7115182036,-0.4881484814,0.2233697222
2020-09-25,-0.7067599440,-0.4963290679,0.2104308761
2020-09-28,-0.6961507857,-0.5001584493,0.1959923364
2020-09-29,-0.6904460270,-0.5014359738,0.1890100531
2020-09-30,-0.6921246169,-0.4953658691,0.1967587477
2020-10-01,-0.6887157551,-0.4853429582,0.2033727969
2020-10-02,-0.7067746747,-0.5066794592,0.2000952155
2020-10-05,-0.7054195357,-0.4874808720,0.2179386638
2020-10-06,-0.7100388402,-0.4921696648,0.2178691754
2020-10-07,-0.7019875407,-0.4664222177,0.2355653230
2020-10-08,-0.7107742524,-0.4911001529,0.2196740996
2020-10-09,-0.7302197511,-0.5156040124,0.2146157387
2020-10-12,-0.7322134699,-0.5197315662,0.2124819037
2020-10-13,-0.7437182576,-0.5301042033,0.2136140543
2020-10-14,-0.7516267039,-0.5539630430,0.1976636609
2020-10-15,-0.7735280454,-0.5935013528,0.1800266926
2020-10-16,-0.7803508865,-0.5929924224,0.1873584640
2020-10-19,-0.7825839639,-0.5837748201,0.1988091438
2020-10-20,-0.7850874671,-0.5828554478,0.2022320193
2020-10-21,-0.7758851606,-0.5619477990,0.2139373616
2020-10-22,-0.7756552066,-0.5493628923,0.2262923143
2020-10-23,-0.7601686577,-0.5347056709,0.2254629868
2020-10-26,-0.7567698811,-0.5440869293,0.2126829518
2020-10-27,-0.7708681554,-0.5840760697,0.1867920857
2020-10-28,-0.7943203359,-0.6021365294,0.1921838065
2020-10-29,-0.8050403778,-0.6030597808,0.2019805971
2020-10-30,-0.8008034979,-0.6034864734,0.1973170245
2020-11-02,-0.8054736235,-0.6056602921,0.1998133314
2020-11-03,-0.7994413028,-0.5981530488,0.2012882541
2020-11-04,-0.8057136727,-0.6185876498,0.1871260229
2020-11-05,-0.7930464989,-0.5994041414,0.1936423576
2020-11-06,-0.7880797656,-0.5879951845,0.2000845810
2020-11-09,-0.7465241243,-0.5053532359,0.2411708884
2020-11-10,-0.7300985466,-0.4562919176,0.2738066290
2020-11-11,-0.7330348707,-0.4876685276,0.2453663431
2020-11-12,-0.7372659570,-0.5074823235,0.2297836334
2020-11-13,-0.7494015615,-0.5289951490,0.2204064125
2020-11-16,-0.7474879751,-0.5307732834,0.2167146916
2020-11-17,-0.7423284694,-0.5440800006,0.1982484688
2020-11-18,-0.7440414497,-0.5391208655,0.2049205842
2020-11-19,-0.7444025300,-0.5533823081,0.1910202219
2020-11-20,-0.7596681481,-0.5649592981,0.1947088500
2020-11-23,-0.7626826268,-0.5556303752,0.2070522516
2020-11-24,-0.7645298228,-0.5564149474,0.2081148754
2020-11-25,-0.7596652389,-0.5487161481,0.2109490908
2020-11-26,-0.7626370414,-0.5578160548,0.2048209867
2020-11-27,-0.7617949439,-0.5575061289,0.2042888149
2020-11-30,-0.7521799828,-0.5496842544,0.2024957284
2020-12-01,-0.7370835012,-0.5156576019,0.2214258992
2020-12-02,-0.7320714789,-0.4891754044,0.2428960745
2020-12-03,-0.7488252383,-0.5285281364,0.2202971018
2020-12-04,-0.7571045281,-0.5296154079,0.2274891202
2020-12-07,-0.7768755046,-0.5613015189,0.2155739857
2020-12-08,-0.7883969370,-0.5884381042,0.1999588328
2020-12-09,-0.7931897990,-0.5802644687,0.2129253302
2020-12-10,-0.7888186029,-0.5835258649,0.2052927380
2020-12-11,-0.8057528243,-0.6148095762,0.1909432481
2020-12-14,-0.7899959303,-0.5929995566,0.1969963737
2020-12-15,-0.7899227792,-0.5994756943,0.1904470849
2020-12-16,-0.7588096561,-0.5456016620,0.2132079941
2020-12-17,-0.7666777777,-0.5701908146,0.1964869631
2020-12-18,-0.7578680393,-0.5621708132,0.1956972261
2020-12-21,-0.7677908087,-0.5758626630,0.1919281457
2020-12-22,-0.7651329988,-0.5736288136,0.1915041852
2020-12-23,-0.7451138524,-0.5324507486,0.2126631037
2020-12-28,-0.7607145936,-0.5391871813,0.2215274123
2020-12-29,-0.7662432882,-0.5599709461,0.2062723421
2020-12-30,-0.7668552892,-0.5700079922,0.1968472970
2021-01-04,-0.7422394441,-0.5720845537,0.1701548905
2021-01-05,-0.7456423623,-0.5750587859,0.1705835764
2021-01-06,-0.7348771089,-0.5401835257,0.1946935832
2021-01-07,-0.7427578696,-0.5427611276,0.1999967420
2021-01-08,-0.7455574291,-0.5446041357,0.2009532934
2021-01-11,-0.7329546122,-0.5154055824,0.2175490299
2021-01-12,-0.7233943041,-0.4912255062,0.2321687979
2021-01-13,-0.7308742014,-0.5260978206,0.2047763808
2021-01-14,-0.7526998030,-0.5633570716,0.1893427315
2021-01-15,-0.7446876313,-0.5439206382,0.2007669931
2021-01-18,-0.7379967843,-0.5311800653,0.2068167190
2021-01-19,-0.7319806834,-0.5188665579,0.2131141254
2021-01-20,-0.7353937464,-0.5357603656,0.1996333808
2021-01-21,-0.7264983768,-0.5006893786,0.2258089982
2021-01-22,-0.7322325991,-0.5150580152,0.2171745839
2021-01-25,-0.7473031320,-0.5515737943,0.1957293377
2021-01-26,-0.7483315433,-0.5405202820,0.2078112613
2021-01-27,-0.7587020519,-0.5571614337,0.2015406182
2021-01-28,-0.7606500372,-0.5417382582,0.2189117790
2021-01-29,-0.7531842014,-0.5122549640,0.2409292374
2021-02-01,-0.7442385932,-0.5112039223,0.2330346710
2021-02-02,-0.7348878390,-0.4850892939,0.2497985451
2021-02-03,-0.7293314927,-0.4657032906,0.2636282021
2021-02-04,-0.7218316036,-0.4489231951,0.2729084084
2021-02-05,-0.7257777708,-0.4547085137,0.2710692571
2021-02-08,-0.7232050987,-0.4200757726,0.3031293261
2021-02-09,-0.7249517102,-0.4418373892,0.2831143210
2021-02-10,-0.7294806094,-0.4487913236,0.2806892858
2021-02-11,-0.7388284026,-0.4552401586,0.2835882440
2021-02-12,-0.7272253572,-0.4164291824,0.3107961748
2021-02-15,-0.7156542065,-0.3746499994,0.3410042071
2021-02-16,-0.7135362141,-0.3479390847,0.3655971294
2021-02-17,-0.7105280119,-0.3500528991,0.3604751127
2021-02-18,-0.6969385365,-0.3157659871,0.3811725494
2021-02-19,-0.6998427108,-0.3014574424,0.3983852684
2021-02-22,-0.7052711762,-0.3286702407,0.3766009355
2021-02-23,-0.6987419030,-0.2818750702,0.4168668328
2021-02-24,-0.6942192322,-0.2597867314,0.4344325008
2021-02-25,-0.6687169702,-0.2274242966,0.4412926736
2021-02-26,-0.6666728490,-0.2457394511,0.4209333978
2021-03-01,-0.7057485428,-0.3240427682,0.3817057746
2021-03-02,-0.7048713615,-0.3096255270,0.3952458345
2021-03-03,-0.7006932665,-0.2935971618,0.4070961047
2021-03-04,-0.7064313533,-0.3075997400,0.3988316133
2021-03-05,-0.6999348515,-0.2837801147,0.4161547368
2021-03-08,-0.6951128451,-0.2756398837,0.4194729614
2021-03-09,-0.7030933784,-0.3041652416,0.3989281368
2021-03-10,-0.6946252913,-0.2999154739,0.3947098174
2021-03-11,-0.7061148334,-0.3243995081,0.3817153254
2021-03-12,-0.6988127473,-0.2821945039,0.4166182434
2021-03-15,-0.7107793191,-0.2952824408,0.4154968783
2021-03-16,-0.7188370507,-0.3259504673,0.3928865834
2021-03-17,-0.7114903340,-0.2813992086,0.4300911254
2021-03-18,-0.7061214287,-0.2464714098,0.4596500189
2021-03-19,-0.7192259415,-0.2742559564,0.4449699851
2021-03-22,-0.7285539910,-0.2889048975,0.4396490935
2021-03-23,-0.7361175091,-0.3228741002,0.4132434090
2021-03-24,-0.7380452676,-0.3273222292,0.4107230383
2021-03-25,-0.7475971078,-0.3596305456,0.3879665622
2021-03-26,-0.7446467064,-0.3309516068,0.4136950995
2021-03-29,-0.7419210842,-0.3090660643,0.4328550199
2021-03-30,-0.7116457151,-0.2595793378,0.4520663773
2021-03-31,-0.7218383025,-0.2786500210,0.4431882815
2021-04-01,-0.7351040089,-0.3048308607,0.4302731481
2021-04-06,-0.7295479763,-0.2905626909,0.4389852854
2021-04-07,-0.7359563137,-0.3004071885,0.4355491252
2021-04-08,-0.7441287854,-0.3278594890,0.4162692964
2021-04-09,-0.7230008684,-0.2692333663,0.4537675021
2021-04-12,-0.7285855777,-0.2715624055,0.4570231723
2021-04-13,-0.7280082830,-0.2734792585,0.4545290245
2021-04-14,-0.7235095062,-0.2594569265,0.4640525797
2021-04-15,-0.7237446225,-0.2516666822,0.4720779403
2021-04-16,-0.7244369445,-0.2312715828,0.4931653617
2021-04-19,-0.7024251267,-0.1973086178,0.5051165089
2021-04-20,-0.7089520308,-0.2166951279,0.4922569029
2021-04-21,-0.7188459140,-0.2530260730,0.4658198409
2021-04-22,-0.7174951082,-0.2507764738,0.4667186344
2021-04-23,-0.7161519394,-0.2350543083,0.4810976311
2021-04-26,-0.7144762986,-0.2399162681,0.4745600305
2021-04-27,-0.7143457269,-0.2251622683,0.4891834586
2021-04-28,-0.7106624204,-0.2086183251,0.5020440953
2021-04-29,-0.6957146060,-0.1578056425,0.5379089634
2021-04-30,-0.7046917695,-0.1799941288,0.5246976407
2021-05-03,-0.7036885865,-0.1766098042,0.5270787823
2021-05-04,-0.7157312981,-0.2189117904,0.4968195077
2021-05-05,-0.7148311349,-0.2020700265,0.5127611084
2021-05-06,-0.7174966540,-0.1967065488,0.5207901052
2021-05-07,-0.7124529379,-0.1947493050,0.5177036329
2021-05-10,-0.7103027281,-0.1796768068,0.5306259213
2021-05-11,-0.6947408312,-0.1317421107,0.5629987206
2021-05-12,-0.6811335779,-0.0921718773,0.5889617006
2021-05-13,-0.6783972290,-0.0801736212,0.5982236078
2021-05-14,-0.6755302825,-0.0956475161,0.5798827663
2021-05-17,-0.6716553081,-0.0735833493,0.5980719588
2021-05-18,-0.6738621825,-0.0768701104,0.5969920721
2021-05-19,-0.6773940143,-0.0682340993,0.6091599150
2021-05-20,-0.6697850970,-0.0713681821,0.5984169150
2021-05-21,-0.6812941980,-0.1018040070,0.5794901910
2021-05-24,-0.6788373570,-0.0950909658,0.5837463912
2021-05-25,-0.6912817136,-0.1366544229,0.5546272908
2021-05-26,-0.7020844471,-0.1784022275,0.5236822195
2021-05-27,-0.6939145552,-0.1471088765,0.5468056787
2021-05-28,-0.6985413401,-0.1542104756,0.5443308646
2021-05-31,-0.6935810688,-0.1464150531,0.5471660157
2021-06-01,-0.6958247266,-0.1522078825,0.5436168441
2021-06-02,-0.7047890313,-0.1685155882,0.5362734431
2021-06-03,-0.7046650890,-0.1605521309,0.5441129581
2021-06-04,-0.7121918928,-0.1860389473,0.5261529455
2021-06-07,-0.7077222364,-0.1587290153,0.5489932210
2021-06-08,-0.7088261248,-0.1936152276,0.5152108972
2021-06-09,-0.7259153207,-0.2328220282,0.4930932924
2021-06-10,-0.7213565620,-0.2120931083,0.5092634537
2021-06-11,-0.7254201057,-0.2544787020,0.4709414037
2021-06-14,-0.7197105339,-0.2240491309,0.4956614030
2021-06-15,-0.7144775364,-0.2113851745,0.5030923619
2021-06-16,-0.7169604049,-0.2123028399,0.5046575651
2021-06-17,-0.7071526445,-0.1895070469,0.5176455977
2021-06-18,-0.7040055578,-0.2030317765,0.5009737813
2021-06-21,-0.6882652226,-0.1752134200,0.5130518026
2021-06-22,-0.6916945045,-0.1648932156,0.5268012889
2021-06-23,-0.6963474036,-0.1876441178,0.5087032858
2021-06-24,-0.6975785065,-0.1883874953,0.5091910112
2021-06-25,-0.6903543421,-0.1714548015,0.5188995406
2021-06-28,-0.6926208448,-0.1774516831,0.5151691616
2021-06-29,-0.6915549458,-0.1690695598,0.5224853860
2021-06-30,-0.6975142229,-0.2031675387,0.4943466841
2021-07-01,-0.7051665738,-0.2121342986,0.4930322752
2021-07-02,-0.7118871514,-0.2372602808,0.4746268706
2021-07-05,-0.7041627842,-0.2189623650,0.4852004192
2021-07-06,-0.7150367268,-0.2609668740,0.4540698529
2021-07-07,-0.7246165741,-0.3094893729,0.4151272012
2021-07-08,-0.7311877311,-0.3267752132,0.4044125179
2021-07-09,-0.7218079162,-0.2979332082,0.4238747080
2021-07-12,-0.7205715463,-0.3045506306,0.4160209157
2021-07-13,-0.7178384881,-0.3192123161,0.3986261720
2021-07-14,-0.7215853209,-0.3173952816,0.4041900393
2021-07-15,-0.7310942024,-0.3408957325,0.3901984698
2021-07-16,-0.7369927436,-0.3514391982,0.3855535454
2021-07-19,-0.7390631831,-0.3902397495,0.3488234336
2021-07-20,-0.7664669255,-0.4276975558,0.3387693698
2021-07-21,-0.7638849065,-0.3994580562,0.3644268504
2021-07-22,-0.7689008863,-0.4057264040,0.3631744822
2021-07-23,-0.7747967286,-0.4160615667,0.3587351618
2021-07-26,-0.7771063596,-0.4045311769,0.3725751827
2021-07-27,-0.7923405478,-0.4374197824,0.3549207654
2021-07-28,-0.8001788724,-0.4315674031,0.3686114693
2021-07-29,-0.8002441383,-0.4321667809,0.3680773574
2021-07-30,-0.8034624934,-0.4398795835,0.3635829099
2021-08-02,-0.8073620983,-0.4598083151,0.3475537832
2021-08-03,-0.8173601293,-0.4872730618,0.3300870675
2021-08-04,-0.8219306019,-0.5053644737,0.3165661282
2021-08-05,-0.8263499844,-0.4993421946,0.3270077899
2021-08-06,-0.8025924801,-0.4550069158,0.3475855643
2021-08-09,-0.7997623472,-0.4664286457,0.3333337015
2021-08-10,-0.7989362832,-0.4707311852,0.3282050980
2021-08-11,-0.7905221280,-0.4503548848,0.3401672432
2021-08-12,-0.7905877031,-0.4468566124,0.3437310907
2021-08-13,-0.7862938429,-0.4561557953,0.3301380476
2021-08-16,-0.7902665669,-0.4836275825,0.3066389844
2021-08-17,-0.7900480549,-0.4663881332,0.3236599217
2021-08-18,-0.7937231793,-0.4751373568,0.3185858225
2021-08-19,-0.7918361642,-0.4794708850,0.3123652792
2021-08-20,-0.7960151547,-0.4871419572,0.3088731975
2021-08-23,-0.7940994191,-0.4728179927,0.3212814264
2021-08-24,-0.7896935209,-0.4696654969,0.3200280240
2021-08-25,-0.7824657142,-0.4261519499,0.3563137642
2021-08-26,-0.7752687412,-0.3975559178,0.3777128234
2021-08-27,-0.7723546008,-0.3958660489,0.3764885519
2021-08-30,-0.7751859443,-0.4159234984,0.3592624460
2021-08-31,-0.7652988843,-0.3929337299,0.3723651544
2021-09-01,-0.7647790566,-0.3743433300,0.3904357267
2021-09-02,-0.7693184055,-0.3830230507,0.3862953548
2021-09-03,-0.7600206033,-0.3497512368,0.4102693665
2021-09-06,-0.7602533513,-0.3569961267,0.4032572246
2021-09-07,-0.7457248690,-0.3098359262,0.4358889428
2021-09-08,-0.7406805964,-0.3115153222,0.4291652742
2021-09-09,-0.7544410982,-0.3352154341,0.4192256641
2021-09-10,-0.7504663277,-0.3304344330,0.4200318947
2021-09-13,-0.7526492761,-0.3252545485,0.4273947276
2021-09-14,-0.7558236027,-0.3227407956,0.4330828071
2021-09-15,-0.7483624846,-0.3073480234,0.4410144613
2021-09-16,-0.7451800823,-0.2823180021,0.4628620802
2021-09-17,-0.7385584219,-0.2653660052,0.4731924166
2021-09-20,-0.7587669192,-0.2994678228,0.4592990964
2021-09-21,-0.7598248128,-0.3206146192,0.4392101935
2021-09-22,-0.7532642308,-0.3066539306,0.4466103002
2021-09-23,-0.7364293694,-0.2565487685,0.4798806009
2021-09-24,-0.7235101399,-0.2036116638,0.5198984761
2021-09-27,-0.7231632600,-0.2045029008,0.5186603592
2021-09-28,-0.7139845543,-0.1637617087,0.5502228456
2021-09-29,-0.7270764135,-0.2087689160,0.5183074975
2021-09-30,-0.7205593344,-0.1701871539,0.5503721806
2021-10-01,-0.7405819280,-0.2142392633,0.5263426647
2021-10-04,-0.7358192666,-0.1845575526,0.5512617140
2021-10-05,-0.7373154832,-0.1792621749,0.5580533083
2021-10-06,-0.7288828921,-0.1688008601,0.5600820320
2021-10-07,-0.7365661191,-0.1650540571,0.5715120620
2021-10-08,-0.7279963923,-0.1356327653,0.5923636270
2021-10-11,-0.7115130776,-0.1006233343,0.6108897434
2021-10-12,-0.7002512420,-0.0842510425,0.6160001996
2021-10-13,-0.6993801394,-0.1149529436,0.5844271958
2021-10-14,-0.7152465809,-0.1609909942,0.5542555867
2021-10-15,-0.7063158942,-0.1423224307,0.5639934635
2021-10-18,-0.6747413381,-0.1270090897,0.5477322484
2021-10-19,-0.6482065626,-0.0828883925,0.5653181701
2021-10-20,-0.6792518114,-0.1021914837,0.5770603278
2021-10-21,-0.6670748661,-0.0706682558,0.5964066103
2021-10-22,-0.6539529748,-0.0761165915,0.5778363832
2021-10-25,-0.6736909176,-0.0957020197,0.5779888980
2021-10-26,-0.6783871086,-0.1095923419,0.5687947668
2021-10-27,-0.6844507928,-0.1625704790,0.5218803137
2021-10-28,-0.6567131604,-0.1406448758,0.5160682846
2021-10-29,-0.6204530610,-0.0692417043,0.5512113567
2021-11-01,-0.6268713300,-0.0856525564,0.5412187736
2021-11-02,-0.6948022247,-0.1477414929,0.5470607318
2021-11-03,-0.6875023296,-0.1497630475,0.5377392821
2021-11-04,-0.7610705963,-0.2147132440,0.5463573523
2021-11-05,-0.7678611815,-0.2654504997,0.5024106818
2021-11-08,-0.7699792844,-0.2509429367,0.5190363477
2021-11-09,-0.7839397339,-0.2826619405,0.5012777935
2021-11-10,-0.7741501295,-0.2576195497,0.5165305797
2021-11-11,-0.7588925587,-0.2165109502,0.5423816084
2021-11-12,-0.7937627280,-0.2432833755,0.5504793525
2021-11-15,-0.7783003926,-0.2354397833,0.5428606093
2021-11-16,-0.7989809301,-0.2285029979,0.5704779322
2021-11-17,-0.7954490170,-0.2314999498,0.5639490671
2021-11-18,-0.8053769728,-0.2502216224,0.5551553504
2021-11-19,-0.8352859174,-0.3206252528,0.5146606646
2021-11-22,-0.8266478397,-0.3126982679,0.5139495718
2021-11-23,-0.8066083179,-0.2301393207,0.5764689972
2021-11-24,-0.8137260172,-0.2025087039,0.6112173134
2021-11-25,-0.7937782645,-0.2403029117,0.5534753527
2021-11-26,-0.8236519019,-0.3200984643,0.5035534376
2021-11-29,-0.8007803860,-0.2892161953,0.5115641906
2021-11-30,-0.8153022961,-0.3500497960,0.4652525001
2021-12-01,-0.7706538701,-0.3218840306,0.4487698395
2021-12-02,-0.7970025267,-0.3671109809,0.4298915457
2021-12-03,-0.7777108271,-0.3534597488,0.4242510783
2021-12-06,-0.7801502047,-0.3764084906,0.4037417141
2021-12-07,-0.7542931134,-0.3625682419,0.3917248715
2021-12-08,-0.7338073860,-0.3194987668,0.4143086191
2021-12-09,-0.7488531122,-0.3479578625,0.4008952497
2021-12-10,-0.7383703325,-0.3402177053,0.3981526272
2021-12-13,-0.7294249648,-0.3587044431,0.3707205217
2021-12-15,-0.7188150971,-0.3437778758,0.3750372213
2021-12-16,-0.7273367450,-0.3319499374,0.3953868076
2021-12-17,-0.7485385643,-0.3604547244,0.3880838399
2021-12-20,-0.7525318799,-0.3516192954,0.4009125845
2021-12-21,-0.7359855490,-0.2984542758,0.4375312732
2021-12-22,-0.7231278752,-0.2737624510,0.4493654241
2021-12-23,-0.7059900727,-0.2402406395,0.4657494332
2021-12-24,-0.7093807846,-0.2401620200,0.4692187646
2021-12-27,-0.6975704336,-0.2335021606,0.4640682730
2021-12-28,-0.6924155425,-0.2313995748,0.4610159676
2021-12-29,-0.6908961536,-0.2001411478,0.4907550059
2021-12-30,-0.6769596447,-0.1881837313,0.4887759135
2021-12-31,-0.6791412596,-0.1884997053,0.4906415543
2022-01-03,-0.6559376364,-0.1231371694,0.5328004670
2022-01-04,-0.6638086100,-0.1158978985,0.5479107115
2022-01-05,-0.6475092857,-0.1072667978,0.5402424879
2022-01-06,-0.6312339596,-0.0862795477,0.5449544119
2022-01-07,-0.6250582637,-0.0715950553,0.5534632083
2022-01-10,-0.6135119868,-0.0458051228,0.5677068641
2022-01-11,-0.6066184539,-0.0418130923,0.5648053615
2022-01-12,-0.6253194633,-0.0705607665,0.5547586968
2022-01-13,-0.6248821468,-0.0936670674,0.5312150794
2022-01-14,-0.6235704045,-0.0748330253,0.5487373792
2022-01-17,-0.6024190544,-0.0402910243,0.5621280302
2022-01-18,-0.6091201809,-0.0385408708,0.5705793100
2022-01-19,-0.6046993836,-0.0122407712,0.5924586124
2022-01-20,-0.6159522652,-0.0415055668,0.5744466984
2022-01-21,-0.6414681604,-0.0795248189,0.5619433415
2022-01-24,-0.6679475437,-0.1020203271,0.5659272166
2022-01-25,-0.6759778570,-0.0931339547,0.5828439023
2022-01-26,-0.6603936122,-0.0660748069,0.5943188052
2022-01-27,-0.6361883071,-0.0527107771,0.5834775300
2022-01-28,-0.6226717662,-0.0329721801,0.5896995861
2022-01-31,-0.5723570248,0.0275586403,0.5999156652
2022-02-01,-0.5669112734,0.0425028285,0.6094141019
2022-02-02,-0.5529669061,0.0542394865,0.6072063926
2022-02-03,-0.4645218830,0.1346257748,0.5991476579
2022-02-04,-0.3622726529,0.1954798666,0.5577525195
2022-02-07,-0.3527596156,0.2450817197,0.5978413353
2022-02-08,-0.3650771308,0.2885859699,0.6536631006
2022-02-09,-0.4123902533,0.2503207995,0.6627110527
2022-02-10,-0.3966983951,0.2816895160,0.6783879111
2022-02-11,-0.3828441415,0.2856751284,0.6685192698
2022-02-14,-0.4279352906,0.2770706769,0.7050059675
2022-02-15,-0.4013934969,0.3478562426,0.7492497395
2022-02-16,-0.4308901631,0.3082082904,0.7390984535
2022-02-17,-0.4602262721,0.2798577427,0.7400840149
2022-02-18,-0.5043540216,0.2494797631,0.7538337847
2022-02-21,-0.5051736215,0.2382614999,0.7434351214
2022-02-22,-0.4204507238,0.3135429183,0.7339936421
2022-02-23,-0.4055933888,0.2986959648,0.7042893536
2022-02-24,-0.4694515594,0.2108888911,0.6803404505
2022-02-25,-0.4437749480,0.2643689461,0.7081438941
2022-02-28,-0.5354174156,0.2151889622,0.7506063779
2022-03-01,-0.6965438763,0.0326728768,0.7292167531
2022-03-02,-0.6395848138,0.0313788002,0.6709636140
2022-03-03,-0.5785847097,0.0986786501,0.6772633599
2022-03-04,-0.7239300362,-0.0279538172,0.6959762190
2022-03-07,-0.6800927185,0.0257350006,0.7058277190
2022-03-08,-0.6115725486,0.1554406074,0.7670131559
2022-03-09,-0.5363091734,0.2448119681,0.7811211415
2022-03-10,-0.4584350707,0.2864708299,0.7449059006
2022-03-11,-0.4192824120,0.3092364879,0.7285188999
2022-03-14,-0.3906481103,0.3766467898,0.7672949001
2022-03-15,-0.4377377467,0.3734059982,0.8111437449
2022-03-16,-0.4145261895,0.4148512775,0.8293774670
2022-03-17,-0.3920460642,0.4171477005,0.8091937646
2022-03-18,-0.4079214777,0.3987490696,0.8066705473
2022-03-21,-0.3695621732,0.4700392128,0.8396013860
2022-03-22,-0.2940145163,0.5377128375,0.8317273538
2022-03-23,-0.3092066848,0.5160196144,0.8252262991
2022-03-24,-0.2676303768,0.5412645674,0.8088949442
2022-03-25,-0.2104403927,0.5955267941,0.8059671868
2022-03-28,-0.1562310509,0.5971230812,0.7533541321
2022-03-29,-0.0952709192,0.6266184869,0.7218894061
2022-03-30,0.0026723206,0.7262616728,0.7235893522
2022-03-31,-0.0860211317,0.6178605132,0.7038816449
2022-04-01,-0.0737109865,0.6376400882,0.7113510747
2022-04-04,-0.1206523184,0.5638212016,0.6844735199
2022-04-05,-0.0881039062,0.6327003093,0.7208042156
2022-04-06,-0.0504010466,0.7140711588,0.7644722054
2022-04-07,-0.0248235338,0.7409598334,0.7657833672
2022-04-08,0.0002118141,0.7424052427,0.7421934286
2022-04-11,0.0924968811,0.8500642543,0.7575673732
2022-04-12,0.0425049817,0.8294428534,0.7869378717
2022-04-13,0.0333275135,0.8205670789,0.7872395655
2022-04-14,-0.0050763138,0.8707334274,0.8758097412
2022-04-19,0.0326801586,0.9807274043,0.9480472457
2022-04-20,0.0191201644,0.8896841718,0.8705640074
2022-04-21,0.1113868882,0.9212113466,0.8098244585
2022-04-22,0.2271535268,0.9770826093,0.7499290825
2022-04-25,0.1295543070,0.8994141718,0.7698598649
2022-04-26,0.1133224484,0.8694127661,0.7560903177
2022-04-27,0.0595690482,0.8505607052,0.7909916570
2022-04-28,0.1433436300,0.9421926942,0.7988490642
2022-04-29,0.2135319527,0.9394447550,0.7259128023
2022-05-02,0.1837790842,1.0119890025,0.8282099183
2022-05-03,0.1832622381,0.9550001214,0.7717378834
2022-05-04,0.2522903407,1.0328935971,0.7806032564
2022-05-05,0.2256145395,1.0355991505,0.8099846110
2022-05-06,0.3034313574,1.1278758558,0.8244444984
2022-05-09,0.2224448580,1.1537167685,0.9312719105
2022-05-10,0.1459363740,1.0557905072,0.9098541332
2022-05-11,0.1285399083,1.0796898595,0.9511499512
2022-05-12,0.0199708637,0.9324975593,0.9125266956
2022-05-13,0.0984764367,0.9979926608,0.8995162240
2022-05-16,0.0957227986,1.0020727331,0.9063499345
2022-05-17,0.2332090002,1.0901069752,0.8568979750
2022-05-18,0.3009662687,1.0871904847,0.7862242160
2022-05-19,0.2310551636,0.9895188195,0.7584636559
2022-05-20,0.2043525728,1.0349083262,0.8305557534
2022-05-23,0.2222113110,1.0471122876,0.8249009766
2022-05-24,0.2481674748,1.0725377450,0.8243702702
2022-05-25,0.1828944249,1.0414462284,0.8585518035
2022-05-26,0.1383850898,1.0749233991,0.9365383092
2022-05-27,0.1698534527,1.0513767180,0.8815232654
2022-05-30,0.2800903120,1.1630238702,0.8829335582
2022-05-31,0.3577958329,1.2196374068,0.8618415739
2022-06-01,0.3255372202,1.2312569194,0.9057196992
2022-06-02,0.4658892760,1.3220991272,0.8562098512
2022-06-03,0.4967912224,1.3546440778,0.8578528554
2022-06-06,0.5317709718,1.3815538869,0.8497829151
2022-06-07,0.5217979018,1.3720566981,0.8502587963
2022-06-08,0.6079255149,1.4345794267,0.8266539118
2022-06-09,0.7529191689,1.4881532478,0.7352340789
2022-06-10,0.8736798606,1.5283740792,0.6546942185
2022-06-13,1.0517982974,1.6577866442,0.6059883468
2022-06-14,1.1079259290,1.7486188964,0.6406929674
2022-06-15,1.0673652803,1.7083732527,0.6410079725
2022-06-16,1.1474280495,1.8602601256,0.7128320761
2022-06-17,1.0754718247,1.7825017967,0.7070299720
2022-06-20,1.1034486636,1.8018568393,0.6984081756
2022-06-21,1.0812423879,1.8303634169,0.7491210289
2022-06-22,0.9802818497,1.6916707757,0.7113889260
2022-06-23,0.7828912478,1.4888644355,0.7059731877
2022-06-24,0.8394502349,1.5846780225,0.7452277876
2022-06-27,0.8496721081,1.6013212035,0.7516490954
2022-06-28,0.9224681847,1.7283059175,0.8058377327
2022-06-29,0.8995320097,1.6572563743,0.7577243645
2022-06-30,0.6429685731,1.4984395025,0.8554709293
2022-07-01,0.5038708023,1.4044935971,0.9006227947
2022-07-04,0.6098044569,1.4500855079,0.8402810510
2022-07-05,0.4374668735,1.3359816613,0.8985147878
2022-07-06,0.3569876805,1.2520810364,0.8950933560
2022-07-07,0.4927924925,1.3637915335,0.8709990410
2022-07-08,0.4718698969,1.3734874032,0.9016175063
2022-07-11,0.4038580007,1.3262619371,0.9224039364
2022-07-12,0.2938189947,1.1883374293,0.8945184346
2022-07-13,0.3857500826,1.2637967169,0.8780466343
2022-07-14,0.5023355095,1.2636008276,0.7612653181
2022-07-15,0.4457948261,1.2206008942,0.7748060682
2022-07-18,0.4887826033,1.2911218785,0.8023392752
2022-07-19,0.5716304531,1.3183965227,0.7467660696
2022-07-20,0.5409764075,1.3020400369,0.7610636293
2022-07-21,0.5829219344,1.3546979267,0.7717759923
2022-07-22,0.3877630066,1.1003481402,0.7125851336
2022-07-25,0.4241851905,1.1594895227,0.7353043322
2022-07-26,0.3092699121,1.0099462673,0.7006763552
2022-07-27,0.3514229587,1.0222210640,0.6707981053
2022-07-28,0.2279899572,0.8955542618,0.6675643046
2022-07-29,0.2543910608,0.9285120978,0.6741210370
2022-08-01,0.2062104627,0.8500118734,0.6438014107
2022-08-02,0.2346754247,0.8329552829,0.5982798582
2022-08-03,0.3457380873,0.9255822947,0.5798442074
2022-08-04,0.3159630846,0.8811183129,0.5651552283
2022-08-05,0.4305849090,0.9655672822,0.5349823733
2022-08-08,0.3925202182,0.9414788560,0.5489586379
2022-08-09,0.4593522949,1.0108757088,0.5515234139
2022-08-10,0.4009288007,0.9400150971,0.5390862964
2022-08-11,0.4297783408,1.0058343119,0.5760559710
2022-08-12,0.4472355062,1.0364327179,0.5891972117
2022-08-15,0.4368989824,0.9765341544,0.5396351720
2022-08-16,0.4741722949,1.0566580864,0.5824857915
2022-08-17,0.6364130651,1.1376288206,0.5012157554
2022-08-18,0.6676857436,1.1587731160,0.4910873724
2022-08-19,0.7322906271,1.2943268073,0.5620361802
2022-08-22,0.7977765398,1.3368816418,0.5391051020
2022-08-23,0.8245960714,1.4136670722,0.5890710007
2022-08-24,0.8442686901,1.4417640802,0.5974953901
2022-08-25,0.7731331467,1.4229719599,0.6498388133
2022-08-26,0.8822836426,1.5171251913,0.6348415486
2022-08-29,0.9687377922,1.6057037106,0.6369659184
2022-08-30,0.9910933485,1.5329349273,0.5418415788
2022-08-31,1.0755895221,1.5713820595,0.4957925374
2022-09-01,1.0714201163,1.6374362951,0.5660161788
2022-09-02,0.9783660948,1.5440424781,0.5656763832
2022-09-05,1.0062735217,1.6292252673,0.6229517456
2022-09-06,1.0018282624,1.6822264297,0.6803981673
2022-09-07,0.8827529868,1.6156959377,0.7329429509
2022-09-08,1.0085898111,1.6699938182,0.6614040071
2022-09-09,1.1944739169,1.7480318913,0.5535579745
2022-09-12,1.2029409656,1.7101703681,0.5072294026
2022-09-13,1.2885520519,1.7784639541,0.4899119022
2022-09-14,1.3030152925,1.7889513143,0.4859360219
2022-09-15,1.3754707983,1.7660693854,0.3905985871
2022-09-16,1.4520247493,1.8200708251,0.3680460758
2022-09-19,1.4609124317,1.8447143295,0.3838018977
2022-09-20,1.6138090171,1.9841189662,0.3703099490
2022-09-21,1.6210382487,1.9139652592,0.2929270105
2022-09-22,1.7479418246,1.9926230874,0.2446812627
2022-09-23,1.8146768785,2.0150525783,0.2003756998
2022-09-26,1.8689777057,2.0926290439,0.2236513383
2022-09-27,1.8867192044,2.1829029966,0.2961837923
2022-09-28,1.7784891770,2.1953630546,0.4168738776
2022-09-29,1.7967836029,2.2525028877,0.4557192849
2022-09-30,1.6662186293,2.1347734804,0.4685548511
2022-10-03,1.6021755568,2.0446937130,0.4425181563
2022-10-04,1.4885984062,1.9360584838,0.4474600776
2022-10-05,1.5595450242,2.0390708837,0.4795258594
2022-10-06,1.7044343200,2.1504071882,0.4459728682
2022-10-07,1.7953584009,2.2781102728,0.4827518720
2022-10-10,1.7649356967,2.3080009186,0.5430652218
2022-10-11,1.8418460362,2.4509962186,0.6091501825
2022-10-12,1.8085533860,2.4954481302,0.6868947442
2022-10-13,1.8664951735,2.4518895533,0.5853943798
2022-10-14,1.8322400829,2.3909187556,0.5586786726
2022-10-17,1.8506720095,2.3752770721,0.5246050626
2022-10-18,1.9037067954,2.3649471461,0.4612403507
2022-10-19,2.0386617901,2.4439879726,0.4053261826
2022-10-20,2.0956703315,2.5074531939,0.4117828623
2022-10-21,2.0586153166,2.5453658068,0.4867504902
2022-10-24,1.9923679676,2.4199578180,0.4275898503
2022-10-25,1.9410446672,2.2861717098,0.3451270426
2022-10-26,1.9403093706,2.2672236344,0.3269142637
2022-10-27,1.8644542594,2.1648593547,0.3004050953
2022-10-28,1.8698075732,2.1846648199,0.3148572467
2022-10-31,1.9202924618,2.2391387491,0.3188462873
2022-11-01,1.8869579955,2.2536628540,0.3667048585
2022-11-02,1.8972637619,2.2340792880,0.3368155261
2022-11-03,1.9661528533,2.3421246873,0.3759718340
2022-11-04,2.0325129605,2.3707304230,0.3382174625
2022-11-07,2.1033721362,2.4263254933,0.3229533571
2022-11-08,2.1301129551,2.3894483064,0.2593353513
2022-11-09,2.1301129551,2.3894483064,0.2593353513
2022-11-10,1.9723529417,2.1459360959,0.1735831542
2022-11-11,2.1101425624,2.2406892170,0.1305466546
2022-11-14,2.0870910989,2.2087307941,0.1216396952
2022-11-15,2.1014146578,2.1885018254,0.0870871676
2022-11-16,2.0840086615,2.1005971124,0.0165884509
2022-11-17,2.0612989489,2.1361401256,0.0748411768
2022-11-18,2.0189500850,2.1116577620,0.0927076771
2022-11-21,2.0047775559,2.0609459124,0.0561683565
2022-11-22,2.0457049058,2.0766069014,0.0309019956
2022-11-23,2.0584494834,2.0053006232,-0.0531488603
2022-11-24,2.0047227119,1.9151664586,-0.0895562533
2022-11-25,2.0954918864,2.0332144946,-0.0622773918
2022-11-28,2.0784705927,2.0604237065,-0.0180468862
2022-11-29,2.0006852947,1.9935493465,-0.0071359483
2022-11-30,2.0378229450,1.9939423218,-0.0438806232
2022-12-01,1.9221402428,1.8817874448,-0.0403527979
2022-12-02,1.9577711366,1.9049654033,-0.0528057333
2022-12-05,1.9908500160,1.9170590335,-0.0737909826
2022-12-06,1.9406936411,1.8604547473,-0.0802388937
2022-12-07,1.9062551010,1.8503101797,-0.0559449213
2022-12-08,1.9297892572,1.8799560373,-0.0498332199
2022-12-09,2.0314533412,1.9767511755,-0.0547021657
2022-12-12,2.0350246698,1.9485726752,-0.0864519945
2022-12-13,1.9767289640,1.9347812883,-0.0419476757
2022-12-14,1.9879907657,2.0097080065,0.0217172408
2022-12-15,2.1530639086,2.0809908589,-0.0720730497
2022-12-16,2.3530459863,2.2415562437,-0.1114897425
2022-12-19,2.3176650154,2.2754029100,-0.0422621053
2022-12-20,2.3842690999,2.3612178080,-0.0230512919
2022-12-21,2.3820105555,2.3599884455,-0.0220221100
2022-12-22,2.4496776493,2.4420785851,-0.0075990643
2022-12-23,2.4879402870,2.4643118742,-0.0236284128
2022-12-27,2.4920564331,2.5010535763,0.0089971432
2022-12-28,2.4961170374,2.5220425511,0.0259255137
2022-12-29,2.5110023222,2.5267047774,0.0157024552
2022-12-30,2.5653364512,2.5553135763,-0.0100228749
2023-01-02,2.5829542999,2.5182541193,-0.0647001806
2023-01-03,2.5462837788,2.4382219287,-0.1080618501
2023-01-04,2.4830089645,2.3543646639,-0.1286443006
2023-01-05,2.5383481512,2.4157429671,-0.1226051841
2023-01-06,2.5195635795,2.3642917157,-0.1552718638
2023-01-09,2.4683140365,2.3495358163,-0.1187782201
2023-01-10,2.5165209867,2.3591796394,-0.1573413473
2023-01-11,2.4906854992,2.2636079334,-0.2270775658
2023-01-12,2.4353470700,2.2037475684,-0.2315995017
2023-01-13,2.4178437955,2.1704430588,-0.2474007366
2023-01-16,2.4334510545,2.1984303734,-0.2350206811
2023-01-17,2.4180513410,2.1869190720,-0.2311322691
2023-01-18,2.2841627111,2.0324374907,-0.2517252204
2023-01-19,2.3732918577,2.0872923280,-0.2859995297
2023-01-20,2.4418335055,2.1961911313,-0.2456423742
2023-01-23,2.4509491158,2.2418412594,-0.2091078564
2023-01-24,2.4689109028,2.2389853352,-0.2299255676
2023-01-25,2.3836981492,2.1634176288,-0.2202805204
2023-01-26,2.4300652629,2.2265868606,-0.2034784023
2023-01-27,2.4710556841,2.2928506476,-0.1782050364
2023-01-30,2.5435104050,2.3215959950,-0.2219144099
2023-01-31,2.5071773697,2.3217468290,-0.1854305407
2023-02-01,2.5230921107,2.3205513555,-0.2025407552
2023-02-02,2.4115555679,2.2048234670,-0.2067321009
2023-02-03,2.4148278319,2.2239657263,-0.1908621056
2023-02-06,2.4683538903,2.3212550430,-0.1470988473
2023-02-07,2.4972408967,2.3391587844,-0.1580821123
2023-02-08,2.5893589029,2.3855033200,-0.2038555829
2023-02-09,2.5508368316,2.3241279575,-0.2267088741
2023-02-10,2.6244977897,2.3960824858,-0.2284153040
2023-02-13,2.6756665027,2.4069190308,-0.2687474719
2023-02-14,2.7505892300,2.4624399336,-0.2881492964
2023-02-15,2.7467068493,2.5012643109,-0.2454425384
2023-02-16,2.7819962243,2.5759667540,-0.2060294703
2023-02-17,2.7531658418,2.5105741455,-0.2425916962
2023-02-20,2.7563599975,2.4877821386,-0.2685778589
2023-02-21,2.8502222655,2.5948665318,-0.2553557336
2023-02-22,2.8201186091,2.5754450646,-0.2446735445
2023-02-23,2.8122253329,2.5461184106,-0.2661069222
2023-02-24,2.9392259172,2.5932685159,-0.3459574013
2023-02-27,2.9559404287,2.6205501333,-0.3353902954
2023-02-28,3.0819028976,2.7593967440,-0.3225061536
2023-03-01,3.1074966395,2.7435582580,-0.3639383815
2023-03-02,3.0924623692,2.7885145932,-0.3039477760
2023-03-03,3.1235908567,2.7618441129,-0.3617467438
2023-03-06,3.2125573747,2.8053553887,-0.4072019860
2023-03-07,3.1652403119,2.7393520835,-0.4258882284
2023-03-08,3.1939231086,2.7013173289,-0.4926057798
2023-03-09,3.1669737212,2.7184848372,-0.4484888840
2023-03-10,2.9391974220,2.5254087346,-0.4137886873
2023-03-13,2.5829245451,2.2977445562,-0.2851799889
2023-03-14,2.8504683262,2.5161781062,-0.3342902200
2023-03-15,2.4157954056,2.2515356686,-0.1642597370
2023-03-16,2.4729174732,2.2711308221,-0.2017866511
2023-03-17,2.3699733465,2.1946188355,-0.1753545110
2023-03-20,2.2723030398,2.2058997607,-0.0664032790
2023-03-21,2.4551119661,2.3325887667,-0.1225231994
2023-03-22,2.6379975984,2.4376814186,-0.2003161797
2023-03-23,2.4841834610,2.3196626736,-0.1645207874
2023-03-24,2.3040471856,2.2040840232,-0.0999631624
2023-03-27,2.4779187277,2.3488811501,-0.1290375777
2023-03-28,2.4857530868,2.3509946419,-0.1347584449
2023-03-29,2.5414309433,2.3953673871,-0.1460635562
2023-03-30,2.6657864794,2.4489750263,-0.2168114531
2023-03-31,2.6178698624,2.4053734039,-0.2124964585
2023-04-03,2.6273474140,2.3870350653,-0.2403123487
2023-04-04,2.6356119445,2.4151327410,-0.2204792034
2023-04-05,2.5015018310,2.3030208255,-0.1984810056
2023-04-06,2.4693855881,2.2507279678,-0.2186576203
2023-04-11,2.6219386796,2.3845092780,-0.2374294017
2023-04-12,2.6898515579,2.4359968326,-0.2538547253
2023-04-13,2.6758730124,2.4437101043,-0.2321629081
2023-04-14,2.7721003137,2.4720420306,-0.3000582830
2023-04-17,2.7942991253,2.5477121132,-0.2465870121
2023-04-18,2.8027190807,2.5510986396,-0.2516204411
2023-04-19,2.8768402104,2.5906859619,-0.2861542485
2023-04-20,2.8369815111,2.5733433851,-0.2636381260
2023-04-21,2.8448744049,2.5840859996,-0.2607884053
2023-04-24,2.8732306527,2.5869481471,-0.2862825056
2023-04-25,2.7651112876,2.5051998175,-0.2599114701
2023-04-26,2.6950072588,2.4638241347,-0.2311831241
2023-04-27,2.7512450356,2.5266446702,-0.2246003654
2023-04-28,2.6848043966,2.4444445430,-0.2403598535
2023-05-02,2.6927415499,2.4481276767,-0.2446138731
2023-05-03,2.5631516613,2.3449898109,-0.2181618504
2023-05-04,2.5553335300,2.3586600249,-0.1966735051
2023-05-05,2.5031414452,2.3848229446,-0.1183185006
2023-05-08,2.5678561175,2.4240547785,-0.1438013390
2023-05-09,2.5728564060,2.4246620621,-0.1481943439
2023-05-10,2.5129548023,2.3834451856,-0.1295096167
2023-05-11,2.4625312294,2.3055688138,-0.1569624156
2023-05-12,2.5155727017,2.3439379833,-0.1716347184
2023-05-15,2.5446029135,2.4043196167,-0.1402832968
2023-05-16,2.5614327196,2.4213050399,-0.1401276797
2023-05-17,2.6000707891,2.4280734692,-0.1719973199
2023-05-18,2.6792868924,2.5170936978,-0.1621931946
2023-05-19,2.7471737737,2.5747572460,-0.1724165277
2023-05-22,2.7279288532,2.5547422271,-0.1731866261
2023-05-23,2.7872740983,2.5572139941,-0.2300601042
2023-05-24,2.7467516756,2.5357380252,-0.2110136504
2023-05-25,2.8093492376,2.5851148774,-0.2242343602
2023-05-26,2.8494210987,2.6225550772,-0.2268660215
2023-05-29,2.8356765135,2.5418197439,-0.2938567696
2023-05-30,2.7775186808,2.4603335071,-0.3171851737
2023-05-31,2.6441031237,2.3837639734,-0.2603391503
2023-06-01,2.6218620710,2.3525142584,-0.2693478126
2023-06-02,2.7101764811,2.3991278931,-0.3110485880
2023-06-05,2.8103150572,2.4795904910,-0.3307245662
2023-06-06,2.7772506474,2.4666990139,-0.3105516335
2023-06-07,2.8149044920,2.4775996926,-0.3373047994
2023-06-08,2.8156737674,2.5008032137,-0.3148705537
2023-06-09,2.8517067480,2.4973687502,-0.3543379978
2023-06-12,2.8282479493,2.4729858263,-0.3552621230
2023-06-13,2.8797612890,2.4993327518,-0.3804285372
2023-06-14,2.9274793648,2.5475095593,-0.3799698055
2023-06-15,2.9810342345,2.5361437389,-0.4448904956
2023-06-16,3.0461809705,2.5521340864,-0.4940468841
2023-06-19,3.0491716145,2.5896330660,-0.4595385485
2023-06-20,3.0586385717,2.5060306180,-0.5526079537
2023-06-21,3.0874790329,2.5167563336,-0.5707226993
2023-06-22,3.1331520191,2.5519367845,-0.5812152346
2023-06-23,3.0262011384,2.4134357814,-0.6127653570
2023-06-26,3.0240954207,2.4126217121,-0.6114737086
2023-06-27,3.0181871169,2.3751722746,-0.6430148423
2023-06-28,3.0438746421,2.4030967939,-0.6407778482
2023-06-29,3.0941406989,2.4574849868,-0.6366557121
2023-06-30,3.1194082381,2.5070983224,-0.6123099157
2023-07-03,3.1278154899,2.4839268966,-0.6438885933
2023-07-04,3.1379404893,2.5098375535,-0.6281029358
2023-07-05,3.1022951761,2.5176156948,-0.5846794813
2023-07-06,3.2281563247,2.6473736040,-0.5807827207
2023-07-07,3.1791189338,2.6907802965,-0.4883386373
2023-07-10,3.1796892627,2.7256122133,-0.4540770494
2023-07-11,3.2061389059,2.7318971902,-0.4742417157
2023-07-12,3.1939926581,2.6826236171,-0.5113690410
2023-07-13,3.0970746443,2.5723437997,-0.5247308446
2023-07-14,3.0844499382,2.5263080146,-0.5581419236
2023-07-17,3.1144875226,2.5379481465,-0.5765393761
2023-07-18,2.9994428532,2.4392947598,-0.5601480934
2023-07-19,3.0135869229,2.4601343081,-0.5534526148
2023-07-20,3.1096135054,2.5317575206,-0.5778559848
2023-07-21,3.0692936148,2.5046864024,-0.5646072124
2023-07-24,3.0134729353,2.5058932842,-0.5075796511
2023-07-25,3.0261300338,2.4953210537,-0.5308089801
2023-07-26,3.1032051396,2.5324695160,-0.5707356236
2023-07-27,3.0132001128,2.4930874937,-0.5201126191
2023-07-28,3.0319643724,2.5420333973,-0.4899309751
2023-07-31,3.0155475324,2.5434072241,-0.4721403083
2023-08-01,3.0373738202,2.5450256148,-0.4923482054
2023-08-02,2.9597561893,2.5697675859,-0.3899886034
2023-08-03,2.9364916411,2.6633518519,-0.2731397892
2023-08-04,2.9998271575,2.6637546060,-0.3360725515
2023-08-07,2.9500983445,2.6592784724,-0.2908198721
2023-08-08,2.8769242493,2.5236080032,-0.3533162461
2023-08-09,2.9263636467,2.5678933482,-0.3584702985
2023-08-10,2.9381063931,2.5782225133,-0.3598838798
2023-08-11,2.9688141510,2.6884603794,-0.2803537716
2023-08-14,3.0002788884,2.6924764114,-0.3078024770
2023-08-15,3.0593355164,2.7492159061,-0.3101196103
2023-08-16,3.0305812298,2.7263347302,-0.3042464996
2023-08-17,3.0497014785,2.7599443482,-0.2897571303
2023-08-18,2.9635257790,2.7153016552,-0.2482241238
2023-08-21,3.0394879713,2.7498040078,-0.2896839635
2023-08-22,3.0446173245,2.7348478192,-0.3097695053
2023-08-23,2.9348042650,2.5961695834,-0.3386346816
2023-08-24,2.9513054486,2.6010297109,-0.3502757377
2023-08-25,2.9918215004,2.6219908077,-0.3698306927
2023-08-28,3.0095787621,2.6346870167,-0.3748917454
2023-08-29,3.0461419089,2.6397873111,-0.4063545978
2023-08-30,3.0078964075,2.6075873919,-0.4003090156
2023-08-31,2.9548772685,2.5706069449,-0.3842703236
2023-09-01,2.9158876556,2.6278747898,-0.2880128658
2023-09-04,2.9621661500,2.6385322093,-0.3236339407
2023-09-05,2.9756205578,2.6680758478,-0.3075447100
2023-09-06,3.0172667986,2.6783721017,-0.3388946969
2023-09-07,3.0539134053,2.7128876583,-0.3410257470
2023-09-08,3.0298050404,2.6848470410,-0.3449579994
2023-09-11,3.0247079348,2.6896912526,-0.3350166822
2023-09-12,3.0456917307,2.7011827426,-0.3445089881
2023-09-13,3.0857729928,2.7131078162,-0.3726651766
2023-09-14,3.0858386268,2.6842987583,-0.4015398685
2023-09-15,3.1408985551,2.7349477927,-0.4059507624
2023-09-18,3.1933303353,2.7881726159,-0.4051577194
2023-09-19,3.2157679102,2.8076747104,-0.4080931998
2023-09-20,3.1974932651,2.7657704991,-0.4317227660
2023-09-21,3.2096075111,2.8225524569,-0.3870550542
2023-09-22,3.1857524853,2.8196368903,-0.3661155950
2023-09-25,3.1999134289,2.8669855682,-0.3329278607
2023-09-26,3.1883778339,2.8708600458,-0.3175177881
2023-09-27,3.1735727157,2.8599938456,-0.3135788701
2023-09-28,3.2565522841,3.0333501699,-0.2232021142
2023-09-29,3.1572218833,2.8762763259,-0.2809455574
2023-10-02,3.1711296866,2.9328354324,-0.2382942542
2023-10-03,3.1649616523,2.9641872265,-0.2007744258
2023-10-04,3.1955840764,2.9925401129,-0.2030439635
2023-10-05,3.1187784649,2.9472925432,-0.1714859217
2023-10-06,3.1028853198,2.9604325215,-0.1424527983
2023-10-09,3.0521526217,2.8738935511,-0.1782590706
2023-10-10,3.0514113255,2.8643948716,-0.1870164539
2023-10-11,3.0614074113,2.7561586862,-0.3052487251
2023-10-12,3.0935073995,2.7938537924,-0.2996536071
2023-10-13,3.0527420436,2.8835732133,-0.1691688303
2023-10-16,3.0889594700,2.8620178446,-0.2269416254
2023-10-17,3.1621624987,2.9370802435,-0.2250822552
2023-10-18,3.1703723649,2.9527097575,-0.2176626074
2023-10-19,3.2009177780,3.0011097622,-0.1998080158
2023-10-20,3.1165339022,2.9495121221,-0.1670217801
2023-10-23,3.1484631297,2.9765842729,-0.1718788568
2023-10-24,3.0950318402,2.8932419598,-0.2017898804
2023-10-25,3.1016687815,2.9189824464,-0.1826863351
2023-10-26,3.0572836914,2.9033934306,-0.1538902608
2023-10-27,3.0392520295,2.8984970075,-0.1407550220
2023-10-30,3.0290351186,2.9012196761,-0.1278154425
2023-10-31,2.9879266452,2.8226726907,-0.1652539545
2023-11-01,2.9764181668,2.8197946048,-0.1566235620
2023-11-02,2.9532301252,2.7491134356,-0.2041166896
2023-11-03,2.9533432273,2.7005766639,-0.2527665634
2023-11-06,3.0049265289,2.7691646463,-0.2357618826
2023-11-07,3.0134784955,2.7184321682,-0.2950463273
2023-11-08,2.9855487514,2.6835389676,-0.3020097838
2023-11-09,3.0000366509,2.7002831579,-0.2997534930
2023-11-10,3.0472267959,2.7551960877,-0.2920307082
2023-11-13,3.0713345527,2.7881690124,-0.2831655403
2023-11-14,3.0162404941,2.6848069955,-0.3314334986
2023-11-15,2.9767360733,2.6871053051,-0.2896307682
2023-11-16,2.9380674081,2.6349265771,-0.3031408310
2023-11-17,2.9253266084,2.6413046564,-0.2840219520
2023-11-20,2.9716816978,2.6603005277,-0.3113811701
2023-11-21,2.9623133778,2.6242004130,-0.3381129648
2023-11-22,2.9477727578,2.5855317528,-0.3622410050
2023-11-23,2.9941343536,2.6657392323,-0.3283951213
2023-11-24,3.0207169197,2.6869213104,-0.3337956093
2023-11-27,2.9748875466,2.6289134686,-0.3459740780
2023-11-28,2.9113210465,2.5892364669,-0.3220845796
2023-11-29,2.7922998704,2.4830794967,-0.3092203737
2023-11-30,2.8061242815,2.5285020009,-0.2776222806
2023-12-01,2.7018369649,2.4797884548,-0.2220485101
2023-12-04,2.6382268674,2.3892714774,-0.2489553900
2023-12-05,2.6304272202,2.3269332366,-0.3034939836
2023-12-06,2.6400281518,2.2782674646,-0.3617606872
2023-12-07,2.6109618289,2.2353317021,-0.3756301268
2023-12-08,2.6870166383,2.3534261872,-0.3335904511
2023-12-11,2.6808021842,2.3371734995,-0.3436286847
2023-12-12,2.6846527347,2.3068463462,-0.3778063885
2023-12-13,2.6676521659,2.2525470525,-0.4151051134
2023-12-14,2.5793904722,2.2116980315,-0.3676924407
2023-12-15,2.5667243104,2.1147842384,-0.4519400720
2023-12-18,2.5722233274,2.1553213039,-0.4169020235
2023-12-19,2.5350216439,2.0913589612,-0.4436626827
2023-12-20,2.5144620976,2.0466529474,-0.4678091502
2023-12-21,2.4790505151,2.0472863063,-0.4317642088
2023-12-22,2.4243853894,2.0192952065,-0.4050901829
2023-12-27,2.4242101110,1.9876091225,-0.4366009885
2023-12-28,2.4143239472,2.0028420209,-0.4114819263
2023-12-29,2.4363455063,2.0808856999,-0.3554598064
2024-01-02,2.4381982119,2.1199493571,-0.3182488548
2024-01-03,2.4464644861,2.1214189676,-0.3250455185
2024-01-04,2.4951679082,2.2072419203,-0.2879259879
2024-01-05,2.5775417300,2.2469256583,-0.3306160717
2024-01-08,2.5624614331,2.2307313873,-0.3317300458
2024-01-09,2.5599655325,2.2570451998,-0.3029203327
2024-01-10,2.5780494152,2.2732383195,-0.3048110957
2024-01-11,2.5647437386,2.2583578869,-0.3063858517
2024-01-12,2.5251907164,2.2262076960,-0.2989830204
2024-01-15,2.5544563312,2.2810119759,-0.2734443553
2024-01-16,2.5579114471,2.2599486199,-0.2979628272
2024-01-17,2.6661449844,2.3394291535,-0.3267158309
2024-01-18,2.6768131019,2.3630529630,-0.3137601389
2024-01-19,2.6601461212,2.3846269956,-0.2755191256
2024-01-22,2.6444992404,2.3354762926,-0.3090229478
2024-01-23,2.6721226703,2.3886325322,-0.2834901381
2024-01-24,2.6630373870,2.3845432402,-0.2784941468
2024-01-25,2.5950024031,2.3687528773,-0.2262495258
2024-01-26,2.5873884106,2.3883232291,-0.1990651815
2024-01-29,2.5305335170,2.3251514995,-0.2053820175
2024-01-30,2.5229616619,2.3328476651,-0.1901139968
2024-01-31,2.4737329487,2.2658015700,-0.2079313787
2024-02-01,2.4718578156,2.2542621453,-0.2175956703
2024-02-02,2.5665608501,2.2752204759,-0.2913403742
2024-02-05,2.6225322873,2.3809383210,-0.2415939663
2024-02-06,2.6304437348,2.3871789716,-0.2432647632
2024-02-07,2.6142635533,2.3747592768,-0.2395042765
2024-02-08,2.6703657991,2.4271401791,-0.2432256200
2024-02-09,2.7200920439,2.4611908830,-0.2589011609
2024-02-12,2.7150454203,2.4517828411,-0.2632625792
2024-02-13,2.7570764919,2.4619773052,-0.2950991867
2024-02-14,2.7822301815,2.4452051320,-0.3370250495
2024-02-15,2.7610694685,2.3870546854,-0.3740147831
2024-02-16,2.8339608318,2.4712489514,-0.3627118804
2024-02-19,2.8367638290,2.4718564080,-0.3649074210
2024-02-20,2.7955100414,2.4409811023,-0.3545289391
2024-02-21,2.8245174859,2.4744667685,-0.3500507174
2024-02-22,2.8704212885,2.4798051672,-0.3906161213
2024-02-23,2.8509066911,2.4384341998,-0.4124724913
2024-02-26,2.9029634891,2.4672800030,-0.4356834861
2024-02-27,2.9063723664,2.4929769097,-0.4133954567
2024-02-28,2.9113834927,2.5167377375,-0.3946457552
2024-02-29,2.9012443273,2.4801097363,-0.4211345910
2024-03-01,2.8997453122,2.5034683242,-0.3962769880
2024-03-04,2.8804907504,2.4336236988,-0.4468670516
2024-03-05,2.8523626568,2.3635148956,-0.4888477612
2024-03-06,2.8473304056,2.3597086823,-0.4876217233
2024-03-07,2.8529528524,2.3402473323,-0.5127055201
2024-03-08,2.7745423427,2.3031809889,-0.4713613538
2024-03-11,2.8039501177,2.3591203019,-0.4448298158
2024-03-12,2.8420235470,2.3776217828,-0.4644017642
2024-03-13,2.8389592329,2.4038314531,-0.4351277798
2024-03-14,2.8719249526,2.4862550511,-0.3856699015
2024-03-15,2.9044036442,2.4946028896,-0.4098007546
2024-03-18,2.9015674337,2.5102098433,-0.3913575904
2024-03-19,2.8799697964,2.4846293611,-0.3953404353
2024-03-20,2.8888368353,2.4862311056,-0.4026057297
2024-03-21,2.8619899929,2.4697606676,-0.3922293253
2024-03-22,2.8142077684,2.3778521600,-0.4363556084
2024-03-25,2.8436140029,2.4260237468,-0.4175902561
2024-03-26,2.8446520188,2.4049985204,-0.4396534984
2024-03-27,2.7940012216,2.3510584666,-0.4429427550
2024-03-28,2.7981962094,2.3599354880,-0.4382607214
2024-04-02,2.8169937607,2.4863921225,-0.3306016382
2024-04-03,2.8340042643,2.4841395600,-0.3498647043
2024-04-04,2.8021367279,2.4113003171,-0.3908364108
2024-04-05,2.8304301161,2.4361684019,-0.3942617142
2024-04-08,2.8453378402,2.4923312998,-0.3530065404
2024-04-09,2.8445291470,2.4321874511,-0.4123416959
2024-04-10,2.8903682680,2.4839554210,-0.4064128470
2024-04-11,2.9001179970,2.5216754851,-0.3784425119
2024-04-12,2.8092030862,2.4069398686,-0.4022632176
2024-04-15,2.8315737776,2.5043256274,-0.3272481502
2024-04-16,2.8579131238,2.5654593950,-0.2924537288
2024-04-17,2.8689112024,2.5446063100,-0.3243048924
2024-04-18,2.8823985611,2.5551833059,-0.3272152552
2024-04-19,2.9209719540,2.5772617894,-0.3437101646
2024-04-22,2.8859431272,2.5694069878,-0.3165361394
2024-04-23,2.8798383983,2.5613382913,-0.3185001070
2024-04-24,2.9343412144,2.6439607161,-0.2903804983
2024-04-25,2.9873046997,2.6968869031,-0.2904177966
2024-04-26,2.9516982017,2.6234646790,-0.3282335227
2024-04-29,2.9228527419,2.5936184515,-0.3292342904
2024-04-30,2.9967567161,2.6368704855,-0.3598862306
2024-05-02,2.9691102147,2.6192687619,-0.3498414528
2024-05-03,2.9053014011,2.5459980650,-0.3593033361
2024-05-06,2.9095178730,2.5137096838,-0.3958081892
2024-05-07,2.8988787532,2.4769806556,-0.4218980976
2024-05-08,2.9151825530,2.5155847885,-0.3995977645
2024-05-09,2.9257582575,2.5485134906,-0.3772447669
2024-05-10,2.9442451164,2.5607710993,-0.3834740171
2024-05-13,2.9305148009,2.5539771945,-0.3765376064
2024-05-14,2.9395315903,2.5869324297,-0.3525991606
2024-05-15,2.8943669893,2.4997507148,-0.3946162745
2024-05-16,2.8959022268,2.5059329536,-0.3899692732
2024-05-17,2.9387147944,2.5736443805,-0.3650704139
2024-05-20,2.9329042182,2.5928737019,-0.3400305163
2024-05-21,2.9193099600,2.5633886100,-0.3559213500
2024-05-22,2.9535232779,2.5938440854,-0.3596791925
2024-05-23,3.0028329815,2.6421578714,-0.3606751101
2024-05-24,3.0330994089,2.6524141248,-0.3806852841
2024-05-27,2.9737393125,2.5984978775,-0.3752414350
2024-05-28,2.9725027088,2.6248221592,-0.3476805496
2024-05-29,3.0272376639,2.7193243024,-0.3079133615
2024-05-30,3.0169714126,2.7374225597,-0.2795488529
2024-05-31,3.0193484923,2.7015587512,-0.3177897411
2024-06-03,2.9779859652,2.6614829951,-0.3165029701
2024-06-04,2.9277644372,2.5974353780,-0.3303290592
2024-06-05,2.9355611140,2.5676072225,-0.3679538915
2024-06-06,2.9664368423,2.6218140315,-0.3446228108
2024-06-07,3.0231188867,2.6867722412,-0.3363466455
2024-06-10,3.0191670638,2.7385184555,-0.2806486083
2024-06-11,2.9634554635,2.7075072700,-0.2559481935
2024-06-12,2.9281543851,2.5967936569,-0.3313607282
2024-06-13,2.8987005515,2.5855197162,-0.3131808353
2024-06-14,2.7627458678,2.4086873262,-0.3540585416
2024-06-17,2.7914537869,2.4874036276,-0.3040501593
2024-06-18,2.7938622283,2.4762208750,-0.3176413533
2024-06-19,2.8108394712,2.4754923156,-0.3353471556
2024-06-20,2.8161233418,2.5093927539,-0.3067305879
2024-06-21,2.7675013428,2.4501759972,-0.3173253456
2024-06-24,2.8073327872,2.4790816716,-0.3282511156
2024-06-25,2.7992322474,2.4437824241,-0.3554498233
2024-06-26,2.8076536727,2.4887604599,-0.3188932128
2024-06-27,2.8095862690,2.4895226334,-0.3200636356
2024-06-28,2.7993707466,2.5019106798,-0.2974600668
2024-07-01,2.8738448081,2.6351168331,-0.2387279750
2024-07-02,2.8849534405,2.6257182030,-0.2592352375
2024-07-03,2.9017080189,2.6278943813,-0.2738136376
2024-07-04,2.8941333562,2.6237373697,-0.2703959865
2024-07-05,2.8742369158,2.5996836001,-0.2745533157
2024-07-08,2.8437112860,2.5707227465,-0.2729885395
2024-07-09,2.8615695202,2.5941446777,-0.2674248425
2024-07-10,2.8584445118,2.5570724353,-0.3013720765
2024-07-11,2.7946898478,2.4981105110,-0.2965793368
2024-07-12,2.8310235521,2.5167895001,-0.3142340520
2024-07-15,2.7754653648,2.5140039627,-0.2614614021
2024-07-16,2.7614783971,2.4645170295,-0.2969613676
2024-07-17,2.7626279177,2.4612971986,-0.3013307191
2024-07-18,2.7456871835,2.4367519932,-0.3089351903
2024-07-19,2.7681083283,2.4965557827,-0.2715525456
2024-07-22,2.7666766314,2.5105437773,-0.2561328541
2024-07-23,2.7539063343,2.4776943683,-0.2762119660
2024-07-24,2.7213895850,2.4715110514,-0.2498785336
2024-07-25,2.7027505058,2.4339080215,-0.2688424843
2024-07-26,2.6906245201,2.4245461772,-0.2660783429
2024-07-29,2.6688958534,2.3896297176,-0.2792661358
2024-07-30,2.6109896462,2.3544882773,-0.2565013689
2024-07-31,2.5822152139,2.3290703135,-0.2531449004
2024-08-01,2.5606727906,2.2814312550,-0.2792415356
2024-08-02,2.4705683801,2.1969689437,-0.2735994364
2024-08-05,2.3095484768,2.2355219221,-0.0740265547
2024-08-06,2.3366425227,2.2599321468,-0.0767103759
2024-08-07,2.4235840543,2.3652137270,-0.0583703273
2024-08-08,2.4313380332,2.3631468252,-0.0681912080
2024-08-09,2.4002093268,2.3179681699,-0.0822411569
2024-08-12,2.4018433469,2.3271464977,-0.0746968492
2024-08-13,2.3682264916,2.2926891188,-0.0755373728
2024-08-14,2.3650988634,2.2853210792,-0.0797777842
2024-08-15,2.4398204079,2.3521344146,-0.0876859933
2024-08-16,2.4216635162,2.3349911132,-0.0866724030
2024-08-19,2.4232229273,2.3506021122,-0.0726208151
2024-08-20,2.3907306734,2.3261330180,-0.0645976554
2024-08-21,2.3497079812,2.3059555781,-0.0437524031
2024-08-22,2.3542595388,2.3222276477,-0.0320318911
2024-08-23,2.3811689290,2.3545848339,-0.0265840951
2024-08-26,2.3695410870,2.3611574784,-0.0083836086
2024-08-27,2.3926134933,2.3976136360,0.0050001427
2024-08-28,2.3545063473,2.3663694885,0.0118631412
2024-08-29,2.3180484558,2.3795267524,0.0614782966
2024-08-30,2.3591456102,2.3888297669,0.0296841567
2024-09-02,2.3984183282,2.4485558581,0.0501375299
2024-09-03,2.3811621340,2.3718172551,-0.0093448789
2024-09-04,2.3375777023,2.3230518592,-0.0145258431
2024-09-05,2.2623239828,2.3052108156,0.0428868328
2024-09-06,2.2812464132,2.3113879433,0.0301415301
2024-09-09,2.2272159765,2.2959799036,0.0687639271
2024-09-10,2.2133271902,2.2834241895,0.0700969993
2024-09-11,2.1390237934,2.2136942997,0.0746705063
2024-09-12,2.1754847132,2.2396543029,0.0641695897
2024-09-13,2.1629372456,2.2602491803,0.0973119347
2024-09-16,2.1777910624,2.2479888331,0.0701977707
2024-09-17,2.1607422865,2.2486269095,0.0878846230
2024-09-18,2.2050798971,2.2985907322,0.0935108351
2024-09-19,2.1915578525,2.3048459818,0.1132881293
2024-09-20,2.2099509708,2.3288316667,0.1188806959
2024-09-23,2.1511405872,2.3026272101,0.1514866229
2024-09-24,2.0943300472,2.2891839665,0.1948539193
2024-09-25,2.0974194602,2.2914166710,0.1939972108
2024-09-26,2.0416181686,2.2537673608,0.2121491922
2024-09-27,2.0119940033,2.2521148846,0.2401208813
2024-09-30,2.0342844512,2.2367867384,0.2025022872
2024-10-01,1.9456250509,2.1442488285,0.1986237776
2024-10-02,2.0007264821,2.2298357908,0.2291093087
2024-10-03,2.0212892241,2.2890716162,0.2677823921
2024-10-04,2.1022005749,2.3213268231,0.2191262482
2024-10-07,2.1576127679,2.3680772013,0.2104644334
2024-10-08,2.1763718703,2.3786118387,0.2022399684
2024-10-09,2.1768275104,2.3672195539,0.1903920435
2024-10-10,2.1884832799,2.3821347867,0.1936515068
2024-10-11,2.1920214757,2.4091492224,0.2171277467
2024-10-14,2.1784237067,2.4077555020,0.2293317953
2024-10-15,2.1480490822,2.3391978925,0.1911488103
2024-10-16,2.1075010731,2.2888657969,0.1813647238
2024-10-17,2.1011632395,2.3141522729,0.2129890334
2024-10-18,2.0328800201,2.2940883656,0.2612083455
2024-10-21,2.1254694639,2.3808484055,0.2553789416
2024-10-22,2.1273525065,2.3997309158,0.2723784093
2024-10-23,2.0778460531,2.4337504295,0.3559043764
2024-10-24,2.0604909137,2.3715160286,0.3110251149
2024-10-25,2.0891054524,2.3973530010,0.3082475486
2024-10-28,2.0471740350,2.3810519633,0.3338779283
2024-10-29,2.0905380679,2.4331853634,0.3426472955
2024-10-30,2.1631326224,2.4724594585,0.3093268361
2024-10-31,2.2433129773,2.5209455580,0.2776325807
2024-11-01,2.1952562375,2.4894847017,0.2942284642
2024-11-04,2.2221182741,2.4871386980,0.2650204239
2024-11-05,2.2263637944,2.4983617341,0.2719979397
2024-11-06,2.1549863148,2.5113246974,0.3563383826
2024-11-07,2.1580280616,2.5240289566,0.3660008950
2024-11-08,2.1485568177,2.4700578721,0.3215010544
2024-11-11,2.0986940577,2.4420946519,0.3434005942
2024-11-12,2.0692720316,2.4280603265,0.3587882949
2024-11-13,2.0985880386,2.4741712590,0.3755832204
2024-11-14,2.0649425177,2.4479041589,0.3829616412
2024-11-15,2.0879792430,2.4575629867,0.3695837437
2024-11-18,2.1396008737,2.4743486696,0.3347477959
2024-11-19,2.1002544940,2.4309080958,0.3306536018
2024-11-20,2.1028413895,2.4474474548,0.3446060653
2024-11-21,2.0626525434,2.3987406434,0.3360881000
2024-11-22,1.9917460703,2.3562386849,0.3644926146
2024-11-25,1.9688081202,2.3014732166,0.3326650964
2024-11-26,2.0073401995,2.2988076041,0.2914674046
2024-11-27,1.9921060501,2.2613843370,0.2692782869
2024-11-28,1.9716445990,2.2248257945,0.2531811955
2024-11-29,1.9120084184,2.1852246483,0.2732162299
2024-12-02,1.8564459333,2.1381738703,0.2817279370
2024-12-03,1.8753282922,2.1245018989,0.2491736067
2024-12-04,1.9043105134,2.1609470857,0.2566365723
2024-12-05,1.9630802353,2.1952120266,0.2321317913
2024-12-06,1.9622855999,2.1639756999,0.2016901000
2024-12-09,1.9488705956,2.1848501571,0.2359795615
2024-12-10,1.9444423681,2.1969917660,0.2525493979
2024-12-11,1.9140376769,2.2067122243,0.2926745474
2024-12-12,1.9672665227,2.2590743687,0.2918078460
2024-12-13,1.9997336276,2.3306589016,0.3309252740
2024-12-16,2.0006058680,2.3320425144,0.3314366464
2024-12-17,1.9851802289,2.3137164817,0.3285362528
2024-12-18,1.9759524375,2.3391482390,0.3631958015
2024-12-19,2.0137551282,2.4054384768,0.3916833486
2024-12-20,1.9607290920,2.3746841926,0.4139551006
2024-12-23,1.9977993063,2.4023438214,0.4045445151
2024-12-24,2.0031476754,2.4054591254,0.4023114500
2024-12-27,2.0076965659,2.4317999928,0.4241034269
2024-12-30,2.0111511629,2.4473038368,0.4361526739
2025-01-02,2.0076200899,2.4331074802,0.4254873903
2025-01-03,2.0886587479,2.4896138856,0.4009551377
2025-01-06,2.1595698444,2.5409183981,0.3813485537
2025-01-07,2.1032996160,2.5483720687,0.4450724527
2025-01-08,2.1490938371,2.6054432350,0.4563493979
2025-01-09,2.1646834993,2.6162985075,0.4516150082
2025-01-10,2.2202151764,2.6562443383,0.4360291619
2025-01-13,2.2442257115,2.6820322585,0.4378065470
2025-01-14,2.2686086924,2.7186860566,0.4500773642
2025-01-15,2.2012399722,2.6302772251,0.4290372529
2025-01-16,2.2357346020,2.6577802953,0.4220456933
2025-01-17,2.2064343832,2.6010145893,0.3945802061
2025-01-20,2.2057366848,2.6006678270,0.3949311422
2025-01-21,2.1747840711,2.5925000501,0.4177159790
2025-01-22,2.1747840711,2.5925000501,0.4177159790
2025-01-23,2.1875774122,2.6180969380,0.4305195258
2025-01-24,2.2401136815,2.6525212896,0.4124076081
2025-01-27,2.2016690685,2.6108150355,0.4091459670
2025-01-28,2.2021654345,2.6246839966,0.4225185621
2025-01-29,2.1948520403,2.6123247792,0.4174727389
2025-01-30,2.1240844937,2.5709331179,0.4468486242
2025-01-31,2.0552152666,2.5304298486,0.4752145820
2025-02-03,1.9872366835,2.4463815528,0.4591448693
2025-02-04,1.9974569542,2.4771523668,0.4796954126
2025-02-05,1.9988268412,2.4214557243,0.4226288831
2025-02-06,2.0061366048,2.4251598200,0.4190232152
2025-02-07,2.0135594267,2.4627800758,0.4492206491
2025-02-10,1.9758389315,2.4334459670,0.4576070355
2025-02-11,2.0216543109,2.4999061726,0.4782518617
2025-02-12,2.0731938112,2.5517900040,0.4785961928
2025-02-13,2.0349752962,2.4889478346,0.4539725384
2025-02-14,2.0624994984,2.5005053327,0.4380058343
2025-02-17,2.0773110811,2.5460892565,0.4687781754
2025-02-18,2.0741708107,2.5581457184,0.4839749077
2025-02-19,2.1285716169,2.6098058692,0.4812342523
2025-02-20,2.1062244707,2.6019944882,0.4957700175
2025-02-21,2.0427070281,2.5384308723,0.4957238442
2025-02-24,2.0267429610,2.5348958801,0.5081529191
2025-02-25,2.0153392640,2.5273124962,0.5119732322
2025-02-26,2.0144299849,2.5050992164,0.4906692315
2025-02-27,1.9927527040,2.4964724029,0.5037196989
2025-02-28,1.9745360060,2.4692621079,0.4947261019
2025-03-03,2.0318952758,2.5783069883,0.5464117125
2025-03-04,1.9743120874,2.5625702838,0.5882581964
2025-03-05,2.1420782115,2.7987238935,0.6566456820
2025-03-06,2.2259304935,2.9449897814,0.7190592879
2025-03-07,2.1802237070,2.8730944696,0.6928707626
2025-03-10,2.1478681152,2.8687791491,0.7209110339
2025-03-11,2.1484797044,2.9343136849,0.7858339805
2025-03-12,2.1770756347,2.9343006641,0.7572250294
2025-03-13,2.1416020912,2.9136764885,0.7720743973
2025-03-14,2.1719678102,2.9461762482,0.7742084380
2025-03-17,2.1424126111,2.8657476373,0.7233350262
2025-03-18,2.1649719311,2.8967978782,0.7318259471
2025-03-19,2.1373179128,2.8579573708,0.7206394580
2025-03-20,2.1097935149,2.8267165325,0.7169230176
2025-03-21,2.1078266368,2.8458705980,0.7380439612
2025-03-24,2.1035268227,2.8630915118,0.7595646891
2025-03-25,2.1131294674,2.8783029162,0.7651734488
2025-03-26,2.0864188814,2.8656250048,0.7792061234
2025-03-27,2.0491543401,2.8623507021,0.8131963620
2025-03-28,2.0213322345,2.8121116226,0.7907793881
2025-03-31,1.9946853961,2.7817290051,0.7870436090
2025-04-01,1.9946997438,2.7589206718,0.7642209280
2025-04-02,1.9895064102,2.7609572069,0.7714507967
2025-04-03,1.9439000041,2.7337361267,0.7898361226
2025-04-04,1.8215221075,2.6475520891,0.8260299816
2025-04-07,1.7878631774,2.6815253471,0.8936621697
2025-04-08,1.9048767912,2.7532266258,0.8483498346
2025-04-09,1.7508397125,2.6865951501,0.9357554376
2025-04-10,1.8313708594,2.6776687173,0.8462978579
2025-04-11,1.7300159396,2.6037026531,0.8736867135
2025-04-14,1.7391264376,2.5988022107,0.8596757731
2025-04-15,1.7747438536,2.6309014142,0.8561575606
2025-04-16,1.7290503897,2.5995889898,0.8705386001
2025-04-17,1.7046384892,2.5747046513,0.8700661621
2025-04-22,1.6718726322,2.5519928801,0.8801202479
2025-04-23,1.7433495911,2.6001957861,0.8568461950
2025-04-24,1.6777609946,2.5491160582,0.8713550636
2025-04-25,1.7157809730,2.5625615399,0.8467805669
2025-04-28,1.7363224447,2.6074653015,0.8711428568
2025-04-29,1.7451495450,2.5893451856,0.8441956406
2025-04-30,1.6995058817,2.5575500372,0.8580441555
2025-05-02,1.7503686787,2.5959832532,0.8456145745
2025-05-05,1.7418307971,2.6204236160,0.8785928189
2025-05-06,1.7671821893,2.6544648641,0.8872826748
2025-05-07,1.7320107645,2.5934141244,0.8614033599
2025-05-08,1.7413589325,2.6097039476,0.8683450151
2025-05-09,1.7735985020,2.6665008334,0.8929023314
2025-05-12,1.8797796809,2.7249722749,0.8451925940
2025-05-13,1.8788957042,2.7470817086,0.8681860044
2025-05-14,1.8873503967,2.7702501526,0.8828997559
2025-05-15,1.8674987143,2.7375363863,0.8700376720
2025-05-16,1.8362162012,2.6752103350,0.8389941338
2025-05-19,1.8145949522,2.6887073283,0.8741123761
2025-05-20,1.8402949154,2.7126253145,0.8723303991
2025-05-21,1.8425789682,2.7335025798,0.8909236116
2025-05-22,1.8221230663,2.7473508277,0.9252277614
2025-05-23,1.7386811942,2.6681718095,0.9294906153
2025-05-26,1.7792641337,2.6721588759,0.8928947422
2025-05-27,1.7746946262,2.6355262980,0.8608316718
2025-05-28,1.7958959811,2.6447977997,0.8489018186
2025-05-29,1.7724631081,2.6116381266,0.8391750185
2025-05-30,1.7805778650,2.6100622245,0.8294843595
2025-06-02,1.8072703241,2.6226032517,0.8153329276
2025-06-03,1.7609713344,2.5938344853,0.8328631509
2025-06-04,1.7934058136,2.6234014460,0.8299956324
2025-06-05,1.8250862266,2.6470041589,0.8219179323
2025-06-06,1.8622240107,2.6594310994,0.7972070887
2025-06-09,1.8561998473,2.6758380627,0.8196382154
2025-06-10,1.8336509094,2.6167971377,0.7831462283
2025-06-11,1.8054730197,2.6215127886,0.8160397689
2025-06-12,1.7980167692,2.5777663314,0.7797495622
2025-06-13,1.8343448481,2.6032135344,0.7688686863
2025-06-16,1.8311404697,2.6215032120,0.7903627423
2025-06-17,1.8499896246,2.6218424136,0.7718527890
2025-06-18,1.8339061542,2.6011169546,0.7672108004
2025-06-19,1.8271326556,2.6019696538,0.7748369982
2025-06-20,1.8360710630,2.6142932126,0.7782221496
2025-06-23,1.8549831431,2.6072978004,0.7523146573
2025-06-24,1.8486111052,2.6498095606,0.8011984554
2025-06-25,1.8509723862,2.6644491833,0.8134767971
2025-06-26,1.8168800510,2.6578468297,0.8409667787
2025-06-27,1.8455372589,2.6867694635,0.8412322046
2025-06-30,1.8448999837,2.6791846244,0.8342846407
2025-07-01,1.8239814624,2.6531743058,0.8291928434
2025-07-02,1.8483808664,2.7236452829,0.8752644165
2025-07-03,1.8348212146,2.6868389630,0.8520177484
2025-07-04,1.8059469442,2.6526768615,0.8467299173
2025-07-07,1.8302698100,2.6964270831,0.8661572731
2025-07-08,1.8665369634,2.7429858162,0.8764488528
2025-07-09,1.8470333959,2.7333043321,0.8862709362
2025-07-10,1.8672876318,2.7571538406,0.8898662088
2025-07-11,1.9032091130,2.7876718173,0.8844627043
2025-07-14,1.8699459982,2.7890655573,0.9191195591
2025-07-15,1.8413199979,2.7456990225,0.9043790246
2025-07-16,1.8309948522,2.7466162704,0.9156214182
2025-07-17,1.8271584670,2.7365670847,0.9094086177
2025-07-18,1.8421399825,2.7570410604,0.9149010779
2025-07-21,1.8098318192,2.6769365906,0.8671047714
2025-07-22,1.7986465081,2.6601966254,0.8615501173
2025-07-23,1.7905376433,2.6658356958,0.8752980525
2025-07-24,1.8858153399,2.7534798034,0.8676644635
2025-07-25,1.9267637335,2.7933110223,0.8665472888
2025-07-28,1.8843251375,2.7556048698,0.8712797323
2025-07-29,1.9076732152,2.7686012088,0.8609279936
2025-07-30,1.9284117853,2.7787227813,0.8503109960
2025-07-31,1.9362248244,2.7630604692,0.8268356448
2025-08-01,1.8822516117,2.7295290489,0.8472774372
2025-08-04,1.8777986574,2.7031967398,0.8253980824
2025-08-05,1.8794618579,2.6947844576,0.8153225997
2025-08-06,1.8796763767,2.7046173201,0.8249409434
2025-08-07,1.8910557398,2.7076377195,0.8165819797
2025-08-08,1.9353984474,2.7574342451,0.8220357977
2025-08-11,1.9399036004,2.7613579972,0.8214543968
2025-08-12,1.9512619362,2.8201885980,0.8689266618
2025-08-13,1.9143562536,2.7606531700,0.8462969164
2025-08-14,1.9217794248,2.7789766404,0.8571972156
2025-08-15,1.9296540424,2.8430984141,0.9134443717
2025-08-18,1.9361723298,2.8344152580,0.8982429282
2025-08-19,1.9299063054,2.8219995437,0.8920932383
2025-08-20,1.9028262007,2.7889950333,0.8861688326
2025-08-21,1.9395964645,2.8212272687,0.8816308042
2025-08-22,1.9473188478,2.8081443795,0.8608255317
2025-08-25,1.9578977321,2.8420172523,0.8841195202
2025-08-26,1.9200470906,2.8030227277,0.8829756371
2025-08-27,1.9044242003,2.7933292442,0.8889050439
2025-08-28,1.9145187530,2.7720612195,0.8575424665
2025-08-29,1.9213686405,2.7854844577,0.8641158172
2025-09-01,1.9289222920,2.8201791164,0.8912568244
2025-09-02,1.9547879495,2.8583592623,0.9035713128
2025-09-03,1.9325486542,2.8209325207,0.8883838665
2025-09-04,1.9264749155,2.7879763494,0.8615014339
2025-09-05,1.9033183028,2.7458304046,0.8425121018
2025-09-08,1.8959736120,2.7205978036,0.8246241916
2025-09-09,1.9051122605,2.7373998786,0.8322876181
2025-09-10,1.9141822433,2.7348570644,0.8206748211
2025-09-11,1.9532167861,2.7436534813,0.7904366952
2025-09-12,1.9790847728,2.7793036167,0.8002188439
2025-09-15,1.9720407965,2.7663252387,0.7942844422
2025-09-16,1.9778896988,2.7626046351,0.7847149363
2025-09-17,1.9643942273,2.7440108714,0.7796166441
2025-09-18,1.9780242937,2.7887887757,0.8107644820
2025-09-19,1.9896402238,2.8110521727,0.8214119489
2025-09-22,1.9852879818,2.8191246144,0.8338366326
2025-09-23,1.9956466397,2.8183515272,0.8227048875
2025-09-24,1.9873716479,2.8188696161,0.8314979682
2025-09-25,2.0094562374,2.8373208625,0.8278646251
2025-09-26,1.9994178834,2.8197118707,0.8202939873
2025-09-29,1.9956701695,2.7859915739,0.7903214044
2025-09-30,1.9908238068,2.7786738794,0.7878500726
2025-10-01,1.9761886629,2.7687620524,0.7925733895
2025-10-02,1.9917023576,2.7847770967,0.7930747391
2025-10-03,1.9939644259,2.7677693726,0.7738049467
2025-10-06,1.9808328800,2.7855625619,0.8047296819
2025-10-07,1.9857003252,2.8017768131,0.8160764879
2025-10-08,1.9630022754,2.7556304465,0.7926281711
2025-10-09,1.9726228378,2.7726869400,0.8000641022
2025-10-10,1.9587396731,2.7417726722,0.7830329991
2025-10-13,1.9306945555,2.7065501324,0.7758555769
2025-10-14,1.9168815171,2.6787360452,0.7618545281
2025-10-15,1.9001731195,2.6483125542,0.7481394347
2025-10-16,1.9037734982,2.6626296861,0.7588561879
2025-10-17,1.8984483024,2.6597042971,0.7612559947
2025-10-20,1.8984182214,2.6652122756,0.7667940542
2025-10-21,1.8885775465,2.6315953943,0.7430178478
2025-10-22,1.8988944421,2.6456476004,0.7467531583
2025-10-23,1.9077101748,2.6589940943,0.7512839195
2025-10-24,1.9492572548,2.7104454299,0.7611881751
2025-10-27,1.9525802229,2.7044797107,0.7518994878
2025-10-28,1.9502180776,2.6977978987,0.7475798211
2025-10-29,1.9449959952,2.7029909692,0.7579949740
2025-10-30,1.9665463820,2.7161619958,0.7496156138
2025-10-31,1.9496455975,2.7216026850,0.7719570875
2025-11-03,1.9601849719,2.7279838319,0.7677988600
2025-11-04,1.9545242785,2.7254019371,0.7708776586
2025-11-05,1.9539552601,2.7361656751,0.7822104150
2025-11-06,1.9634247745,2.7333402197,0.7699154452
2025-11-07,1.9723170296,2.7519322513,0.7796152217
2025-11-10,1.9713384534,2.7473515524,0.7760130990
2025-11-11,1.9708878517,2.7362460296,0.7653581779
2025-11-12,1.9757924828,2.7238068417,0.7480143589
2025-11-13,1.9946614329,2.7505385733,0.7558771404
2025-11-14,1.9897807117,2.7811559776,0.7913752659
2025-11-17,2.0019660680,2.7878845539,0.7859184859
2025-11-18,1.9800858891,2.7725989683,0.7925130792
2025-11-19,1.9897453776,2.7852349907,0.7954896131
2025-11-20,2.0067656218,2.8112679169,0.8045022951
2025-11-21,1.9777959808,2.7864568988,0.8086609180
2025-11-24,1.9981241414,2.7871165917,0.7889924503
2025-11-25,1.9924426405,2.7574999568,0.7650573163
2025-11-26,1.9959402407,2.7670151833,0.7710749426
2025-11-27,1.9992870109,2.7643499565,0.7650629456
2025-11-28,2.0086159249,2.7737857403,0.7651698154
2025-12-01,2.0361617384,2.8399621085,0.8038003701
2025-12-02,2.0262999062,2.8412252222,0.8149253160
2025-12-03,2.0245242654,2.8267627658,0.8022385004
2025-12-04,2.0453654549,2.8490120473,0.8036465924
2025-12-05,2.0529097680,2.8720493811,0.8191396131
2025-12-08,2.1127957698,2.9378263285,0.8250305587
2025-12-09,2.1151576926,2.9324125063,0.8172548137
2025-12-10,2.1334987566,2.9465601100,0.8130613534
2025-12-11,2.1223183223,2.9270988489,0.8047805266
2025-12-12,2.1260062539,2.9548449211,0.8288386672
2025-12-15,2.1145348663,2.9237923869,0.8092575206
2025-12-16,2.1131495875,2.9447529455,0.8316033580
2025-12-17,2.1027460322,2.9461023067,0.8433562745
2025-12-18,2.1003134180,2.9489911753,0.8486777573
2025-12-19,2.1198446236,2.9802597570,0.8604151334
2025-12-22,2.1227241736,2.9967111658,0.8739869922
2025-12-23,2.1201323564,2.9609899591,0.8408576027
2025-12-24,2.1214520268,2.9640520365,0.8426000097
2025-12-29,2.0890805136,2.9225407917,0.8334602781
2025-12-30,2.1004409369,2.9493411108,0.8489001739
2025-12-31,2.1084549260,2.9480486243,0.8395936983
2026-01-02,2.1097118774,2.9750419729,0.8653300955
2026-01-05,2.1166888082,2.9626767444,0.8459879362
2026-01-06,2.0811808209,2.9239136196,0.8427327987
2026-01-07,2.0676284816,2.9023957433,0.8347672617
2026-01-08,2.0789036096,2.9216454161,0.8427418065
2026-01-09,2.0896572574,2.9259088946,0.8362516372
2026-01-12,2.0774595775,2.8928281343,0.8153685568
2026-01-13,2.0777781125,2.9070386480,0.8292605355
2026-01-14,2.0614395345,2.8813663514,0.8199268169
2026-01-15,2.0696657104,2.8686955390,0.7990298286
2026-01-16,2.0876313209,2.8938204257,0.8061891048
2026-01-19,2.0600532983,2.8903171094,0.8302638111
2026-01-20,2.0547042686,2.9277343601,0.8730300915
2026-01-21,2.0537035653,2.9330039598,0.8793003945
2026-01-22,2.0855734238,2.9368513542,0.8512779304
2026-01-23,2.1048870037,2.9477958486,0.8429088449
2026-01-26,2.0873579681,2.9173578501,0.8299998820
2026-01-27,2.0805342608,2.9211803737,0.8406461129
2026-01-28,2.0530366858,2.9118536858,0.8588170000
2026-01-29,2.0362025890,2.8916757502,0.8554731612
2026-01-30,2.0495671759,2.9033834533,0.8538162774
2026-02-02,2.0631603149,2.9151073179,0.8519470030
2026-02-03,2.0813185732,2.9470973297,0.8657787565
2026-02-04,2.0624879741,2.9291206827,0.8666327086
2026-02-05,2.0587574086,2.9225426497,0.8637852411
2026-02-06,2.0431463050,2.9031589073,0.8600126023
2026-02-09,2.0325948750,2.9046958203,0.8721009453
2026-02-10,2.0294694015,2.8672634105,0.8377940090
2026-02-11,2.0353981842,2.8678284988,0.8324303146
2026-02-12,2.0269946228,2.8433381897,0.8163435669
2026-02-13,1.9972761628,2.8073208074,0.8100446446
2026-02-16,2.0047470579,2.8127518027,0.8080047448
2026-02-17,2.0029126282,2.7981963760,0.7952837478
2026-02-18,2.0125980441,2.8031365285,0.7905384844
2026-02-19,2.0165098289,2.8077281701,0.7912183412
2026-02-20,2.0134776273,2.7935676328,0.7800900055
2026-02-23,2.0077993115,2.7857127411,0.7779134296
2026-02-24,2.0065503018,2.7714936784,0.7649433766
2026-02-25,2.0088303801,2.7737465861,0.7649162060
2026-02-26,2.0032308997,2.7470493584,0.7438184587
2026-02-27,1.9805043076,2.7266574195,0.7461531119
2026-03-02,2.0307075840,2.7599649167,0.7292573327
2026-03-03,2.1337315330,2.8404932390,0.7067617060
2026-03-04,2.0988931530,2.8172759483,0.7183827953
2026-03-05,2.1676114472,2.8857466383,0.7181351911
2026-03-06,2.2233174688,2.9087748974,0.6854574286
2026-03-09,2.2505716678,2.9242332615,0.6736615937
2026-03-10,2.1757420376,2.8972030409,0.7214610033
2026-03-11,2.3138180443,2.9743786023,0.6605605580
2026-03-12,2.3517295137,2.9980538024,0.6463242887
2026-03-13,2.3632504207,3.0113228114,0.6480723907
2026-03-16,2.3401725750,2.9882724205,0.6480998455
2026-03-17,2.3318529669,2.9666154378,0.6347624709
2026-03-18,2.4052936167,3.0003282288,0.5950346121
2026-03-19,2.4681846638,3.0117153846,0.5435307208
2026-03-20,2.5854170099,3.0755425799,0.4901255700
2026-03-23,2.5182150027,3.0328388945,0.5146238918
2026-03-24,2.5894585133,3.0619148860,0.4724563727
2026-03-25,2.5571657133,3.0118479104,0.4546821971
2026-03-26,2.6236868951,3.0944162751,0.4707293800
2026-03-27,2.6447072056,3.1504113416,0.5057041360
2026-03-30,2.6005623576,3.0944483571,0.4938859995
2026-03-31,2.5889838861,3.0729993471,0.4840154610
2026-04-01,2.5482024884,3.0478936329,0.4996911445
2026-04-02,2.5948155184,3.0751288521,0.4803133337
2026-04-07,2.6592217899,3.1060962471,0.4468744572
2026-04-08,2.4414899676,2.9793275216,0.5378375540
2026-04-09,2.5237103254,3.0724146710,0.5487043456
2026-04-10,2.5310621219,3.1004415163,0.5693793944
2026-04-13,2.5855339022,3.1227887328,0.5372548306
2026-04-14,2.5445231091,3.1121828868,0.5676597777
2026-04-15,2.4953056634,3.0888161219,0.5935104585
2026-04-16,2.4885726292,3.0746082746,0.5860356454
2026-04-17,2.4099992558,3.0250447597,0.6150455039
2026-04-20,2.4209588043,3.0368533168,0.6158945125
2026-04-21,2.4560076038,3.0365282223,0.5805206185
2026-04-22,2.4912944573,3.0510265518,0.5597320945
2026-04-23,2.5376409998,3.0674643234,0.5298233236
2026-04-24,2.5420491489,3.0706741038,0.5286249549
2026-04-27,2.5300432910,3.0816989599,0.5516556689
2026-04-28,2.6017881040,3.1195622586,0.5177741546
2026-04-29,2.6651724730,3.1427101730,0.4775377000
2026-04-30,2.6058943243,3.0939583349,0.4880640106
2026-05-04,2.6404350044,3.1051975410,0.4647625366
2026-05-05,2.6390993225,3.1255068065,0.4864074840
2026-05-06,2.5384893356,3.0483387570,0.5098494214
2026-05-07,2.5130682789,3.0367988029,0.5237305240
2026-05-08,2.5402702863,3.0522640098,0.5119937235
2026-05-11,2.5923630642,3.0796927017,0.4873296375
2026-05-12,2.6582573787,3.1495267074,0.4912693287
2026-05-13,2.6562503742,3.1514242492,0.4951738750
2026-05-14,2.6059369849,3.0994620296,0.4935250447
2026-05-15,2.6867609973,3.1951239875,0.5083629902
2026-05-18,2.6399098709,3.1716424255,0.5317325546
2026-05-19,2.6893209753,3.2197250915,0.5304041162
2026-05-20,2.6729796871,3.1913866523,0.5184069652
2026-05-21,2.6286870284,3.1401444666,0.5114574382
2026-05-22,2.5735265749,3.0830202566,0.5094936817
2026-05-25,2.4784887624,2.9857408352,0.5072520728
2026-05-26,2.5304227883,3.0303794025,0.4999566142
2026-05-27,2.5242753911,3.0265148902,0.5022394991
2026-05-28,2.5253148055,3.0348986296,0.5095838241
2026-05-29,2.5006714674,3.0165874540,0.5159159866
2026-06-01,2.5777190557,3.0680734066,0.4903543509
2026-06-02,2.5557837052,3.0192058236,0.4634221184
2026-06-03,2.5889111082,3.0612878862,0.4723767780
2026-06-04,2.5816369773,3.0698375728,0.4882005955
2026-06-05,2.6015235946,3.0877233984,0.4861998038
2026-06-08,2.6235814580,3.0920816898,0.4685002318
2026-06-09,2.6189683991,3.0992230173,0.4802546182
2026-06-10,2.6354295416,3.1162570344,0.4808274928
2026-06-11,2.6089401632,3.0798140633,0.4708739001
2026-06-12,2.5775819706,3.0694748442,0.4918928736
2026-06-15,2.5184709728,3.0089281275,0.4904571547
2026-06-16,2.5154495371,2.9923877689,0.4769382318
2026-06-17,2.5267491655,2.9854852656,0.4587361001
2026-06-18,2.5543756811,2.9853251782,0.4309494971
2026-06-19,2.5758917711,3.0367350672,0.4608432961
2026-06-22,2.5451244434,3.0093670766,0.4642426332
2026-06-23,2.5038709417,2.9707291005,0.4668581588
2026-06-24,2.4861849189,2.9379971807,0.4518122618
2026-06-25,2.4756991249,2.9160405586,0.4403414337
2026-06-26,2.4528794927,2.9223600013,0.4694805086
2026-06-29,2.4767322680,2.9228961520,0.4461638840
2026-06-30,2.4760833371,2.9244927445,0.4484094074
2026-07-01,2.4738910102,2.9633626284,0.4894716182
2026-07-02,2.4543322029,2.9878649255,0.5335327226
2026-07-03,2.4707016791,3.0061092915,0.5354076124
2026-07-06,2.4846441420,3.0156822508,0.5310381088
2026-07-07,2.5291403048,3.0568869592,0.5277466544
2026-07-08,2.6192816299,3.1370395898,0.5177579599
2026-07-09,2.6146246593,3.1292327833,0.5146081240
2026-07-10,2.5992991792,3.1085540184,0.5092548392
2026-07-13,2.6446073262,3.1247022419,0.4800949157
2026-07-14,2.6874859602,3.1462568028,0.4587708426
2026-07-15,2.6761872416,3.1544621071,0.4782748655
2026-07-16,2.6989120043,3.1773426637,0.4784306594
2026-07-17,2.6977042564,3.1521219932,0.4544177368
2026-07-20,2.7099382231,3.1678464688,0.4579082457
2026-07-21,2.7373771255,3.2100962672,0.4727191417
2026-07-22,2.7617110552,3.2040119707,0.4423009155
2026-07-23,2.8005546841,3.2247334899,0.4241788058
2026-07-24,2.7719528205,3.2069910464,0.4350382259
2026-07-27,2.7295925773,3.1657910287,0.4361984514
2026-07-28,2.7075644189,3.1579633503,0.4503989314
2026-07-29,2.7319809842,3.1750136066,0.4430326224
2026-07-30,2.7130737913,3.2006565473,0.4875827560
2026-07-31,2.7607858384,3.2273140986,0.4665282602
2026-08-03,2.7020530741,3.1854986169,0.4834455428
2026-08-04,2.6623250910,3.1462738472,0.4839487562
2026-08-05,2.6703142615,3.1466241785,0.4763099170
2026-08-06,2.6725142222,3.1466787570,0.4741645348
2026-08-07,2.6658514849,3.1523384986,0.4864870137
2026-08-10,2.7207716313,3.1993418585,0.4785702272
2026-08-11,2.7087020959,3.1760932477,0.4673911518
2026-08-12,2.7005074650,3.1654173208,0.4649098558
2026-08-13,2.6909507954,3.1556650280,0.4647142326
2026-08-14,2.7276488205,3.2125620965,0.4849132760
2026-08-17,2.7360418851,3.2423179071,0.5062760220
2026-08-18,2.7804608813,3.2885961981,0.5081353168
2026-08-19,2.7807523845,3.2782344774,0.4974820929
2026-08-20,2.7913954426,3.2791712210,0.4877757784
2026-08-21,2.7610795861,3.2710153758,0.5099357897
2026-08-24,2.7963537279,3.2803958027,0.4840420748
2026-08-25,2.7504426576,3.2448308736,0.4943882160
2026-08-26,2.7553758658,3.2485054634,0.4931295976
2026-08-27,2.7850581120,3.2772699104,0.4922117984
2026-08-28,2.8053784303,3.2789202996,0.4735418693
2026-08-31,2.8560179314,3.3395935506,0.4835756192
2026-09-01,2.8760012510,3.3551516650,0.4791504140
2026-09-02,2.9132061618,3.3918508877,0.4786447259
2026-09-03,2.8856641467,3.3646241735,0.4789600268
2026-09-04,2.8766374271,3.3464967597,0.4698593326
2026-09-07,2.9133072339,3.3894926929,0.4761854590
2026-09-08,2.9197540673,3.3784560737,0.4587020064
2026-09-09,2.9762925282,3.4265660386,0.4502735104
2026-09-10,3.1005963280,3.5032094198,0.4026130918
2026-09-11,3.1275687541,3.5227293419,0.3951605878
2026-09-14,3.2277796081,3.5409400409,0.3131604328
2026-09-15,3.1878043845,3.5437008047,0.3558964202
2026-09-16,3.1657762564,3.5334760721,0.3676998157
2026-09-17,3.1481938332,3.4875063501,0.3393125169
2026-09-18,3.2152124072,3.5297530740,0.3145406668
2026-09-21,3.1476088412,3.4738456172,0.3262367760
2026-09-22,3.1355631320,3.4527398521,0.3171767201
2026-09-23,3.2183173377,3.5236609264,0.3053435887
2026-09-24,3.2294000719,3.5661681763,0.3367681044
2026-09-25,3.2510669660,3.6147008640,0.3636338980
2026-09-28,3.2330297411,3.6313186552,0.3982889141
2026-09-29,3.2105877756,3.6076715398,0.3970837642
2026-09-30,3.1591707336,3.5816574153,0.4224866817
2026-10-01,3.1064811134,3.5921733451,0.4856922317
2026-10-02,2.9918960503,3.4639685465,0.4720724962
2026-10-05,2.9971302357,3.5019810931,0.5048508574
