date,gbp_ois_spot_2y_pct,source_file
2018-01-02,0.6887860417301275,OIS daily data_2016 to 2024.xlsx
2018-01-03,0.6624681082691141,OIS daily data_2016 to 2024.xlsx
2018-01-04,0.671486144388662,OIS daily data_2016 to 2024.xlsx
2018-01-05,0.6884079937176172,OIS daily data_2016 to 2024.xlsx
2018-01-08,0.6975486885480122,OIS daily data_2016 to 2024.xlsx
2018-01-09,0.7068469088596939,OIS daily data_2016 to 2024.xlsx
2018-01-10,0.7169437803971755,OIS daily data_2016 to 2024.xlsx
2018-01-11,0.7299143228466597,OIS daily data_2016 to 2024.xlsx
2018-01-12,0.7458299817507773,OIS daily data_2016 to 2024.xlsx
2018-01-15,0.7440544302762634,OIS daily data_2016 to 2024.xlsx
2018-01-16,0.7261476179895455,OIS daily data_2016 to 2024.xlsx
2018-01-17,0.7328601651807187,OIS daily data_2016 to 2024.xlsx
2018-01-18,0.7444117100650636,OIS daily data_2016 to 2024.xlsx
2018-01-19,0.7442681263728138,OIS daily data_2016 to 2024.xlsx
2018-01-22,0.754346277847905,OIS daily data_2016 to 2024.xlsx
2018-01-23,0.7475576087677507,OIS daily data_2016 to 2024.xlsx
2018-01-24,0.7822973864738726,OIS daily data_2016 to 2024.xlsx
2018-01-25,0.7706406640892558,OIS daily data_2016 to 2024.xlsx
2018-01-26,0.7993433666986454,OIS daily data_2016 to 2024.xlsx
2018-01-29,0.7969400685403841,OIS daily data_2016 to 2024.xlsx
2018-01-30,0.7947359575288717,OIS daily data_2016 to 2024.xlsx
2018-01-31,0.8258463493207789,OIS daily data_2016 to 2024.xlsx
2018-02-01,0.8266475666866724,OIS daily data_2016 to 2024.xlsx
2018-02-02,0.8385633766994934,OIS daily data_2016 to 2024.xlsx
2018-02-05,0.8195677001878485,OIS daily data_2016 to 2024.xlsx
2018-02-06,0.7971518254729453,OIS daily data_2016 to 2024.xlsx
2018-02-07,0.803604625127069,OIS daily data_2016 to 2024.xlsx
2018-02-08,0.8560373444746447,OIS daily data_2016 to 2024.xlsx
2018-02-09,0.844075351046527,OIS daily data_2016 to 2024.xlsx
2018-02-12,0.863609485995439,OIS daily data_2016 to 2024.xlsx
2018-02-13,0.8729852063472574,OIS daily data_2016 to 2024.xlsx
2018-02-14,0.8842819071859369,OIS daily data_2016 to 2024.xlsx
2018-02-15,0.8839268914629457,OIS daily data_2016 to 2024.xlsx
2018-02-16,0.8564458874935106,OIS daily data_2016 to 2024.xlsx
2018-02-19,0.8759559558338345,OIS daily data_2016 to 2024.xlsx
2018-02-20,0.8876851675748156,OIS daily data_2016 to 2024.xlsx
2018-02-21,0.8969704047993878,OIS daily data_2016 to 2024.xlsx
2018-02-22,0.8825088425809933,OIS daily data_2016 to 2024.xlsx
2018-02-23,0.8712300922955274,OIS daily data_2016 to 2024.xlsx
2018-02-26,0.8818589435329072,OIS daily data_2016 to 2024.xlsx
2018-02-27,0.9004241439273173,OIS daily data_2016 to 2024.xlsx
2018-02-28,0.8871859351064132,OIS daily data_2016 to 2024.xlsx
2018-03-01,0.879236728729687,OIS daily data_2016 to 2024.xlsx
2018-03-02,0.8690728950413944,OIS daily data_2016 to 2024.xlsx
2018-03-05,0.8890588825799409,OIS daily data_2016 to 2024.xlsx
2018-03-06,0.9020528956335365,OIS daily data_2016 to 2024.xlsx
2018-03-07,0.8884554333430005,OIS daily data_2016 to 2024.xlsx
2018-03-08,0.8803023130562613,OIS daily data_2016 to 2024.xlsx
2018-03-09,0.8937490989189691,OIS daily data_2016 to 2024.xlsx
2018-03-12,0.9021341007954804,OIS daily data_2016 to 2024.xlsx
2018-03-13,0.897799845949595,OIS daily data_2016 to 2024.xlsx
2018-03-14,0.8856140917293667,OIS daily data_2016 to 2024.xlsx
2018-03-15,0.8834226832465581,OIS daily data_2016 to 2024.xlsx
2018-03-16,0.8820939547352876,OIS daily data_2016 to 2024.xlsx
2018-03-19,0.8989150086781857,OIS daily data_2016 to 2024.xlsx
2018-03-20,0.9215671400102814,OIS daily data_2016 to 2024.xlsx
2018-03-21,0.9569243097317024,OIS daily data_2016 to 2024.xlsx
2018-03-22,0.923752892498363,OIS daily data_2016 to 2024.xlsx
2018-03-23,0.9139162597546244,OIS daily data_2016 to 2024.xlsx
2018-03-26,0.9193259772586384,OIS daily data_2016 to 2024.xlsx
2018-03-27,0.9072526548755951,OIS daily data_2016 to 2024.xlsx
2018-03-28,0.8798509786193963,OIS daily data_2016 to 2024.xlsx
2018-03-29,0.8805543475923484,OIS daily data_2016 to 2024.xlsx
2018-04-03,0.8852501244797195,OIS daily data_2016 to 2024.xlsx
2018-04-04,0.889389350971908,OIS daily data_2016 to 2024.xlsx
2018-04-05,0.9043451003208497,OIS daily data_2016 to 2024.xlsx
2018-04-06,0.8987719444010605,OIS daily data_2016 to 2024.xlsx
2018-04-09,0.8967456123798855,OIS daily data_2016 to 2024.xlsx
2018-04-10,0.8922530630178175,OIS daily data_2016 to 2024.xlsx
2018-04-11,0.8952541818685384,OIS daily data_2016 to 2024.xlsx
2018-04-12,0.919071498265511,OIS daily data_2016 to 2024.xlsx
2018-04-13,0.9115117327069522,OIS daily data_2016 to 2024.xlsx
2018-04-16,0.923082770648824,OIS daily data_2016 to 2024.xlsx
2018-04-17,0.9067381029579806,OIS daily data_2016 to 2024.xlsx
2018-04-18,0.8847030882695225,OIS daily data_2016 to 2024.xlsx
2018-04-19,0.903757729464804,OIS daily data_2016 to 2024.xlsx
2018-04-20,0.8418708408904818,OIS daily data_2016 to 2024.xlsx
2018-04-23,0.8611682240038242,OIS daily data_2016 to 2024.xlsx
2018-04-24,0.8756609975776178,OIS daily data_2016 to 2024.xlsx
2018-04-25,0.8706106011371456,OIS daily data_2016 to 2024.xlsx
2018-04-26,0.8720308025112394,OIS daily data_2016 to 2024.xlsx
2018-04-27,0.8064772046660085,OIS daily data_2016 to 2024.xlsx
2018-04-30,0.7893250449179332,OIS daily data_2016 to 2024.xlsx
2018-05-01,0.789731172415048,OIS daily data_2016 to 2024.xlsx
2018-05-02,0.8265391174192326,OIS daily data_2016 to 2024.xlsx
2018-05-03,0.7597756144770317,OIS daily data_2016 to 2024.xlsx
2018-05-04,0.7695984837300213,OIS daily data_2016 to 2024.xlsx
2018-05-08,0.8039538965922897,OIS daily data_2016 to 2024.xlsx
2018-05-09,0.8246025785696017,OIS daily data_2016 to 2024.xlsx
2018-05-10,0.7792421281267263,OIS daily data_2016 to 2024.xlsx
2018-05-11,0.7775568058262008,OIS daily data_2016 to 2024.xlsx
2018-05-14,0.8067219612357562,OIS daily data_2016 to 2024.xlsx
2018-05-15,0.822255574465034,OIS daily data_2016 to 2024.xlsx
2018-05-16,0.8191686374608615,OIS daily data_2016 to 2024.xlsx
2018-05-17,0.828954095306288,OIS daily data_2016 to 2024.xlsx
2018-05-18,0.8085825983889093,OIS daily data_2016 to 2024.xlsx
2018-05-21,0.8018734018338646,OIS daily data_2016 to 2024.xlsx
2018-05-22,0.8203950230225389,OIS daily data_2016 to 2024.xlsx
2018-05-23,0.7777691355474564,OIS daily data_2016 to 2024.xlsx
2018-05-24,0.774752981921847,OIS daily data_2016 to 2024.xlsx
2018-05-25,0.7384322881147551,OIS daily data_2016 to 2024.xlsx
2018-05-29,0.674961194714874,OIS daily data_2016 to 2024.xlsx
2018-05-30,0.7051601226339065,OIS daily data_2016 to 2024.xlsx
2018-05-31,0.7148330680798467,OIS daily data_2016 to 2024.xlsx
2018-06-01,0.7379312712122003,OIS daily data_2016 to 2024.xlsx
2018-06-04,0.7548728397342652,OIS daily data_2016 to 2024.xlsx
2018-06-05,0.7593784172790112,OIS daily data_2016 to 2024.xlsx
2018-06-06,0.803693620629836,OIS daily data_2016 to 2024.xlsx
2018-06-07,0.8171783309499282,OIS daily data_2016 to 2024.xlsx
2018-06-08,0.7950994618776196,OIS daily data_2016 to 2024.xlsx
2018-06-11,0.7970509736540115,OIS daily data_2016 to 2024.xlsx
2018-06-12,0.8062337087578565,OIS daily data_2016 to 2024.xlsx
2018-06-13,0.8020088771510767,OIS daily data_2016 to 2024.xlsx
2018-06-14,0.7888457655147781,OIS daily data_2016 to 2024.xlsx
2018-06-15,0.7794826754362231,OIS daily data_2016 to 2024.xlsx
2018-06-18,0.7975878997180254,OIS daily data_2016 to 2024.xlsx
2018-06-19,0.7717843963709148,OIS daily data_2016 to 2024.xlsx
2018-06-20,0.7925250597011971,OIS daily data_2016 to 2024.xlsx
2018-06-21,0.8007385208816714,OIS daily data_2016 to 2024.xlsx
2018-06-22,0.8207978550065563,OIS daily data_2016 to 2024.xlsx
2018-06-25,0.8047872546274527,OIS daily data_2016 to 2024.xlsx
2018-06-26,0.8136407041951309,OIS daily data_2016 to 2024.xlsx
2018-06-27,0.7844168703934187,OIS daily data_2016 to 2024.xlsx
2018-06-28,0.782660551267202,OIS daily data_2016 to 2024.xlsx
2018-06-29,0.7948176400258685,OIS daily data_2016 to 2024.xlsx
2018-07-02,0.784242444878403,OIS daily data_2016 to 2024.xlsx
2018-07-03,0.7823231807853724,OIS daily data_2016 to 2024.xlsx
2018-07-04,0.8240647258187381,OIS daily data_2016 to 2024.xlsx
2018-07-05,0.8260083165386067,OIS daily data_2016 to 2024.xlsx
2018-07-06,0.8331295216482192,OIS daily data_2016 to 2024.xlsx
2018-07-09,0.8207687227934388,OIS daily data_2016 to 2024.xlsx
2018-07-10,0.8452514515040142,OIS daily data_2016 to 2024.xlsx
2018-07-11,0.8401992342640454,OIS daily data_2016 to 2024.xlsx
2018-07-12,0.8304610113758757,OIS daily data_2016 to 2024.xlsx
2018-07-13,0.830224245947871,OIS daily data_2016 to 2024.xlsx
2018-07-16,0.8272430104517053,OIS daily data_2016 to 2024.xlsx
2018-07-17,0.831666514362571,OIS daily data_2016 to 2024.xlsx
2018-07-18,0.7993326083761911,OIS daily data_2016 to 2024.xlsx
2018-07-19,0.7931964589301433,OIS daily data_2016 to 2024.xlsx
2018-07-20,0.8218265910315887,OIS daily data_2016 to 2024.xlsx
2018-07-23,0.8358133435675579,OIS daily data_2016 to 2024.xlsx
2018-07-24,0.8531620955987209,OIS daily data_2016 to 2024.xlsx
2018-07-25,0.8592994082796788,OIS daily data_2016 to 2024.xlsx
2018-07-26,0.8629361855441791,OIS daily data_2016 to 2024.xlsx
2018-07-27,0.8577772996184144,OIS daily data_2016 to 2024.xlsx
2018-07-30,0.8850865818494826,OIS daily data_2016 to 2024.xlsx
2018-07-31,0.8870647762150331,OIS daily data_2016 to 2024.xlsx
2018-08-01,0.9005824670627414,OIS daily data_2016 to 2024.xlsx
2018-08-02,0.8949130401044838,OIS daily data_2016 to 2024.xlsx
2018-08-03,0.8782142274858841,OIS daily data_2016 to 2024.xlsx
2018-08-06,0.876057825054161,OIS daily data_2016 to 2024.xlsx
2018-08-07,0.8818303805128272,OIS daily data_2016 to 2024.xlsx
2018-08-08,0.8818849799228743,OIS daily data_2016 to 2024.xlsx
2018-08-09,0.8710345818642526,OIS daily data_2016 to 2024.xlsx
2018-08-10,0.8355459510956527,OIS daily data_2016 to 2024.xlsx
2018-08-13,0.8381949864847572,OIS daily data_2016 to 2024.xlsx
2018-08-14,0.8458621595061628,OIS daily data_2016 to 2024.xlsx
2018-08-15,0.8293522503609673,OIS daily data_2016 to 2024.xlsx
2018-08-16,0.8385548934072784,OIS daily data_2016 to 2024.xlsx
2018-08-17,0.843162072824507,OIS daily data_2016 to 2024.xlsx
2018-08-20,0.8407841499417704,OIS daily data_2016 to 2024.xlsx
2018-08-21,0.8586901829663651,OIS daily data_2016 to 2024.xlsx
2018-08-22,0.8572551015118988,OIS daily data_2016 to 2024.xlsx
2018-08-23,0.8563955935218139,OIS daily data_2016 to 2024.xlsx
2018-08-24,0.8577512804684474,OIS daily data_2016 to 2024.xlsx
2018-08-28,0.8744601305240747,OIS daily data_2016 to 2024.xlsx
2018-08-29,0.8984563255142075,OIS daily data_2016 to 2024.xlsx
2018-08-30,0.895825687601235,OIS daily data_2016 to 2024.xlsx
2018-08-31,0.8864632534984278,OIS daily data_2016 to 2024.xlsx
2018-09-03,0.8727542627301107,OIS daily data_2016 to 2024.xlsx
2018-09-04,0.8760133280118484,OIS daily data_2016 to 2024.xlsx
2018-09-05,0.873018162068824,OIS daily data_2016 to 2024.xlsx
2018-09-06,0.8640910649561354,OIS daily data_2016 to 2024.xlsx
2018-09-07,0.8739436423673922,OIS daily data_2016 to 2024.xlsx
2018-09-10,0.8911316312311245,OIS daily data_2016 to 2024.xlsx
2018-09-11,0.9121497113870846,OIS daily data_2016 to 2024.xlsx
2018-09-12,0.9130188057072395,OIS daily data_2016 to 2024.xlsx
2018-09-13,0.9188316455782641,OIS daily data_2016 to 2024.xlsx
2018-09-14,0.9228417987112799,OIS daily data_2016 to 2024.xlsx
2018-09-17,0.9269943884073779,OIS daily data_2016 to 2024.xlsx
2018-09-18,0.9268883543796628,OIS daily data_2016 to 2024.xlsx
2018-09-19,0.9587455250358294,OIS daily data_2016 to 2024.xlsx
2018-09-20,0.9555779977904802,OIS daily data_2016 to 2024.xlsx
2018-09-21,0.9250902095679547,OIS daily data_2016 to 2024.xlsx
2018-09-24,0.941196055495366,OIS daily data_2016 to 2024.xlsx
2018-09-25,0.9548967949450673,OIS daily data_2016 to 2024.xlsx
2018-09-26,0.9449887247253926,OIS daily data_2016 to 2024.xlsx
2018-09-27,0.9566153827221776,OIS daily data_2016 to 2024.xlsx
2018-09-28,0.9487285096967814,OIS daily data_2016 to 2024.xlsx
2018-10-01,0.9615666464944508,OIS daily data_2016 to 2024.xlsx
2018-10-02,0.942278424278308,OIS daily data_2016 to 2024.xlsx
2018-10-03,0.9546819484245073,OIS daily data_2016 to 2024.xlsx
2018-10-04,0.987488750199286,OIS daily data_2016 to 2024.xlsx
2018-10-05,1.0167877666069602,OIS daily data_2016 to 2024.xlsx
2018-10-08,0.9989191371720597,OIS daily data_2016 to 2024.xlsx
2018-10-09,1.0140977464744767,OIS daily data_2016 to 2024.xlsx
2018-10-10,1.018038237704629,OIS daily data_2016 to 2024.xlsx
2018-10-11,1.0067422585973855,OIS daily data_2016 to 2024.xlsx
2018-10-12,0.9814500722931666,OIS daily data_2016 to 2024.xlsx
2018-10-15,0.9676394079292994,OIS daily data_2016 to 2024.xlsx
2018-10-16,0.974042586709966,OIS daily data_2016 to 2024.xlsx
2018-10-17,0.9631619329961344,OIS daily data_2016 to 2024.xlsx
2018-10-18,0.9487664875396481,OIS daily data_2016 to 2024.xlsx
2018-10-19,0.9382754337327652,OIS daily data_2016 to 2024.xlsx
2018-10-22,0.9177090712689779,OIS daily data_2016 to 2024.xlsx
2018-10-23,0.9061601979499709,OIS daily data_2016 to 2024.xlsx
2018-10-24,0.8974346881084921,OIS daily data_2016 to 2024.xlsx
2018-10-25,0.891687581759781,OIS daily data_2016 to 2024.xlsx
2018-10-26,0.8643649393719745,OIS daily data_2016 to 2024.xlsx
2018-10-29,0.8751605120207957,OIS daily data_2016 to 2024.xlsx
2018-10-30,0.8788332086221016,OIS daily data_2016 to 2024.xlsx
2018-10-31,0.9126829889884546,OIS daily data_2016 to 2024.xlsx
2018-11-01,0.9280368687906523,OIS daily data_2016 to 2024.xlsx
2018-11-02,0.9343726942231237,OIS daily data_2016 to 2024.xlsx
2018-11-05,0.9391014059523408,OIS daily data_2016 to 2024.xlsx
2018-11-06,0.9549466533529009,OIS daily data_2016 to 2024.xlsx
2018-11-07,0.9539383421138661,OIS daily data_2016 to 2024.xlsx
2018-11-08,0.9810713060656794,OIS daily data_2016 to 2024.xlsx
2018-11-09,0.9526179323519053,OIS daily data_2016 to 2024.xlsx
2018-11-12,0.9174319848576165,OIS daily data_2016 to 2024.xlsx
2018-11-13,0.9535642425735213,OIS daily data_2016 to 2024.xlsx
2018-11-14,0.9298954367018519,OIS daily data_2016 to 2024.xlsx
2018-11-15,0.8537821528251773,OIS daily data_2016 to 2024.xlsx
2018-11-16,0.8879371633432618,OIS daily data_2016 to 2024.xlsx
2018-11-19,0.8635253318371959,OIS daily data_2016 to 2024.xlsx
2018-11-20,0.8761802882129567,OIS daily data_2016 to 2024.xlsx
2018-11-21,0.8858089167620375,OIS daily data_2016 to 2024.xlsx
2018-11-22,0.9047790052713944,OIS daily data_2016 to 2024.xlsx
2018-11-23,0.8795148183998112,OIS daily data_2016 to 2024.xlsx
2018-11-26,0.8953817935116845,OIS daily data_2016 to 2024.xlsx
2018-11-27,0.8838525122437716,OIS daily data_2016 to 2024.xlsx
2018-11-28,0.8812667700848466,OIS daily data_2016 to 2024.xlsx
2018-11-29,0.8912701550140539,OIS daily data_2016 to 2024.xlsx
2018-11-30,0.8981602379877687,OIS daily data_2016 to 2024.xlsx
2018-12-03,0.8739498054111825,OIS daily data_2016 to 2024.xlsx
2018-12-04,0.8769161522166211,OIS daily data_2016 to 2024.xlsx
2018-12-05,0.891392181891216,OIS daily data_2016 to 2024.xlsx
2018-12-06,0.8823223332261807,OIS daily data_2016 to 2024.xlsx
2018-12-07,0.8697300178898618,OIS daily data_2016 to 2024.xlsx
2018-12-10,0.8338735425772135,OIS daily data_2016 to 2024.xlsx
2018-12-11,0.8257247546320681,OIS daily data_2016 to 2024.xlsx
2018-12-12,0.8789450606238218,OIS daily data_2016 to 2024.xlsx
2018-12-13,0.8939378800170604,OIS daily data_2016 to 2024.xlsx
2018-12-14,0.8721683814535311,OIS daily data_2016 to 2024.xlsx
2018-12-17,0.8790651043188282,OIS daily data_2016 to 2024.xlsx
2018-12-18,0.8777752368580166,OIS daily data_2016 to 2024.xlsx
2018-12-19,0.8614080870709875,OIS daily data_2016 to 2024.xlsx
2018-12-20,0.8577854524009391,OIS daily data_2016 to 2024.xlsx
2018-12-21,0.8830298891390748,OIS daily data_2016 to 2024.xlsx
2018-12-24,0.8755860541830269,OIS daily data_2016 to 2024.xlsx
2018-12-27,0.8707619499613798,OIS daily data_2016 to 2024.xlsx
2018-12-28,0.8597791771028297,OIS daily data_2016 to 2024.xlsx
2018-12-31,0.8711502223265624,OIS daily data_2016 to 2024.xlsx
2019-01-02,0.8296427682895426,OIS daily data_2016 to 2024.xlsx
2019-01-03,0.819644138388043,OIS daily data_2016 to 2024.xlsx
2019-01-04,0.8400987882694336,OIS daily data_2016 to 2024.xlsx
2019-01-07,0.8378889425548443,OIS daily data_2016 to 2024.xlsx
2019-01-08,0.8558502888371896,OIS daily data_2016 to 2024.xlsx
2019-01-09,0.8608387261675337,OIS daily data_2016 to 2024.xlsx
2019-01-10,0.8793713170858152,OIS daily data_2016 to 2024.xlsx
2019-01-11,0.8961145251662778,OIS daily data_2016 to 2024.xlsx
2019-01-14,0.9017943974592675,OIS daily data_2016 to 2024.xlsx
2019-01-15,0.885119622885384,OIS daily data_2016 to 2024.xlsx
2019-01-16,0.9009381489623692,OIS daily data_2016 to 2024.xlsx
2019-01-17,0.8910590964084552,OIS daily data_2016 to 2024.xlsx
2019-01-18,0.882967530345323,OIS daily data_2016 to 2024.xlsx
2019-01-21,0.8690439011744069,OIS daily data_2016 to 2024.xlsx
2019-01-22,0.8812470246780567,OIS daily data_2016 to 2024.xlsx
2019-01-23,0.8903507912531257,OIS daily data_2016 to 2024.xlsx
2019-01-24,0.8662863164916379,OIS daily data_2016 to 2024.xlsx
2019-01-25,0.878425488732745,OIS daily data_2016 to 2024.xlsx
2019-01-28,0.8587625122930724,OIS daily data_2016 to 2024.xlsx
2019-01-29,0.8509805346522157,OIS daily data_2016 to 2024.xlsx
2019-01-30,0.8526933093077366,OIS daily data_2016 to 2024.xlsx
2019-01-31,0.8343590765849819,OIS daily data_2016 to 2024.xlsx
2019-02-01,0.8380964280526484,OIS daily data_2016 to 2024.xlsx
2019-02-04,0.8580884410190683,OIS daily data_2016 to 2024.xlsx
2019-02-05,0.8427568385336894,OIS daily data_2016 to 2024.xlsx
2019-02-06,0.8419621808787571,OIS daily data_2016 to 2024.xlsx
2019-02-07,0.8147103750067709,OIS daily data_2016 to 2024.xlsx
2019-02-08,0.7947257793072454,OIS daily data_2016 to 2024.xlsx
2019-02-11,0.803100531253453,OIS daily data_2016 to 2024.xlsx
2019-02-12,0.8015228793532592,OIS daily data_2016 to 2024.xlsx
2019-02-13,0.8067359013980633,OIS daily data_2016 to 2024.xlsx
2019-02-14,0.790483168523446,OIS daily data_2016 to 2024.xlsx
2019-02-15,0.7942913812869785,OIS daily data_2016 to 2024.xlsx
2019-02-18,0.7919817301320881,OIS daily data_2016 to 2024.xlsx
2019-02-19,0.8005315312095637,OIS daily data_2016 to 2024.xlsx
2019-02-20,0.8178646199989092,OIS daily data_2016 to 2024.xlsx
2019-02-21,0.8319501105335495,OIS daily data_2016 to 2024.xlsx
2019-02-22,0.813678149679401,OIS daily data_2016 to 2024.xlsx
2019-02-25,0.82128359775696,OIS daily data_2016 to 2024.xlsx
2019-02-26,0.8397407170837876,OIS daily data_2016 to 2024.xlsx
2019-02-27,0.8699327935721892,OIS daily data_2016 to 2024.xlsx
2019-02-28,0.8724150019477995,OIS daily data_2016 to 2024.xlsx
2019-03-01,0.8726600916535401,OIS daily data_2016 to 2024.xlsx
2019-03-04,0.8743385973567636,OIS daily data_2016 to 2024.xlsx
2019-03-05,0.879269569595607,OIS daily data_2016 to 2024.xlsx
2019-03-06,0.8564389335125002,OIS daily data_2016 to 2024.xlsx
2019-03-07,0.8340152169941921,OIS daily data_2016 to 2024.xlsx
2019-03-08,0.8250147933476603,OIS daily data_2016 to 2024.xlsx
2019-03-11,0.8261828958681775,OIS daily data_2016 to 2024.xlsx
2019-03-12,0.8183545654245107,OIS daily data_2016 to 2024.xlsx
2019-03-13,0.8365421372304404,OIS daily data_2016 to 2024.xlsx
2019-03-14,0.8439377011895267,OIS daily data_2016 to 2024.xlsx
2019-03-15,0.8458611971892321,OIS daily data_2016 to 2024.xlsx
2019-03-18,0.835613439796641,OIS daily data_2016 to 2024.xlsx
2019-03-19,0.8344140700726692,OIS daily data_2016 to 2024.xlsx
2019-03-20,0.801493944475027,OIS daily data_2016 to 2024.xlsx
2019-03-21,0.7331617740746986,OIS daily data_2016 to 2024.xlsx
2019-03-22,0.7096200428291725,OIS daily data_2016 to 2024.xlsx
2019-03-25,0.6769672869386066,OIS daily data_2016 to 2024.xlsx
2019-03-26,0.7161944687658621,OIS daily data_2016 to 2024.xlsx
2019-03-27,0.7197181817414576,OIS daily data_2016 to 2024.xlsx
2019-03-28,0.702156679288966,OIS daily data_2016 to 2024.xlsx
2019-03-29,0.6964491619093173,OIS daily data_2016 to 2024.xlsx
2019-04-01,0.7238415017443134,OIS daily data_2016 to 2024.xlsx
2019-04-02,0.7030110423188498,OIS daily data_2016 to 2024.xlsx
2019-04-03,0.7551553406833109,OIS daily data_2016 to 2024.xlsx
2019-04-04,0.7442646650811164,OIS daily data_2016 to 2024.xlsx
2019-04-05,0.7550296446811217,OIS daily data_2016 to 2024.xlsx
2019-04-08,0.7567580514678146,OIS daily data_2016 to 2024.xlsx
2019-04-09,0.751467058525882,OIS daily data_2016 to 2024.xlsx
2019-04-10,0.749213185755395,OIS daily data_2016 to 2024.xlsx
2019-04-11,0.7817494721266499,OIS daily data_2016 to 2024.xlsx
2019-04-12,0.8102739663619453,OIS daily data_2016 to 2024.xlsx
2019-04-15,0.8215168783919771,OIS daily data_2016 to 2024.xlsx
2019-04-16,0.8301325623558006,OIS daily data_2016 to 2024.xlsx
2019-04-17,0.8413596033016686,OIS daily data_2016 to 2024.xlsx
2019-04-18,0.8207222388060956,OIS daily data_2016 to 2024.xlsx
2019-04-23,0.8456566306434419,OIS daily data_2016 to 2024.xlsx
2019-04-24,0.8133267910164287,OIS daily data_2016 to 2024.xlsx
2019-04-25,0.7993075348387436,OIS daily data_2016 to 2024.xlsx
2019-04-26,0.7906717177491245,OIS daily data_2016 to 2024.xlsx
2019-04-29,0.8083234714514852,OIS daily data_2016 to 2024.xlsx
2019-04-30,0.833583730803809,OIS daily data_2016 to 2024.xlsx
2019-05-01,0.8245146404665751,OIS daily data_2016 to 2024.xlsx
2019-05-02,0.8336565974442915,OIS daily data_2016 to 2024.xlsx
2019-05-03,0.8578204951431908,OIS daily data_2016 to 2024.xlsx
2019-05-07,0.8201650994218139,OIS daily data_2016 to 2024.xlsx
2019-05-08,0.8129638342624722,OIS daily data_2016 to 2024.xlsx
2019-05-09,0.7992508614656862,OIS daily data_2016 to 2024.xlsx
2019-05-10,0.7983218533086046,OIS daily data_2016 to 2024.xlsx
2019-05-13,0.7833855868013485,OIS daily data_2016 to 2024.xlsx
2019-05-14,0.7882561143858644,OIS daily data_2016 to 2024.xlsx
2019-05-15,0.7706544822620539,OIS daily data_2016 to 2024.xlsx
2019-05-16,0.7725605384486313,OIS daily data_2016 to 2024.xlsx
2019-05-17,0.7447235135594944,OIS daily data_2016 to 2024.xlsx
2019-05-20,0.7676763590780081,OIS daily data_2016 to 2024.xlsx
2019-05-21,0.7730698107399242,OIS daily data_2016 to 2024.xlsx
2019-05-22,0.7427218209271618,OIS daily data_2016 to 2024.xlsx
2019-05-23,0.6926019517642008,OIS daily data_2016 to 2024.xlsx
2019-05-24,0.7071347693212962,OIS daily data_2016 to 2024.xlsx
2019-05-28,0.6865609433073582,OIS daily data_2016 to 2024.xlsx
2019-05-29,0.6835073681223609,OIS daily data_2016 to 2024.xlsx
2019-05-30,0.6813435911906234,OIS daily data_2016 to 2024.xlsx
2019-05-31,0.6737940948919546,OIS daily data_2016 to 2024.xlsx
2019-06-03,0.6463456426614086,OIS daily data_2016 to 2024.xlsx
2019-06-04,0.6727659267722402,OIS daily data_2016 to 2024.xlsx
2019-06-05,0.6389911218616725,OIS daily data_2016 to 2024.xlsx
2019-06-06,0.6004726321450874,OIS daily data_2016 to 2024.xlsx
2019-06-07,0.58991940988915,OIS daily data_2016 to 2024.xlsx
2019-06-10,0.6163689849708639,OIS daily data_2016 to 2024.xlsx
2019-06-11,0.6534383291458121,OIS daily data_2016 to 2024.xlsx
2019-06-12,0.6640775042248871,OIS daily data_2016 to 2024.xlsx
2019-06-13,0.6571186014949516,OIS daily data_2016 to 2024.xlsx
2019-06-14,0.6560280748893517,OIS daily data_2016 to 2024.xlsx
2019-06-17,0.6573084513649302,OIS daily data_2016 to 2024.xlsx
2019-06-18,0.6296946501099102,OIS daily data_2016 to 2024.xlsx
2019-06-19,0.6750175344133209,OIS daily data_2016 to 2024.xlsx
2019-06-20,0.616200389465953,OIS daily data_2016 to 2024.xlsx
2019-06-21,0.6491335446279523,OIS daily data_2016 to 2024.xlsx
2019-06-24,0.6396019440504161,OIS daily data_2016 to 2024.xlsx
2019-06-25,0.6246379690745747,OIS daily data_2016 to 2024.xlsx
2019-06-26,0.6417378434135398,OIS daily data_2016 to 2024.xlsx
2019-06-27,0.6285446762710774,OIS daily data_2016 to 2024.xlsx
2019-06-28,0.6350118313842669,OIS daily data_2016 to 2024.xlsx
2019-07-01,0.6215824364995683,OIS daily data_2016 to 2024.xlsx
2019-07-02,0.5350219631397689,OIS daily data_2016 to 2024.xlsx
2019-07-03,0.5307647843298561,OIS daily data_2016 to 2024.xlsx
2019-07-04,0.510928515775029,OIS daily data_2016 to 2024.xlsx
2019-07-05,0.5594772606201533,OIS daily data_2016 to 2024.xlsx
2019-07-08,0.5399212845189884,OIS daily data_2016 to 2024.xlsx
2019-07-09,0.5438622152629642,OIS daily data_2016 to 2024.xlsx
2019-07-10,0.5640605561271919,OIS daily data_2016 to 2024.xlsx
2019-07-11,0.5910932641983123,OIS daily data_2016 to 2024.xlsx
2019-07-12,0.5857067361888169,OIS daily data_2016 to 2024.xlsx
2019-07-15,0.5716897361915709,OIS daily data_2016 to 2024.xlsx
2019-07-16,0.5736980181741291,OIS daily data_2016 to 2024.xlsx
2019-07-17,0.5418967016863103,OIS daily data_2016 to 2024.xlsx
2019-07-18,0.5296194347468944,OIS daily data_2016 to 2024.xlsx
2019-07-19,0.5262572949925954,OIS daily data_2016 to 2024.xlsx
2019-07-22,0.5150906115846674,OIS daily data_2016 to 2024.xlsx
2019-07-23,0.509582417611059,OIS daily data_2016 to 2024.xlsx
2019-07-24,0.5043641489532158,OIS daily data_2016 to 2024.xlsx
2019-07-25,0.5137895459420214,OIS daily data_2016 to 2024.xlsx
2019-07-26,0.5026225485826156,OIS daily data_2016 to 2024.xlsx
2019-07-29,0.46911519765662146,OIS daily data_2016 to 2024.xlsx
2019-07-30,0.47043727795051204,OIS daily data_2016 to 2024.xlsx
2019-07-31,0.4659712901877441,OIS daily data_2016 to 2024.xlsx
2019-08-01,0.4588482251254252,OIS daily data_2016 to 2024.xlsx
2019-08-02,0.4533487344254589,OIS daily data_2016 to 2024.xlsx
2019-08-05,0.43039201168431646,OIS daily data_2016 to 2024.xlsx
2019-08-06,0.45204681355756876,OIS daily data_2016 to 2024.xlsx
2019-08-07,0.45469343007118596,OIS daily data_2016 to 2024.xlsx
2019-08-08,0.45454523959880966,OIS daily data_2016 to 2024.xlsx
2019-08-09,0.4171343250771231,OIS daily data_2016 to 2024.xlsx
2019-08-12,0.4105751262909031,OIS daily data_2016 to 2024.xlsx
2019-08-13,0.4557962463566047,OIS daily data_2016 to 2024.xlsx
2019-08-14,0.4507656587484797,OIS daily data_2016 to 2024.xlsx
2019-08-15,0.4471191852161237,OIS daily data_2016 to 2024.xlsx
2019-08-16,0.5079835669103605,OIS daily data_2016 to 2024.xlsx
2019-08-19,0.4850995124841207,OIS daily data_2016 to 2024.xlsx
2019-08-20,0.4880062399001904,OIS daily data_2016 to 2024.xlsx
2019-08-21,0.4853668875975902,OIS daily data_2016 to 2024.xlsx
2019-08-22,0.5092312083833886,OIS daily data_2016 to 2024.xlsx
2019-08-23,0.4744483416715099,OIS daily data_2016 to 2024.xlsx
2019-08-27,0.47084034699705557,OIS daily data_2016 to 2024.xlsx
2019-08-28,0.43578280970269795,OIS daily data_2016 to 2024.xlsx
2019-08-29,0.433399898201691,OIS daily data_2016 to 2024.xlsx
2019-08-30,0.44281035841863825,OIS daily data_2016 to 2024.xlsx
2019-09-02,0.40945826456759704,OIS daily data_2016 to 2024.xlsx
2019-09-03,0.3906518329769299,OIS daily data_2016 to 2024.xlsx
2019-09-04,0.4413920929542652,OIS daily data_2016 to 2024.xlsx
2019-09-05,0.5042050044723295,OIS daily data_2016 to 2024.xlsx
2019-09-06,0.4792709178205264,OIS daily data_2016 to 2024.xlsx
2019-09-09,0.5217359186579834,OIS daily data_2016 to 2024.xlsx
2019-09-10,0.5606465154421459,OIS daily data_2016 to 2024.xlsx
2019-09-11,0.5722415788427936,OIS daily data_2016 to 2024.xlsx
2019-09-12,0.6051450876774253,OIS daily data_2016 to 2024.xlsx
2019-09-13,0.6478625446448483,OIS daily data_2016 to 2024.xlsx
2019-09-16,0.6102301054852082,OIS daily data_2016 to 2024.xlsx
2019-09-17,0.6097357794084828,OIS daily data_2016 to 2024.xlsx
2019-09-18,0.5706958284229149,OIS daily data_2016 to 2024.xlsx
2019-09-19,0.5677834615991312,OIS daily data_2016 to 2024.xlsx
2019-09-20,0.5881564887030465,OIS daily data_2016 to 2024.xlsx
2019-09-23,0.5535674854471423,OIS daily data_2016 to 2024.xlsx
2019-09-24,0.5329239485135312,OIS daily data_2016 to 2024.xlsx
2019-09-25,0.5383482749185686,OIS daily data_2016 to 2024.xlsx
2019-09-26,0.5150499965112372,OIS daily data_2016 to 2024.xlsx
2019-09-27,0.4489093160967609,OIS daily data_2016 to 2024.xlsx
2019-09-30,0.44746944815342043,OIS daily data_2016 to 2024.xlsx
2019-10-01,0.43996104462751895,OIS daily data_2016 to 2024.xlsx
2019-10-02,0.4322627845346717,OIS daily data_2016 to 2024.xlsx
2019-10-03,0.41763983699669177,OIS daily data_2016 to 2024.xlsx
2019-10-04,0.40826396152599204,OIS daily data_2016 to 2024.xlsx
2019-10-07,0.4065828444417499,OIS daily data_2016 to 2024.xlsx
2019-10-08,0.39088138815205115,OIS daily data_2016 to 2024.xlsx
2019-10-09,0.40553755544800346,OIS daily data_2016 to 2024.xlsx
2019-10-10,0.5034320546079268,OIS daily data_2016 to 2024.xlsx
2019-10-11,0.5801961834646202,OIS daily data_2016 to 2024.xlsx
2019-10-14,0.5272962972257745,OIS daily data_2016 to 2024.xlsx
2019-10-15,0.5541238327792992,OIS daily data_2016 to 2024.xlsx
2019-10-16,0.5809582494491751,OIS daily data_2016 to 2024.xlsx
2019-10-17,0.5749244953898499,OIS daily data_2016 to 2024.xlsx
2019-10-18,0.5819371935530613,OIS daily data_2016 to 2024.xlsx
2019-10-21,0.6047710469239481,OIS daily data_2016 to 2024.xlsx
2019-10-22,0.5870366111496711,OIS daily data_2016 to 2024.xlsx
2019-10-23,0.5793589290552393,OIS daily data_2016 to 2024.xlsx
2019-10-24,0.5416170662458869,OIS daily data_2016 to 2024.xlsx
2019-10-25,0.5652042262141013,OIS daily data_2016 to 2024.xlsx
2019-10-28,0.5877177090629307,OIS daily data_2016 to 2024.xlsx
2019-10-29,0.596317951759307,OIS daily data_2016 to 2024.xlsx
2019-10-30,0.5743378315203941,OIS daily data_2016 to 2024.xlsx
2019-10-31,0.5535309396622692,OIS daily data_2016 to 2024.xlsx
2019-11-01,0.5673922050206894,OIS daily data_2016 to 2024.xlsx
2019-11-04,0.5878522684591201,OIS daily data_2016 to 2024.xlsx
2019-11-05,0.6166869497285845,OIS daily data_2016 to 2024.xlsx
2019-11-06,0.5939044965168374,OIS daily data_2016 to 2024.xlsx
2019-11-07,0.587219436554423,OIS daily data_2016 to 2024.xlsx
2019-11-08,0.5959117486004909,OIS daily data_2016 to 2024.xlsx
2019-11-11,0.6126352718615671,OIS daily data_2016 to 2024.xlsx
2019-11-12,0.6053600617756354,OIS daily data_2016 to 2024.xlsx
2019-11-13,0.589526753379274,OIS daily data_2016 to 2024.xlsx
2019-11-14,0.5543285101098133,OIS daily data_2016 to 2024.xlsx
2019-11-15,0.5836342540549884,OIS daily data_2016 to 2024.xlsx
2019-11-18,0.5976826882075069,OIS daily data_2016 to 2024.xlsx
2019-11-19,0.5846911989383106,OIS daily data_2016 to 2024.xlsx
2019-11-20,0.5811680022913851,OIS daily data_2016 to 2024.xlsx
2019-11-21,0.5870261342319548,OIS daily data_2016 to 2024.xlsx
2019-11-22,0.5298092773531049,OIS daily data_2016 to 2024.xlsx
2019-11-25,0.5400992020183829,OIS daily data_2016 to 2024.xlsx
2019-11-26,0.532450164234911,OIS daily data_2016 to 2024.xlsx
2019-11-27,0.5518882855081884,OIS daily data_2016 to 2024.xlsx
2019-11-28,0.55643682839155,OIS daily data_2016 to 2024.xlsx
2019-11-29,0.5776348167194253,OIS daily data_2016 to 2024.xlsx
2019-12-02,0.5906998253912906,OIS daily data_2016 to 2024.xlsx
2019-12-03,0.5549327945253251,OIS daily data_2016 to 2024.xlsx
2019-12-04,0.5940118188243306,OIS daily data_2016 to 2024.xlsx
2019-12-05,0.6061844419439936,OIS daily data_2016 to 2024.xlsx
2019-12-06,0.6099346328997786,OIS daily data_2016 to 2024.xlsx
2019-12-09,0.6165231260705932,OIS daily data_2016 to 2024.xlsx
2019-12-10,0.6346508843379033,OIS daily data_2016 to 2024.xlsx
2019-12-11,0.6038137010268384,OIS daily data_2016 to 2024.xlsx
2019-12-12,0.6061557875497025,OIS daily data_2016 to 2024.xlsx
2019-12-13,0.6209859706303291,OIS daily data_2016 to 2024.xlsx
2019-12-16,0.6328046947985942,OIS daily data_2016 to 2024.xlsx
2019-12-17,0.5682280679941286,OIS daily data_2016 to 2024.xlsx
2019-12-18,0.5649559717557903,OIS daily data_2016 to 2024.xlsx
2019-12-19,0.5878786368334463,OIS daily data_2016 to 2024.xlsx
2019-12-20,0.5934889251189931,OIS daily data_2016 to 2024.xlsx
2019-12-23,0.5964349118765588,OIS daily data_2016 to 2024.xlsx
2019-12-24,0.6037668014401715,OIS daily data_2016 to 2024.xlsx
2019-12-27,0.616873906040163,OIS daily data_2016 to 2024.xlsx
2019-12-30,0.6368907716748815,OIS daily data_2016 to 2024.xlsx
2019-12-31,0.6177683118164013,OIS daily data_2016 to 2024.xlsx
2020-01-02,0.6039402595983819,OIS daily data_2016 to 2024.xlsx
2020-01-03,0.5818223701424987,OIS daily data_2016 to 2024.xlsx
2020-01-06,0.6062544201318052,OIS daily data_2016 to 2024.xlsx
2020-01-07,0.6126873734668086,OIS daily data_2016 to 2024.xlsx
2020-01-08,0.6274088427794415,OIS daily data_2016 to 2024.xlsx
2020-01-09,0.5945181546118681,OIS daily data_2016 to 2024.xlsx
2020-01-10,0.5469593785567426,OIS daily data_2016 to 2024.xlsx
2020-01-13,0.49608292285152605,OIS daily data_2016 to 2024.xlsx
2020-01-14,0.4974867719497857,OIS daily data_2016 to 2024.xlsx
2020-01-15,0.4307411243030007,OIS daily data_2016 to 2024.xlsx
2020-01-16,0.4358157426369145,OIS daily data_2016 to 2024.xlsx
2020-01-17,0.41995165369378834,OIS daily data_2016 to 2024.xlsx
2020-01-20,0.4282087581502389,OIS daily data_2016 to 2024.xlsx
2020-01-21,0.4341130089827109,OIS daily data_2016 to 2024.xlsx
2020-01-22,0.44740949433296484,OIS daily data_2016 to 2024.xlsx
2020-01-23,0.43292042691627164,OIS daily data_2016 to 2024.xlsx
2020-01-24,0.42830423897776265,OIS daily data_2016 to 2024.xlsx
2020-01-27,0.4083200860050757,OIS daily data_2016 to 2024.xlsx
2020-01-28,0.43444995843541157,OIS daily data_2016 to 2024.xlsx
2020-01-29,0.4385237763556999,OIS daily data_2016 to 2024.xlsx
2020-01-30,0.5074609887162599,OIS daily data_2016 to 2024.xlsx
2020-01-31,0.48188317760503047,OIS daily data_2016 to 2024.xlsx
2020-02-03,0.4793958588064166,OIS daily data_2016 to 2024.xlsx
2020-02-04,0.5161169345135804,OIS daily data_2016 to 2024.xlsx
2020-02-05,0.5345169841964895,OIS daily data_2016 to 2024.xlsx
2020-02-06,0.5248090673536931,OIS daily data_2016 to 2024.xlsx
2020-02-07,0.5256634012093148,OIS daily data_2016 to 2024.xlsx
2020-02-10,0.5118875242721986,OIS daily data_2016 to 2024.xlsx
2020-02-11,0.5268325830598765,OIS daily data_2016 to 2024.xlsx
2020-02-12,0.5440624198445989,OIS daily data_2016 to 2024.xlsx
2020-02-13,0.5507917443492428,OIS daily data_2016 to 2024.xlsx
2020-02-14,0.5507050119304313,OIS daily data_2016 to 2024.xlsx
2020-02-17,0.5622116700808797,OIS daily data_2016 to 2024.xlsx
2020-02-18,0.5469100476917833,OIS daily data_2016 to 2024.xlsx
2020-02-19,0.548824744200914,OIS daily data_2016 to 2024.xlsx
2020-02-20,0.537127367099914,OIS daily data_2016 to 2024.xlsx
2020-02-21,0.5321897166177053,OIS daily data_2016 to 2024.xlsx
2020-02-24,0.47487094492790805,OIS daily data_2016 to 2024.xlsx
2020-02-25,0.4542267672919006,OIS daily data_2016 to 2024.xlsx
2020-02-26,0.4372340249992683,OIS daily data_2016 to 2024.xlsx
2020-02-27,0.42179286926107146,OIS daily data_2016 to 2024.xlsx
2020-02-28,0.367386714080693,OIS daily data_2016 to 2024.xlsx
2020-03-02,0.3128383486348482,OIS daily data_2016 to 2024.xlsx
2020-03-03,0.27456010653254326,OIS daily data_2016 to 2024.xlsx
2020-03-04,0.26031003939874736,OIS daily data_2016 to 2024.xlsx
2020-03-05,0.2141985464480853,OIS daily data_2016 to 2024.xlsx
2020-03-06,0.2304104099352929,OIS daily data_2016 to 2024.xlsx
2020-03-09,0.21311043573651567,OIS daily data_2016 to 2024.xlsx
2020-03-10,0.2564351480269392,OIS daily data_2016 to 2024.xlsx
2020-03-11,0.1909935282550286,OIS daily data_2016 to 2024.xlsx
2020-03-12,0.205812426246213,OIS daily data_2016 to 2024.xlsx
2020-03-13,0.22513089569494485,OIS daily data_2016 to 2024.xlsx
2020-03-16,0.19706501817628297,OIS daily data_2016 to 2024.xlsx
2020-03-17,0.21570795584307645,OIS daily data_2016 to 2024.xlsx
2020-03-18,0.2151765835522617,OIS daily data_2016 to 2024.xlsx
2020-03-19,0.14563701775756824,OIS daily data_2016 to 2024.xlsx
2020-03-20,0.16347836189814818,OIS daily data_2016 to 2024.xlsx
2020-03-23,0.1424026892633169,OIS daily data_2016 to 2024.xlsx
2020-03-24,0.1497469202704807,OIS daily data_2016 to 2024.xlsx
2020-03-25,0.1450254146432989,OIS daily data_2016 to 2024.xlsx
2020-03-26,0.14334043087783876,OIS daily data_2016 to 2024.xlsx
2020-03-27,0.14328853808454844,OIS daily data_2016 to 2024.xlsx
2020-03-30,0.1421412696732367,OIS daily data_2016 to 2024.xlsx
2020-03-31,0.14237857608760487,OIS daily data_2016 to 2024.xlsx
2020-04-01,0.13757752385331543,OIS daily data_2016 to 2024.xlsx
2020-04-02,0.1275462236690136,OIS daily data_2016 to 2024.xlsx
2020-04-03,0.11697016956053786,OIS daily data_2016 to 2024.xlsx
2020-04-06,0.12074645041645471,OIS daily data_2016 to 2024.xlsx
2020-04-07,0.13993699574983495,OIS daily data_2016 to 2024.xlsx
2020-04-08,0.1298689122570181,OIS daily data_2016 to 2024.xlsx
2020-04-09,0.11611705436644347,OIS daily data_2016 to 2024.xlsx
2020-04-14,0.12230474567311339,OIS daily data_2016 to 2024.xlsx
2020-04-15,0.11656003774591596,OIS daily data_2016 to 2024.xlsx
2020-04-16,0.12125001093410465,OIS daily data_2016 to 2024.xlsx
2020-04-17,0.12193495756394762,OIS daily data_2016 to 2024.xlsx
2020-04-20,0.12128598561615797,OIS daily data_2016 to 2024.xlsx
2020-04-21,0.1164002953699765,OIS daily data_2016 to 2024.xlsx
2020-04-22,0.11750773994854406,OIS daily data_2016 to 2024.xlsx
2020-04-23,0.11331011311272562,OIS daily data_2016 to 2024.xlsx
2020-04-24,0.10676860163106845,OIS daily data_2016 to 2024.xlsx
2020-04-27,0.10842996786909394,OIS daily data_2016 to 2024.xlsx
2020-04-28,0.09734954775782322,OIS daily data_2016 to 2024.xlsx
2020-04-29,0.09697105999960759,OIS daily data_2016 to 2024.xlsx
2020-04-30,0.09116564485758578,OIS daily data_2016 to 2024.xlsx
2020-05-01,0.08591911862111166,OIS daily data_2016 to 2024.xlsx
2020-05-04,0.07106225541755572,OIS daily data_2016 to 2024.xlsx
2020-05-05,0.06457990829575287,OIS daily data_2016 to 2024.xlsx
2020-05-06,0.058178387364136434,OIS daily data_2016 to 2024.xlsx
2020-05-07,0.053373204424738266,OIS daily data_2016 to 2024.xlsx
2020-05-11,0.05652545144629406,OIS daily data_2016 to 2024.xlsx
2020-05-12,0.032058889880745275,OIS daily data_2016 to 2024.xlsx
2020-05-13,0.005825158768399773,OIS daily data_2016 to 2024.xlsx
2020-05-14,0.02043565991513747,OIS daily data_2016 to 2024.xlsx
2020-05-15,0.023614277583971784,OIS daily data_2016 to 2024.xlsx
2020-05-18,0.005971430257550691,OIS daily data_2016 to 2024.xlsx
2020-05-19,0.01707843446010008,OIS daily data_2016 to 2024.xlsx
2020-05-20,-0.002741060674637261,OIS daily data_2016 to 2024.xlsx
2020-05-21,-0.020745629752751425,OIS daily data_2016 to 2024.xlsx
2020-05-22,-0.018623958607379143,OIS daily data_2016 to 2024.xlsx
2020-05-26,0.007054229824873403,OIS daily data_2016 to 2024.xlsx
2020-05-27,0.004575268822715556,OIS daily data_2016 to 2024.xlsx
2020-05-28,-0.0003871777586573897,OIS daily data_2016 to 2024.xlsx
2020-05-29,-0.008762732148674214,OIS daily data_2016 to 2024.xlsx
2020-06-01,0.0014466609357266028,OIS daily data_2016 to 2024.xlsx
2020-06-02,-5.625157366764681e-05,OIS daily data_2016 to 2024.xlsx
2020-06-03,0.010761216543762097,OIS daily data_2016 to 2024.xlsx
2020-06-04,0.018570949867884705,OIS daily data_2016 to 2024.xlsx
2020-06-05,0.031222659703574948,OIS daily data_2016 to 2024.xlsx
2020-06-08,0.0354167464895232,OIS daily data_2016 to 2024.xlsx
2020-06-09,0.038137387999321114,OIS daily data_2016 to 2024.xlsx
2020-06-10,0.019087982337812587,OIS daily data_2016 to 2024.xlsx
2020-06-11,0.00794762570959322,OIS daily data_2016 to 2024.xlsx
2020-06-12,0.001332811642512157,OIS daily data_2016 to 2024.xlsx
2020-06-15,0.003927382003992244,OIS daily data_2016 to 2024.xlsx
2020-06-16,0.008448971573336652,OIS daily data_2016 to 2024.xlsx
2020-06-17,-0.005963472006275767,OIS daily data_2016 to 2024.xlsx
2020-06-18,-0.0007983358698403535,OIS daily data_2016 to 2024.xlsx
2020-06-19,-0.007472176948488848,OIS daily data_2016 to 2024.xlsx
2020-06-22,-0.012361628930113422,OIS daily data_2016 to 2024.xlsx
2020-06-23,-0.008014607347040322,OIS daily data_2016 to 2024.xlsx
2020-06-24,-0.005040286885447583,OIS daily data_2016 to 2024.xlsx
2020-06-25,-0.007988019634999953,OIS daily data_2016 to 2024.xlsx
2020-06-26,-0.010060747122740516,OIS daily data_2016 to 2024.xlsx
2020-06-29,-0.018872357938946326,OIS daily data_2016 to 2024.xlsx
2020-06-30,-0.024640904440049283,OIS daily data_2016 to 2024.xlsx
2020-07-01,-0.013808859689253494,OIS daily data_2016 to 2024.xlsx
2020-07-02,-0.016715064253138956,OIS daily data_2016 to 2024.xlsx
2020-07-03,-0.019717183256988402,OIS daily data_2016 to 2024.xlsx
2020-07-06,-0.011636534692152697,OIS daily data_2016 to 2024.xlsx
2020-07-07,-0.018735325686197072,OIS daily data_2016 to 2024.xlsx
2020-07-08,-0.02508538214785462,OIS daily data_2016 to 2024.xlsx
2020-07-09,-0.029772972419294483,OIS daily data_2016 to 2024.xlsx
2020-07-10,-0.0366487955284662,OIS daily data_2016 to 2024.xlsx
2020-07-13,-0.023044717911117986,OIS daily data_2016 to 2024.xlsx
2020-07-14,-0.03557490696124265,OIS daily data_2016 to 2024.xlsx
2020-07-15,-0.04365750431175793,OIS daily data_2016 to 2024.xlsx
2020-07-16,-0.0526089522770455,OIS daily data_2016 to 2024.xlsx
2020-07-17,-0.048933979856191245,OIS daily data_2016 to 2024.xlsx
2020-07-20,-0.049309751371728536,OIS daily data_2016 to 2024.xlsx
2020-07-21,-0.05829377762158701,OIS daily data_2016 to 2024.xlsx
2020-07-22,-0.060790703378738924,OIS daily data_2016 to 2024.xlsx
2020-07-23,-0.06295431130028974,OIS daily data_2016 to 2024.xlsx
2020-07-24,-0.05159891718269248,OIS daily data_2016 to 2024.xlsx
2020-07-27,-0.06180824772841165,OIS daily data_2016 to 2024.xlsx
2020-07-28,-0.06396856341970572,OIS daily data_2016 to 2024.xlsx
2020-07-29,-0.057142311406033014,OIS daily data_2016 to 2024.xlsx
2020-07-30,-0.06376064403855518,OIS daily data_2016 to 2024.xlsx
2020-07-31,-0.05703722486753444,OIS daily data_2016 to 2024.xlsx
2020-08-03,-0.06193917492184548,OIS daily data_2016 to 2024.xlsx
2020-08-04,-0.06514067825881947,OIS daily data_2016 to 2024.xlsx
2020-08-05,-0.05877926770259292,OIS daily data_2016 to 2024.xlsx
2020-08-06,-0.025085683101869444,OIS daily data_2016 to 2024.xlsx
2020-08-07,-0.020013974080597772,OIS daily data_2016 to 2024.xlsx
2020-08-10,-0.031970203914684185,OIS daily data_2016 to 2024.xlsx
2020-08-11,-0.009320119846731001,OIS daily data_2016 to 2024.xlsx
2020-08-12,-0.006684755563126581,OIS daily data_2016 to 2024.xlsx
2020-08-13,-0.004733357172327872,OIS daily data_2016 to 2024.xlsx
2020-08-14,-0.014053140458269461,OIS daily data_2016 to 2024.xlsx
2020-08-17,-0.031353234353571846,OIS daily data_2016 to 2024.xlsx
2020-08-18,-0.040145258778506505,OIS daily data_2016 to 2024.xlsx
2020-08-19,-0.03480893122080689,OIS daily data_2016 to 2024.xlsx
2020-08-20,-0.03601024851513157,OIS daily data_2016 to 2024.xlsx
2020-08-21,-0.03808572252715382,OIS daily data_2016 to 2024.xlsx
2020-08-24,-0.03828147627102688,OIS daily data_2016 to 2024.xlsx
2020-08-25,-0.021272798661460857,OIS daily data_2016 to 2024.xlsx
2020-08-26,-0.01719486693593563,OIS daily data_2016 to 2024.xlsx
2020-08-27,-0.016814894891467563,OIS daily data_2016 to 2024.xlsx
2020-08-28,-0.026132364491383626,OIS daily data_2016 to 2024.xlsx
2020-09-01,-0.03579226727992763,OIS daily data_2016 to 2024.xlsx
2020-09-02,-0.03635283819254214,OIS daily data_2016 to 2024.xlsx
2020-09-03,-0.03609001452467256,OIS daily data_2016 to 2024.xlsx
2020-09-04,-0.030471379292399493,OIS daily data_2016 to 2024.xlsx
2020-09-07,-0.04530807023591017,OIS daily data_2016 to 2024.xlsx
2020-09-08,-0.06891012170232734,OIS daily data_2016 to 2024.xlsx
2020-09-09,-0.060442509636893585,OIS daily data_2016 to 2024.xlsx
2020-09-10,-0.08138573525160114,OIS daily data_2016 to 2024.xlsx
2020-09-11,-0.08748806084516182,OIS daily data_2016 to 2024.xlsx
2020-09-14,-0.08451740669962779,OIS daily data_2016 to 2024.xlsx
2020-09-15,-0.0693864816773863,OIS daily data_2016 to 2024.xlsx
2020-09-16,-0.060858296750069964,OIS daily data_2016 to 2024.xlsx
2020-09-17,-0.1077592453648829,OIS daily data_2016 to 2024.xlsx
2020-09-18,-0.10723136551494,OIS daily data_2016 to 2024.xlsx
2020-09-21,-0.10083804103432668,OIS daily data_2016 to 2024.xlsx
2020-09-22,-0.06530390666876165,OIS daily data_2016 to 2024.xlsx
2020-09-23,-0.05859995765945579,OIS daily data_2016 to 2024.xlsx
2020-09-24,-0.06265277621928232,OIS daily data_2016 to 2024.xlsx
2020-09-25,-0.06643911817898335,OIS daily data_2016 to 2024.xlsx
2020-09-28,-0.07008655489757044,OIS daily data_2016 to 2024.xlsx
2020-09-29,-0.06229434308200626,OIS daily data_2016 to 2024.xlsx
2020-09-30,-0.053521906978937175,OIS daily data_2016 to 2024.xlsx
2020-10-01,-0.05190385084226275,OIS daily data_2016 to 2024.xlsx
2020-10-02,-0.046531087436244345,OIS daily data_2016 to 2024.xlsx
2020-10-05,-0.043650807045990885,OIS daily data_2016 to 2024.xlsx
2020-10-06,-0.04131137274721746,OIS daily data_2016 to 2024.xlsx
2020-10-07,-0.03720174103586562,OIS daily data_2016 to 2024.xlsx
2020-10-08,-0.03387212067671998,OIS daily data_2016 to 2024.xlsx
2020-10-09,-0.03846317664515065,OIS daily data_2016 to 2024.xlsx
2020-10-12,-0.04643807100578352,OIS daily data_2016 to 2024.xlsx
2020-10-13,-0.05110536156341622,OIS daily data_2016 to 2024.xlsx
2020-10-14,-0.04837581120551389,OIS daily data_2016 to 2024.xlsx
2020-10-15,-0.059602887589481734,OIS daily data_2016 to 2024.xlsx
2020-10-16,-0.05918247064983311,OIS daily data_2016 to 2024.xlsx
2020-10-19,-0.06057887605800396,OIS daily data_2016 to 2024.xlsx
2020-10-20,-0.0667393546232782,OIS daily data_2016 to 2024.xlsx
2020-10-21,-0.0475090885959513,OIS daily data_2016 to 2024.xlsx
2020-10-22,-0.04218971821492389,OIS daily data_2016 to 2024.xlsx
2020-10-23,-0.03839492022038824,OIS daily data_2016 to 2024.xlsx
2020-10-26,-0.04198524857090795,OIS daily data_2016 to 2024.xlsx
2020-10-27,-0.04692676082007682,OIS daily data_2016 to 2024.xlsx
2020-10-28,-0.05096534826167833,OIS daily data_2016 to 2024.xlsx
2020-10-29,-0.05123315806646346,OIS daily data_2016 to 2024.xlsx
2020-10-30,-0.03995317206524768,OIS daily data_2016 to 2024.xlsx
2020-11-02,-0.05845450825123679,OIS daily data_2016 to 2024.xlsx
2020-11-03,-0.043495825045194794,OIS daily data_2016 to 2024.xlsx
2020-11-04,-0.05660713201780998,OIS daily data_2016 to 2024.xlsx
2020-11-05,-0.04751168858794187,OIS daily data_2016 to 2024.xlsx
2020-11-06,-0.042607709001318814,OIS daily data_2016 to 2024.xlsx
2020-11-09,-0.014753590419479715,OIS daily data_2016 to 2024.xlsx
2020-11-10,-0.006257524897193276,OIS daily data_2016 to 2024.xlsx
2020-11-11,0.00017842549229544043,OIS daily data_2016 to 2024.xlsx
2020-11-12,-0.015730819128699704,OIS daily data_2016 to 2024.xlsx
2020-11-13,-0.009028263894824393,OIS daily data_2016 to 2024.xlsx
2020-11-16,-0.010728347406027051,OIS daily data_2016 to 2024.xlsx
2020-11-17,-0.014455961641141822,OIS daily data_2016 to 2024.xlsx
2020-11-18,-0.00739325517009134,OIS daily data_2016 to 2024.xlsx
2020-11-19,-0.009676944122016706,OIS daily data_2016 to 2024.xlsx
2020-11-20,-0.013926923423266579,OIS daily data_2016 to 2024.xlsx
2020-11-23,-0.007073183987305403,OIS daily data_2016 to 2024.xlsx
2020-11-24,-0.003564416184779642,OIS daily data_2016 to 2024.xlsx
2020-11-25,-0.001638027827640218,OIS daily data_2016 to 2024.xlsx
2020-11-26,-0.008854740383009478,OIS daily data_2016 to 2024.xlsx
2020-11-27,-0.010676863052853366,OIS daily data_2016 to 2024.xlsx
2020-11-30,-0.006850002408036864,OIS daily data_2016 to 2024.xlsx
2020-12-01,0.003201589448076796,OIS daily data_2016 to 2024.xlsx
2020-12-02,-0.0030671591331320434,OIS daily data_2016 to 2024.xlsx
2020-12-03,-0.0021043615950455037,OIS daily data_2016 to 2024.xlsx
2020-12-04,-0.0066143360439530905,OIS daily data_2016 to 2024.xlsx
2020-12-07,-0.03594951721612601,OIS daily data_2016 to 2024.xlsx
2020-12-08,-0.03762619493611811,OIS daily data_2016 to 2024.xlsx
2020-12-09,-0.03573073385894509,OIS daily data_2016 to 2024.xlsx
2020-12-10,-0.05852320161848397,OIS daily data_2016 to 2024.xlsx
2020-12-11,-0.06767487684207953,OIS daily data_2016 to 2024.xlsx
2020-12-14,-0.041094717264090176,OIS daily data_2016 to 2024.xlsx
2020-12-15,-0.014940563783277691,OIS daily data_2016 to 2024.xlsx
2020-12-16,-0.006332847261183787,OIS daily data_2016 to 2024.xlsx
2020-12-17,-0.0072112124750908675,OIS daily data_2016 to 2024.xlsx
2020-12-18,-0.022113978539390452,OIS daily data_2016 to 2024.xlsx
2020-12-21,-0.05205708802457988,OIS daily data_2016 to 2024.xlsx
2020-12-22,-0.05095995983651811,OIS daily data_2016 to 2024.xlsx
2020-12-23,-0.020697480117564025,OIS daily data_2016 to 2024.xlsx
2020-12-24,-0.019112840019247252,OIS daily data_2016 to 2024.xlsx
2020-12-29,-0.03460941122653033,OIS daily data_2016 to 2024.xlsx
2020-12-30,-0.044751660093927614,OIS daily data_2016 to 2024.xlsx
2020-12-31,-0.04758352129270942,OIS daily data_2016 to 2024.xlsx
2021-01-04,-0.08867527414685446,OIS daily data_2016 to 2024.xlsx
2021-01-05,-0.07508526434052111,OIS daily data_2016 to 2024.xlsx
2021-01-06,-0.06980234487512428,OIS daily data_2016 to 2024.xlsx
2021-01-07,-0.06045169372904147,OIS daily data_2016 to 2024.xlsx
2021-01-08,-0.059825072549131615,OIS daily data_2016 to 2024.xlsx
2021-01-11,-0.05258200142659227,OIS daily data_2016 to 2024.xlsx
2021-01-12,-0.02643873304421185,OIS daily data_2016 to 2024.xlsx
2021-01-13,-0.03279401448086236,OIS daily data_2016 to 2024.xlsx
2021-01-14,-0.04731322184419052,OIS daily data_2016 to 2024.xlsx
2021-01-15,-0.05245409935376827,OIS daily data_2016 to 2024.xlsx
2021-01-18,-0.05425619890504941,OIS daily data_2016 to 2024.xlsx
2021-01-19,-0.05274172761659851,OIS daily data_2016 to 2024.xlsx
2021-01-20,-0.04454630905242707,OIS daily data_2016 to 2024.xlsx
2021-01-21,-0.04072076137419796,OIS daily data_2016 to 2024.xlsx
2021-01-22,-0.04650064226852337,OIS daily data_2016 to 2024.xlsx
2021-01-25,-0.05511663952937884,OIS daily data_2016 to 2024.xlsx
2021-01-26,-0.04979135598924987,OIS daily data_2016 to 2024.xlsx
2021-01-27,-0.04677060239622963,OIS daily data_2016 to 2024.xlsx
2021-01-28,-0.04514000226209831,OIS daily data_2016 to 2024.xlsx
2021-01-29,-0.036560563166503114,OIS daily data_2016 to 2024.xlsx
2021-02-01,-0.030110144600281094,OIS daily data_2016 to 2024.xlsx
2021-02-02,-0.02583859845921799,OIS daily data_2016 to 2024.xlsx
2021-02-03,-0.01740295444150508,OIS daily data_2016 to 2024.xlsx
2021-02-04,0.018919710303295312,OIS daily data_2016 to 2024.xlsx
2021-02-05,0.039274825944618084,OIS daily data_2016 to 2024.xlsx
2021-02-08,0.02753652177704798,OIS daily data_2016 to 2024.xlsx
2021-02-09,0.025950482285687144,OIS daily data_2016 to 2024.xlsx
2021-02-10,0.025442177899427414,OIS daily data_2016 to 2024.xlsx
2021-02-11,0.023644132284049168,OIS daily data_2016 to 2024.xlsx
2021-02-12,0.024098748629396656,OIS daily data_2016 to 2024.xlsx
2021-02-15,0.030997300090713144,OIS daily data_2016 to 2024.xlsx
2021-02-16,0.03788544362069501,OIS daily data_2016 to 2024.xlsx
2021-02-17,0.02523610545967122,OIS daily data_2016 to 2024.xlsx
2021-02-18,0.042347552092997044,OIS daily data_2016 to 2024.xlsx
2021-02-19,0.049384692736041916,OIS daily data_2016 to 2024.xlsx
2021-02-22,0.04677965982042324,OIS daily data_2016 to 2024.xlsx
2021-02-23,0.054932872246491446,OIS daily data_2016 to 2024.xlsx
2021-02-24,0.06617652462429252,OIS daily data_2016 to 2024.xlsx
2021-02-25,0.10078722986489881,OIS daily data_2016 to 2024.xlsx
2021-02-26,0.11598569460067117,OIS daily data_2016 to 2024.xlsx
2021-03-01,0.09396135840964119,OIS daily data_2016 to 2024.xlsx
2021-03-02,0.08665413835350995,OIS daily data_2016 to 2024.xlsx
2021-03-03,0.10026576828887053,OIS daily data_2016 to 2024.xlsx
2021-03-04,0.10066719793630763,OIS daily data_2016 to 2024.xlsx
2021-03-05,0.09943975762873908,OIS daily data_2016 to 2024.xlsx
2021-03-08,0.09854027978191957,OIS daily data_2016 to 2024.xlsx
2021-03-09,0.09389371562573073,OIS daily data_2016 to 2024.xlsx
2021-03-10,0.09042416328300991,OIS daily data_2016 to 2024.xlsx
2021-03-11,0.08867652838571517,OIS daily data_2016 to 2024.xlsx
2021-03-12,0.09874016279908886,OIS daily data_2016 to 2024.xlsx
2021-03-15,0.10055564229802497,OIS daily data_2016 to 2024.xlsx
2021-03-16,0.09804129341540431,OIS daily data_2016 to 2024.xlsx
2021-03-17,0.11226089110454503,OIS daily data_2016 to 2024.xlsx
2021-03-18,0.11882858476264199,OIS daily data_2016 to 2024.xlsx
2021-03-19,0.11920963043949592,OIS daily data_2016 to 2024.xlsx
2021-03-22,0.11976462550107149,OIS daily data_2016 to 2024.xlsx
2021-03-23,0.11072674179164212,OIS daily data_2016 to 2024.xlsx
2021-03-24,0.10486157554451232,OIS daily data_2016 to 2024.xlsx
2021-03-25,0.1001241772244181,OIS daily data_2016 to 2024.xlsx
2021-03-26,0.10395919795505039,OIS daily data_2016 to 2024.xlsx
2021-03-29,0.10820217044666525,OIS daily data_2016 to 2024.xlsx
2021-03-30,0.11014379238170319,OIS daily data_2016 to 2024.xlsx
2021-03-31,0.11547585363114933,OIS daily data_2016 to 2024.xlsx
2021-04-01,0.11027330272932775,OIS daily data_2016 to 2024.xlsx
2021-04-06,0.11421391769375557,OIS daily data_2016 to 2024.xlsx
2021-04-07,0.11035537771982257,OIS daily data_2016 to 2024.xlsx
2021-04-08,0.10999391070654055,OIS daily data_2016 to 2024.xlsx
2021-04-09,0.1160090308969902,OIS daily data_2016 to 2024.xlsx
2021-04-12,0.11788518708498756,OIS daily data_2016 to 2024.xlsx
2021-04-13,0.11205036835625136,OIS daily data_2016 to 2024.xlsx
2021-04-14,0.11414947975159298,OIS daily data_2016 to 2024.xlsx
2021-04-15,0.09805284222851789,OIS daily data_2016 to 2024.xlsx
2021-04-16,0.10306053282981631,OIS daily data_2016 to 2024.xlsx
2021-04-19,0.10161637722753575,OIS daily data_2016 to 2024.xlsx
2021-04-20,0.10053556396455096,OIS daily data_2016 to 2024.xlsx
2021-04-21,0.10160410343654891,OIS daily data_2016 to 2024.xlsx
2021-04-22,0.10322304907631444,OIS daily data_2016 to 2024.xlsx
2021-04-23,0.10857027400015512,OIS daily data_2016 to 2024.xlsx
2021-04-26,0.11958971397231931,OIS daily data_2016 to 2024.xlsx
2021-04-27,0.12986108902372892,OIS daily data_2016 to 2024.xlsx
2021-04-28,0.13224753894587726,OIS daily data_2016 to 2024.xlsx
2021-04-29,0.14119227251807864,OIS daily data_2016 to 2024.xlsx
2021-04-30,0.14343158315592336,OIS daily data_2016 to 2024.xlsx
2021-05-04,0.14059092482679794,OIS daily data_2016 to 2024.xlsx
2021-05-05,0.14595285672889075,OIS daily data_2016 to 2024.xlsx
2021-05-06,0.12961617872981068,OIS daily data_2016 to 2024.xlsx
2021-05-07,0.11886323816170988,OIS daily data_2016 to 2024.xlsx
2021-05-10,0.1248959065701319,OIS daily data_2016 to 2024.xlsx
2021-05-11,0.13337505029019495,OIS daily data_2016 to 2024.xlsx
2021-05-12,0.14941310214069162,OIS daily data_2016 to 2024.xlsx
2021-05-13,0.15260166660990146,OIS daily data_2016 to 2024.xlsx
2021-05-14,0.14815813082904228,OIS daily data_2016 to 2024.xlsx
2021-05-17,0.1422661546688183,OIS daily data_2016 to 2024.xlsx
2021-05-18,0.14018040406289944,OIS daily data_2016 to 2024.xlsx
2021-05-19,0.13247306120572444,OIS daily data_2016 to 2024.xlsx
2021-05-20,0.13021975674494035,OIS daily data_2016 to 2024.xlsx
2021-05-21,0.13084242585917782,OIS daily data_2016 to 2024.xlsx
2021-05-24,0.12935522553861475,OIS daily data_2016 to 2024.xlsx
2021-05-25,0.12141004716159144,OIS daily data_2016 to 2024.xlsx
2021-05-26,0.11534331750907817,OIS daily data_2016 to 2024.xlsx
2021-05-27,0.14072613134272402,OIS daily data_2016 to 2024.xlsx
2021-05-28,0.14168492670118324,OIS daily data_2016 to 2024.xlsx
2021-06-01,0.14950422077590184,OIS daily data_2016 to 2024.xlsx
2021-06-02,0.14725009409502493,OIS daily data_2016 to 2024.xlsx
2021-06-03,0.15899160425326728,OIS daily data_2016 to 2024.xlsx
2021-06-04,0.15368099340286714,OIS daily data_2016 to 2024.xlsx
2021-06-07,0.15846517088610423,OIS daily data_2016 to 2024.xlsx
2021-06-08,0.14806513576649463,OIS daily data_2016 to 2024.xlsx
2021-06-09,0.1427869374495897,OIS daily data_2016 to 2024.xlsx
2021-06-10,0.1479770940763214,OIS daily data_2016 to 2024.xlsx
2021-06-11,0.1406384984245324,OIS daily data_2016 to 2024.xlsx
2021-06-14,0.15052123154391356,OIS daily data_2016 to 2024.xlsx
2021-06-15,0.1557423572696851,OIS daily data_2016 to 2024.xlsx
2021-06-16,0.15832529072155624,OIS daily data_2016 to 2024.xlsx
2021-06-17,0.20025172954123358,OIS daily data_2016 to 2024.xlsx
2021-06-18,0.22063492509933622,OIS daily data_2016 to 2024.xlsx
2021-06-21,0.21699590814617506,OIS daily data_2016 to 2024.xlsx
2021-06-22,0.21467569646132492,OIS daily data_2016 to 2024.xlsx
2021-06-23,0.2150064084565347,OIS daily data_2016 to 2024.xlsx
2021-06-24,0.19704408065648937,OIS daily data_2016 to 2024.xlsx
2021-06-25,0.2093864887841157,OIS daily data_2016 to 2024.xlsx
2021-06-28,0.20106789946463566,OIS daily data_2016 to 2024.xlsx
2021-06-29,0.19800968455393708,OIS daily data_2016 to 2024.xlsx
2021-06-30,0.19374732126202646,OIS daily data_2016 to 2024.xlsx
2021-07-01,0.19393067835672526,OIS daily data_2016 to 2024.xlsx
2021-07-02,0.18260410795878218,OIS daily data_2016 to 2024.xlsx
2021-07-05,0.1849023282614496,OIS daily data_2016 to 2024.xlsx
2021-07-06,0.17464462953227813,OIS daily data_2016 to 2024.xlsx
2021-07-07,0.16639485375039156,OIS daily data_2016 to 2024.xlsx
2021-07-08,0.1834043714663534,OIS daily data_2016 to 2024.xlsx
2021-07-09,0.20090580803321056,OIS daily data_2016 to 2024.xlsx
2021-07-12,0.1949294706155734,OIS daily data_2016 to 2024.xlsx
2021-07-13,0.202510488055331,OIS daily data_2016 to 2024.xlsx
2021-07-14,0.21217499456050343,OIS daily data_2016 to 2024.xlsx
2021-07-15,0.25970681214151015,OIS daily data_2016 to 2024.xlsx
2021-07-16,0.24809737027242434,OIS daily data_2016 to 2024.xlsx
2021-07-19,0.21793826094568491,OIS daily data_2016 to 2024.xlsx
2021-07-20,0.226748957793774,OIS daily data_2016 to 2024.xlsx
2021-07-21,0.22958415437701235,OIS daily data_2016 to 2024.xlsx
2021-07-22,0.216297144499696,OIS daily data_2016 to 2024.xlsx
2021-07-23,0.21819491319748147,OIS daily data_2016 to 2024.xlsx
2021-07-26,0.21466858201840125,OIS daily data_2016 to 2024.xlsx
2021-07-27,0.21501650214019916,OIS daily data_2016 to 2024.xlsx
2021-07-28,0.22748716452537657,OIS daily data_2016 to 2024.xlsx
2021-07-29,0.2220704793463117,OIS daily data_2016 to 2024.xlsx
2021-07-30,0.2164232911909347,OIS daily data_2016 to 2024.xlsx
2021-08-02,0.20732568959601594,OIS daily data_2016 to 2024.xlsx
2021-08-03,0.20837198937500176,OIS daily data_2016 to 2024.xlsx
2021-08-04,0.2237280431414172,OIS daily data_2016 to 2024.xlsx
2021-08-05,0.24624584597908397,OIS daily data_2016 to 2024.xlsx
2021-08-06,0.27759330193836707,OIS daily data_2016 to 2024.xlsx
2021-08-09,0.27449178715896017,OIS daily data_2016 to 2024.xlsx
2021-08-10,0.2893886732157956,OIS daily data_2016 to 2024.xlsx
2021-08-11,0.2771952851888335,OIS daily data_2016 to 2024.xlsx
2021-08-12,0.2809675139520124,OIS daily data_2016 to 2024.xlsx
2021-08-13,0.272624374121319,OIS daily data_2016 to 2024.xlsx
2021-08-16,0.27459812606078127,OIS daily data_2016 to 2024.xlsx
2021-08-17,0.27417810548798116,OIS daily data_2016 to 2024.xlsx
2021-08-18,0.2680672522796124,OIS daily data_2016 to 2024.xlsx
2021-08-19,0.25561416949818744,OIS daily data_2016 to 2024.xlsx
2021-08-20,0.24733216187647297,OIS daily data_2016 to 2024.xlsx
2021-08-23,0.25767735320159724,OIS daily data_2016 to 2024.xlsx
2021-08-24,0.2589279913510731,OIS daily data_2016 to 2024.xlsx
2021-08-25,0.2697488624585952,OIS daily data_2016 to 2024.xlsx
2021-08-26,0.27707486192057407,OIS daily data_2016 to 2024.xlsx
2021-08-27,0.2631068173223194,OIS daily data_2016 to 2024.xlsx
2021-08-31,0.2720486566579177,OIS daily data_2016 to 2024.xlsx
2021-09-01,0.26541413095430166,OIS daily data_2016 to 2024.xlsx
2021-09-02,0.2576718389243479,OIS daily data_2016 to 2024.xlsx
2021-09-03,0.2572310299905941,OIS daily data_2016 to 2024.xlsx
2021-09-06,0.24934433833193578,OIS daily data_2016 to 2024.xlsx
2021-09-07,0.26445229770266954,OIS daily data_2016 to 2024.xlsx
2021-09-08,0.2923540838907494,OIS daily data_2016 to 2024.xlsx
2021-09-09,0.30071339809934766,OIS daily data_2016 to 2024.xlsx
2021-09-10,0.3022871660827201,OIS daily data_2016 to 2024.xlsx
2021-09-13,0.303861353191146,OIS daily data_2016 to 2024.xlsx
2021-09-14,0.3249370644845892,OIS daily data_2016 to 2024.xlsx
2021-09-15,0.337078109483481,OIS daily data_2016 to 2024.xlsx
2021-09-16,0.3529289395808426,OIS daily data_2016 to 2024.xlsx
2021-09-17,0.3591304312434547,OIS daily data_2016 to 2024.xlsx
2021-09-20,0.338882086030492,OIS daily data_2016 to 2024.xlsx
2021-09-21,0.3488652325285243,OIS daily data_2016 to 2024.xlsx
2021-09-22,0.3598723192227685,OIS daily data_2016 to 2024.xlsx
2021-09-23,0.4559270321538,OIS daily data_2016 to 2024.xlsx
2021-09-24,0.4455538416625683,OIS daily data_2016 to 2024.xlsx
2021-09-27,0.4519648743165701,OIS daily data_2016 to 2024.xlsx
2021-09-28,0.4892290601475584,OIS daily data_2016 to 2024.xlsx
2021-09-29,0.523817318722765,OIS daily data_2016 to 2024.xlsx
2021-09-30,0.5117887045464748,OIS daily data_2016 to 2024.xlsx
2021-10-01,0.49840441537844415,OIS daily data_2016 to 2024.xlsx
2021-10-04,0.484676039833409,OIS daily data_2016 to 2024.xlsx
2021-10-05,0.5366984512159667,OIS daily data_2016 to 2024.xlsx
2021-10-06,0.551003063008033,OIS daily data_2016 to 2024.xlsx
2021-10-07,0.574886245561863,OIS daily data_2016 to 2024.xlsx
2021-10-08,0.6405030048365388,OIS daily data_2016 to 2024.xlsx
2021-10-11,0.7328774540523328,OIS daily data_2016 to 2024.xlsx
2021-10-12,0.7186146500635789,OIS daily data_2016 to 2024.xlsx
2021-10-13,0.7384683580383247,OIS daily data_2016 to 2024.xlsx
2021-10-14,0.6980167032057649,OIS daily data_2016 to 2024.xlsx
2021-10-15,0.7439154504116325,OIS daily data_2016 to 2024.xlsx
2021-10-18,0.9609632177888974,OIS daily data_2016 to 2024.xlsx
2021-10-19,0.9702877399020282,OIS daily data_2016 to 2024.xlsx
2021-10-20,0.9155083970703106,OIS daily data_2016 to 2024.xlsx
2021-10-21,0.9249255942424529,OIS daily data_2016 to 2024.xlsx
2021-10-22,0.8979631773265752,OIS daily data_2016 to 2024.xlsx
2021-10-25,0.8738029354159099,OIS daily data_2016 to 2024.xlsx
2021-10-26,0.8579447858394228,OIS daily data_2016 to 2024.xlsx
2021-10-27,0.9576561756198223,OIS daily data_2016 to 2024.xlsx
2021-10-28,0.9972171240534223,OIS daily data_2016 to 2024.xlsx
2021-10-29,1.0266468344476172,OIS daily data_2016 to 2024.xlsx
2021-11-01,1.0282378952805653,OIS daily data_2016 to 2024.xlsx
2021-11-02,0.9596233980610198,OIS daily data_2016 to 2024.xlsx
2021-11-03,0.9984817706884163,OIS daily data_2016 to 2024.xlsx
2021-11-04,0.7779523561809593,OIS daily data_2016 to 2024.xlsx
2021-11-05,0.7371875635148375,OIS daily data_2016 to 2024.xlsx
2021-11-08,0.8059687013854802,OIS daily data_2016 to 2024.xlsx
2021-11-09,0.8313657108583274,OIS daily data_2016 to 2024.xlsx
2021-11-10,0.9146562851027992,OIS daily data_2016 to 2024.xlsx
2021-11-11,0.921898025127911,OIS daily data_2016 to 2024.xlsx
2021-11-12,0.9100639266986758,OIS daily data_2016 to 2024.xlsx
2021-11-15,0.9100833931652588,OIS daily data_2016 to 2024.xlsx
2021-11-16,0.9794915292124652,OIS daily data_2016 to 2024.xlsx
2021-11-17,0.9269355255791839,OIS daily data_2016 to 2024.xlsx
2021-11-18,0.8926805956047189,OIS daily data_2016 to 2024.xlsx
2021-11-19,0.8763112516761339,OIS daily data_2016 to 2024.xlsx
2021-11-22,0.923436385762145,OIS daily data_2016 to 2024.xlsx
2021-11-23,0.9394650824706282,OIS daily data_2016 to 2024.xlsx
2021-11-24,0.9311069030454491,OIS daily data_2016 to 2024.xlsx
2021-11-25,0.9177565895477611,OIS daily data_2016 to 2024.xlsx
2021-11-26,0.826699798855492,OIS daily data_2016 to 2024.xlsx
2021-11-29,0.8462067655683784,OIS daily data_2016 to 2024.xlsx
2021-11-30,0.8741181359271429,OIS daily data_2016 to 2024.xlsx
2021-12-01,0.8517818831082256,OIS daily data_2016 to 2024.xlsx
2021-12-02,0.8586332891048721,OIS daily data_2016 to 2024.xlsx
2021-12-03,0.7963452685681556,OIS daily data_2016 to 2024.xlsx
2021-12-06,0.7971634929323062,OIS daily data_2016 to 2024.xlsx
2021-12-07,0.7972597453771969,OIS daily data_2016 to 2024.xlsx
2021-12-08,0.7976185527013399,OIS daily data_2016 to 2024.xlsx
2021-12-09,0.7860318156255159,OIS daily data_2016 to 2024.xlsx
2021-12-10,0.7711863677326605,OIS daily data_2016 to 2024.xlsx
2021-12-13,0.7687790742633669,OIS daily data_2016 to 2024.xlsx
2021-12-14,0.7997224129732863,OIS daily data_2016 to 2024.xlsx
2021-12-15,0.8461703591892646,OIS daily data_2016 to 2024.xlsx
2021-12-16,0.8835828319137522,OIS daily data_2016 to 2024.xlsx
2021-12-17,0.8902360693555187,OIS daily data_2016 to 2024.xlsx
2021-12-20,0.9058433569676699,OIS daily data_2016 to 2024.xlsx
2021-12-21,0.9789714817766064,OIS daily data_2016 to 2024.xlsx
2021-12-22,0.9956972913987456,OIS daily data_2016 to 2024.xlsx
2021-12-23,1.0056735329283115,OIS daily data_2016 to 2024.xlsx
2021-12-24,1.0199529829771898,OIS daily data_2016 to 2024.xlsx
2021-12-29,1.0431138417600638,OIS daily data_2016 to 2024.xlsx
2021-12-30,1.012100036296784,OIS daily data_2016 to 2024.xlsx
2021-12-31,0.9959315577668758,OIS daily data_2016 to 2024.xlsx
2022-01-04,1.0331276656157593,OIS daily data_2016 to 2024.xlsx
2022-01-05,1.0477471742511657,OIS daily data_2016 to 2024.xlsx
2022-01-06,1.083973588269896,OIS daily data_2016 to 2024.xlsx
2022-01-07,1.0852965997450903,OIS daily data_2016 to 2024.xlsx
2022-01-10,1.0975545129567883,OIS daily data_2016 to 2024.xlsx
2022-01-11,1.0996744671968908,OIS daily data_2016 to 2024.xlsx
2022-01-12,1.0647440773993795,OIS daily data_2016 to 2024.xlsx
2022-01-13,1.0435260973137248,OIS daily data_2016 to 2024.xlsx
2022-01-14,1.072405183565887,OIS daily data_2016 to 2024.xlsx
2022-01-17,1.1030372404010966,OIS daily data_2016 to 2024.xlsx
2022-01-18,1.1288858482719895,OIS daily data_2016 to 2024.xlsx
2022-01-19,1.1694407773614164,OIS daily data_2016 to 2024.xlsx
2022-01-20,1.1644282677877185,OIS daily data_2016 to 2024.xlsx
2022-01-21,1.130293383180614,OIS daily data_2016 to 2024.xlsx
2022-01-24,1.1292051103926033,OIS daily data_2016 to 2024.xlsx
2022-01-25,1.1633259515853414,OIS daily data_2016 to 2024.xlsx
2022-01-26,1.184829533766919,OIS daily data_2016 to 2024.xlsx
2022-01-27,1.234093293950341,OIS daily data_2016 to 2024.xlsx
2022-01-28,1.2563088722565912,OIS daily data_2016 to 2024.xlsx
2022-01-31,1.3345239570179068,OIS daily data_2016 to 2024.xlsx
2022-02-01,1.3146754556065694,OIS daily data_2016 to 2024.xlsx
2022-02-02,1.292352520383591,OIS daily data_2016 to 2024.xlsx
2022-02-03,1.448705421498457,OIS daily data_2016 to 2024.xlsx
2022-02-04,1.5424612304838718,OIS daily data_2016 to 2024.xlsx
2022-02-07,1.5489423197587253,OIS daily data_2016 to 2024.xlsx
2022-02-08,1.6037610343357391,OIS daily data_2016 to 2024.xlsx
2022-02-09,1.5911973808623552,OIS daily data_2016 to 2024.xlsx
2022-02-10,1.7773316863843873,OIS daily data_2016 to 2024.xlsx
2022-02-11,1.8077286723261885,OIS daily data_2016 to 2024.xlsx
2022-02-14,1.9074887433258962,OIS daily data_2016 to 2024.xlsx
2022-02-15,1.9085766885159117,OIS daily data_2016 to 2024.xlsx
2022-02-16,1.7724015902498371,OIS daily data_2016 to 2024.xlsx
2022-02-17,1.7292003930598252,OIS daily data_2016 to 2024.xlsx
2022-02-18,1.6502035707029474,OIS daily data_2016 to 2024.xlsx
2022-02-21,1.6994863796728752,OIS daily data_2016 to 2024.xlsx
2022-02-22,1.7290393062746183,OIS daily data_2016 to 2024.xlsx
2022-02-23,1.6869410202764965,OIS daily data_2016 to 2024.xlsx
2022-02-24,1.6930590775720022,OIS daily data_2016 to 2024.xlsx
2022-02-25,1.6597941377648793,OIS daily data_2016 to 2024.xlsx
2022-02-28,1.5509303171130473,OIS daily data_2016 to 2024.xlsx
2022-03-01,1.386316170485718,OIS daily data_2016 to 2024.xlsx
2022-03-02,1.6104210372625418,OIS daily data_2016 to 2024.xlsx
2022-03-03,1.654297713816753,OIS daily data_2016 to 2024.xlsx
2022-03-04,1.653863674871445,OIS daily data_2016 to 2024.xlsx
2022-03-07,1.7627698389054967,OIS daily data_2016 to 2024.xlsx
2022-03-08,1.8542365682383628,OIS daily data_2016 to 2024.xlsx
2022-03-09,1.901254482024039,OIS daily data_2016 to 2024.xlsx
2022-03-10,1.8843752777819849,OIS daily data_2016 to 2024.xlsx
2022-03-11,1.9141936891489513,OIS daily data_2016 to 2024.xlsx
2022-03-14,1.9653966393247728,OIS daily data_2016 to 2024.xlsx
2022-03-15,1.9622485003683687,OIS daily data_2016 to 2024.xlsx
2022-03-16,2.0018666806222054,OIS daily data_2016 to 2024.xlsx
2022-03-17,1.8214327276370055,OIS daily data_2016 to 2024.xlsx
2022-03-18,1.7801155141206144,OIS daily data_2016 to 2024.xlsx
2022-03-21,1.923651673146913,OIS daily data_2016 to 2024.xlsx
2022-03-22,2.010784669680058,OIS daily data_2016 to 2024.xlsx
2022-03-23,1.9141983139520586,OIS daily data_2016 to 2024.xlsx
2022-03-24,1.9279547228530318,OIS daily data_2016 to 2024.xlsx
2022-03-25,2.0113081023096937,OIS daily data_2016 to 2024.xlsx
2022-03-28,1.9793692812351378,OIS daily data_2016 to 2024.xlsx
2022-03-29,1.9748613569948095,OIS daily data_2016 to 2024.xlsx
2022-03-30,2.0256096418913647,OIS daily data_2016 to 2024.xlsx
2022-03-31,1.9767982052534476,OIS daily data_2016 to 2024.xlsx
2022-04-01,2.0017402102346584,OIS daily data_2016 to 2024.xlsx
2022-04-04,1.9860070724422758,OIS daily data_2016 to 2024.xlsx
2022-04-05,2.0482680874753973,OIS daily data_2016 to 2024.xlsx
2022-04-06,2.043380439728679,OIS daily data_2016 to 2024.xlsx
2022-04-07,2.0505818502058104,OIS daily data_2016 to 2024.xlsx
2022-04-08,2.0657827172937724,OIS daily data_2016 to 2024.xlsx
2022-04-11,2.12550164099654,OIS daily data_2016 to 2024.xlsx
2022-04-12,2.0873023012147045,OIS daily data_2016 to 2024.xlsx
2022-04-13,2.1081550340165305,OIS daily data_2016 to 2024.xlsx
2022-04-14,2.1583910410200358,OIS daily data_2016 to 2024.xlsx
2022-04-19,2.212794568478478,OIS daily data_2016 to 2024.xlsx
2022-04-20,2.2089315619780194,OIS daily data_2016 to 2024.xlsx
2022-04-21,2.3818638229810376,OIS daily data_2016 to 2024.xlsx
2022-04-22,2.2981464740369164,OIS daily data_2016 to 2024.xlsx
2022-04-25,2.1744179147170706,OIS daily data_2016 to 2024.xlsx
2022-04-26,2.143243862960291,OIS daily data_2016 to 2024.xlsx
2022-04-27,2.1237353523936124,OIS daily data_2016 to 2024.xlsx
2022-04-28,2.1540385649146776,OIS daily data_2016 to 2024.xlsx
2022-04-29,2.2057057876284296,OIS daily data_2016 to 2024.xlsx
2022-05-03,2.262823284971672,OIS daily data_2016 to 2024.xlsx
2022-05-04,2.2873332973131886,OIS daily data_2016 to 2024.xlsx
2022-05-05,2.157108111800027,OIS daily data_2016 to 2024.xlsx
2022-05-06,2.169201076110773,OIS daily data_2016 to 2024.xlsx
2022-05-09,2.1163041643213845,OIS daily data_2016 to 2024.xlsx
2022-05-10,2.069587052934925,OIS daily data_2016 to 2024.xlsx
2022-05-11,2.0440687218216063,OIS daily data_2016 to 2024.xlsx
2022-05-12,1.9886302488150134,OIS daily data_2016 to 2024.xlsx
2022-05-13,2.024676277514705,OIS daily data_2016 to 2024.xlsx
2022-05-16,2.0479230502966925,OIS daily data_2016 to 2024.xlsx
2022-05-17,2.243670916057849,OIS daily data_2016 to 2024.xlsx
2022-05-18,2.1857705910423495,OIS daily data_2016 to 2024.xlsx
2022-05-19,2.209025165956703,OIS daily data_2016 to 2024.xlsx
2022-05-20,2.1960293591510824,OIS daily data_2016 to 2024.xlsx
2022-05-23,2.2628789799020717,OIS daily data_2016 to 2024.xlsx
2022-05-24,2.1393241862222694,OIS daily data_2016 to 2024.xlsx
2022-05-25,2.1500596137992627,OIS daily data_2016 to 2024.xlsx
2022-05-26,2.1927885705290797,OIS daily data_2016 to 2024.xlsx
2022-05-27,2.1915386103187067,OIS daily data_2016 to 2024.xlsx
2022-05-30,2.2698229580619413,OIS daily data_2016 to 2024.xlsx
2022-05-31,2.333924018737623,OIS daily data_2016 to 2024.xlsx
2022-06-01,2.4324992381290462,OIS daily data_2016 to 2024.xlsx
2022-06-06,2.521525516414731,OIS daily data_2016 to 2024.xlsx
2022-06-07,2.514346915118169,OIS daily data_2016 to 2024.xlsx
2022-06-08,2.563143756405567,OIS daily data_2016 to 2024.xlsx
2022-06-09,2.6837223354174276,OIS daily data_2016 to 2024.xlsx
2022-06-10,2.8500142071144423,OIS daily data_2016 to 2024.xlsx
2022-06-13,2.9815438796059253,OIS daily data_2016 to 2024.xlsx
2022-06-14,2.983071629346221,OIS daily data_2016 to 2024.xlsx
2022-06-15,2.8598498770044074,OIS daily data_2016 to 2024.xlsx
2022-06-16,2.934472202946272,OIS daily data_2016 to 2024.xlsx
2022-06-17,2.9985330415645812,OIS daily data_2016 to 2024.xlsx
2022-06-20,3.072664225095376,OIS daily data_2016 to 2024.xlsx
2022-06-21,3.0478303261364545,OIS daily data_2016 to 2024.xlsx
2022-06-22,2.87380521867406,OIS daily data_2016 to 2024.xlsx
2022-06-23,2.6585097206940445,OIS daily data_2016 to 2024.xlsx
2022-06-24,2.6598817306174665,OIS daily data_2016 to 2024.xlsx
2022-06-27,2.757855366425568,OIS daily data_2016 to 2024.xlsx
2022-06-28,2.8829777970882002,OIS daily data_2016 to 2024.xlsx
2022-06-29,2.8123816691520673,OIS daily data_2016 to 2024.xlsx
2022-06-30,2.6074324399496662,OIS daily data_2016 to 2024.xlsx
2022-07-01,2.498343675271505,OIS daily data_2016 to 2024.xlsx
2022-07-04,2.603940651576494,OIS daily data_2016 to 2024.xlsx
2022-07-05,2.4898717556359307,OIS daily data_2016 to 2024.xlsx
2022-07-06,2.5380599358229805,OIS daily data_2016 to 2024.xlsx
2022-07-07,2.650960532826581,OIS daily data_2016 to 2024.xlsx
2022-07-08,2.747965642760068,OIS daily data_2016 to 2024.xlsx
2022-07-11,2.6525740346562285,OIS daily data_2016 to 2024.xlsx
2022-07-12,2.5421558397896624,OIS daily data_2016 to 2024.xlsx
2022-07-13,2.6337663639965103,OIS daily data_2016 to 2024.xlsx
2022-07-14,2.7260655870917536,OIS daily data_2016 to 2024.xlsx
2022-07-15,2.7016420116024116,OIS daily data_2016 to 2024.xlsx
2022-07-18,2.7527816619807814,OIS daily data_2016 to 2024.xlsx
2022-07-19,2.812769097605125,OIS daily data_2016 to 2024.xlsx
2022-07-20,2.746611327482095,OIS daily data_2016 to 2024.xlsx
2022-07-21,2.7015425306853205,OIS daily data_2016 to 2024.xlsx
2022-07-22,2.5592026666719643,OIS daily data_2016 to 2024.xlsx
2022-07-25,2.5510012672749713,OIS daily data_2016 to 2024.xlsx
2022-07-26,2.5831257818658178,OIS daily data_2016 to 2024.xlsx
2022-07-27,2.6176199324264715,OIS daily data_2016 to 2024.xlsx
2022-07-28,2.50586347887845,OIS daily data_2016 to 2024.xlsx
2022-07-29,2.469131867130747,OIS daily data_2016 to 2024.xlsx
2022-08-01,2.498293581982049,OIS daily data_2016 to 2024.xlsx
2022-08-02,2.5822379111609473,OIS daily data_2016 to 2024.xlsx
2022-08-03,2.6509988599780856,OIS daily data_2016 to 2024.xlsx
2022-08-04,2.6323743386617924,OIS daily data_2016 to 2024.xlsx
2022-08-05,2.767158117072039,OIS daily data_2016 to 2024.xlsx
2022-08-08,2.746124425308082,OIS daily data_2016 to 2024.xlsx
2022-08-09,2.8165045155402306,OIS daily data_2016 to 2024.xlsx
2022-08-10,2.7560504630360207,OIS daily data_2016 to 2024.xlsx
2022-08-11,2.812160030825286,OIS daily data_2016 to 2024.xlsx
2022-08-12,2.8930594946194312,OIS daily data_2016 to 2024.xlsx
2022-08-15,2.901637816895392,OIS daily data_2016 to 2024.xlsx
2022-08-16,3.030014909412697,OIS daily data_2016 to 2024.xlsx
2022-08-17,3.3122971116438915,OIS daily data_2016 to 2024.xlsx
2022-08-18,3.356431124170811,OIS daily data_2016 to 2024.xlsx
2022-08-19,3.3959047192969125,OIS daily data_2016 to 2024.xlsx
2022-08-22,3.537993920309477,OIS daily data_2016 to 2024.xlsx
2022-08-23,3.659371810401531,OIS daily data_2016 to 2024.xlsx
2022-08-24,3.8061537682380777,OIS daily data_2016 to 2024.xlsx
2022-08-25,3.7154396113499786,OIS daily data_2016 to 2024.xlsx
2022-08-26,3.7105863525656146,OIS daily data_2016 to 2024.xlsx
2022-08-30,3.8059526523814986,OIS daily data_2016 to 2024.xlsx
2022-08-31,3.8520179665904335,OIS daily data_2016 to 2024.xlsx
2022-09-01,3.9120836870151274,OIS daily data_2016 to 2024.xlsx
2022-09-02,3.858754062048993,OIS daily data_2016 to 2024.xlsx
2022-09-05,3.9965441643028203,OIS daily data_2016 to 2024.xlsx
2022-09-06,3.993145876025838,OIS daily data_2016 to 2024.xlsx
2022-09-07,3.864405770271547,OIS daily data_2016 to 2024.xlsx
2022-09-08,3.8894149787423236,OIS daily data_2016 to 2024.xlsx
2022-09-09,3.8643705869606415,OIS daily data_2016 to 2024.xlsx
2022-09-12,3.8723030557698532,OIS daily data_2016 to 2024.xlsx
2022-09-13,4.0172353231333595,OIS daily data_2016 to 2024.xlsx
2022-09-14,3.9997946438634178,OIS daily data_2016 to 2024.xlsx
2022-09-15,4.069095845158098,OIS daily data_2016 to 2024.xlsx
2022-09-16,4.06304417922717,OIS daily data_2016 to 2024.xlsx
2022-09-20,4.290492740450116,OIS daily data_2016 to 2024.xlsx
2022-09-21,4.390341116763001,OIS daily data_2016 to 2024.xlsx
2022-09-22,4.442349473723536,OIS daily data_2016 to 2024.xlsx
2022-09-23,5.036862528625591,OIS daily data_2016 to 2024.xlsx
2022-09-26,5.555533782208825,OIS daily data_2016 to 2024.xlsx
2022-09-27,5.785544290395557,OIS daily data_2016 to 2024.xlsx
2022-09-28,5.340624274258459,OIS daily data_2016 to 2024.xlsx
2022-09-29,5.360387566128288,OIS daily data_2016 to 2024.xlsx
2022-09-30,5.333466613997485,OIS daily data_2016 to 2024.xlsx
2022-10-03,5.08828232099681,OIS daily data_2016 to 2024.xlsx
2022-10-04,4.9550300494270845,OIS daily data_2016 to 2024.xlsx
2022-10-05,5.162492536865535,OIS daily data_2016 to 2024.xlsx
2022-10-06,5.304888815133072,OIS daily data_2016 to 2024.xlsx
2022-10-07,5.286429186772463,OIS daily data_2016 to 2024.xlsx
2022-10-10,5.407273491013192,OIS daily data_2016 to 2024.xlsx
2022-10-11,5.331270930750764,OIS daily data_2016 to 2024.xlsx
2022-10-12,5.213772665409691,OIS daily data_2016 to 2024.xlsx
2022-10-13,5.061091924653679,OIS daily data_2016 to 2024.xlsx
2022-10-14,5.103903161480566,OIS daily data_2016 to 2024.xlsx
2022-10-17,4.743987382361781,OIS daily data_2016 to 2024.xlsx
2022-10-18,4.814612304079743,OIS daily data_2016 to 2024.xlsx
2022-10-19,4.763797646757912,OIS daily data_2016 to 2024.xlsx
2022-10-20,4.779505640400669,OIS daily data_2016 to 2024.xlsx
2022-10-21,4.832397935904583,OIS daily data_2016 to 2024.xlsx
2022-10-24,4.681855222248991,OIS daily data_2016 to 2024.xlsx
2022-10-25,4.615650875363088,OIS daily data_2016 to 2024.xlsx
2022-10-26,4.523021900296816,OIS daily data_2016 to 2024.xlsx
2022-10-27,4.396709900873633,OIS daily data_2016 to 2024.xlsx
2022-10-28,4.484100905548451,OIS daily data_2016 to 2024.xlsx
2022-10-31,4.4908375105558065,OIS daily data_2016 to 2024.xlsx
2022-11-01,4.423083819506633,OIS daily data_2016 to 2024.xlsx
2022-11-02,4.342115953704755,OIS daily data_2016 to 2024.xlsx
2022-11-03,4.397819490585456,OIS daily data_2016 to 2024.xlsx
2022-11-04,4.336679188611268,OIS daily data_2016 to 2024.xlsx
2022-11-07,4.354907749138113,OIS daily data_2016 to 2024.xlsx
2022-11-08,4.359977223182962,OIS daily data_2016 to 2024.xlsx
2022-11-09,4.338123622132542,OIS daily data_2016 to 2024.xlsx
2022-11-10,4.213054075050934,OIS daily data_2016 to 2024.xlsx
2022-11-11,4.218489473275183,OIS daily data_2016 to 2024.xlsx
2022-11-14,4.237291582189933,OIS daily data_2016 to 2024.xlsx
2022-11-15,4.221139123931855,OIS daily data_2016 to 2024.xlsx
2022-11-16,4.179540476119225,OIS daily data_2016 to 2024.xlsx
2022-11-17,4.256030313340693,OIS daily data_2016 to 2024.xlsx
2022-11-18,4.290842303210856,OIS daily data_2016 to 2024.xlsx
2022-11-21,4.2867617046191,OIS daily data_2016 to 2024.xlsx
2022-11-22,4.243821124100632,OIS daily data_2016 to 2024.xlsx
2022-11-23,4.2495423406393495,OIS daily data_2016 to 2024.xlsx
2022-11-24,4.300569641922449,OIS daily data_2016 to 2024.xlsx
2022-11-25,4.3078776979061395,OIS daily data_2016 to 2024.xlsx
2022-11-28,4.281760641445215,OIS daily data_2016 to 2024.xlsx
2022-11-29,4.263261489447788,OIS daily data_2016 to 2024.xlsx
2022-11-30,4.3056475488062596,OIS daily data_2016 to 2024.xlsx
2022-12-01,4.229613401748953,OIS daily data_2016 to 2024.xlsx
2022-12-02,4.252167756724217,OIS daily data_2016 to 2024.xlsx
2022-12-05,4.284193097234849,OIS daily data_2016 to 2024.xlsx
2022-12-06,4.290698873679566,OIS daily data_2016 to 2024.xlsx
2022-12-07,4.256792286674372,OIS daily data_2016 to 2024.xlsx
2022-12-08,4.230036086922985,OIS daily data_2016 to 2024.xlsx
2022-12-09,4.22494240877767,OIS daily data_2016 to 2024.xlsx
2022-12-12,4.288731240046772,OIS daily data_2016 to 2024.xlsx
2022-12-13,4.3547821587029505,OIS daily data_2016 to 2024.xlsx
2022-12-14,4.234242472727439,OIS daily data_2016 to 2024.xlsx
2022-12-15,4.19727428506458,OIS daily data_2016 to 2024.xlsx
2022-12-16,4.274180579770821,OIS daily data_2016 to 2024.xlsx
2022-12-19,4.376784707973968,OIS daily data_2016 to 2024.xlsx
2022-12-20,4.400123966676025,OIS daily data_2016 to 2024.xlsx
2022-12-21,4.35384056510674,OIS daily data_2016 to 2024.xlsx
2022-12-22,4.390562934055285,OIS daily data_2016 to 2024.xlsx
2022-12-23,4.401224601376972,OIS daily data_2016 to 2024.xlsx
2022-12-28,4.40178117329805,OIS daily data_2016 to 2024.xlsx
2022-12-29,4.395492758109327,OIS daily data_2016 to 2024.xlsx
2022-12-30,4.4058106321055455,OIS daily data_2016 to 2024.xlsx
2023-01-03,4.3421439341113235,OIS daily data_2016 to 2024.xlsx
2023-01-04,4.232345030088134,OIS daily data_2016 to 2024.xlsx
2023-01-05,4.341831544170435,OIS daily data_2016 to 2024.xlsx
2023-01-06,4.258086314686965,OIS daily data_2016 to 2024.xlsx
2023-01-09,4.190337434804092,OIS daily data_2016 to 2024.xlsx
2023-01-10,4.220179570137535,OIS daily data_2016 to 2024.xlsx
2023-01-11,4.1078530546138206,OIS daily data_2016 to 2024.xlsx
2023-01-12,4.034137081580232,OIS daily data_2016 to 2024.xlsx
2023-01-13,4.063571920494457,OIS daily data_2016 to 2024.xlsx
2023-01-16,4.05633822070918,OIS daily data_2016 to 2024.xlsx
2023-01-17,4.053018730792099,OIS daily data_2016 to 2024.xlsx
2023-01-18,4.082978800271936,OIS daily data_2016 to 2024.xlsx
2023-01-19,4.07782879046392,OIS daily data_2016 to 2024.xlsx
2023-01-20,4.056137340099182,OIS daily data_2016 to 2024.xlsx
2023-01-23,4.0558822287259595,OIS daily data_2016 to 2024.xlsx
2023-01-24,4.002975614947372,OIS daily data_2016 to 2024.xlsx
2023-01-25,3.9334538013329796,OIS daily data_2016 to 2024.xlsx
2023-01-26,3.9670890571029016,OIS daily data_2016 to 2024.xlsx
2023-01-27,3.9954948766121574,OIS daily data_2016 to 2024.xlsx
2023-01-30,4.02500711407648,OIS daily data_2016 to 2024.xlsx
2023-01-31,3.9994453093723252,OIS daily data_2016 to 2024.xlsx
2023-02-01,3.964812126363097,OIS daily data_2016 to 2024.xlsx
2023-02-02,3.754156168196167,OIS daily data_2016 to 2024.xlsx
2023-02-03,3.769490076090002,OIS daily data_2016 to 2024.xlsx
2023-02-06,3.8929419983012665,OIS daily data_2016 to 2024.xlsx
2023-02-07,3.9179284626655715,OIS daily data_2016 to 2024.xlsx
2023-02-08,3.9467812254477805,OIS daily data_2016 to 2024.xlsx
2023-02-09,3.9797957905291628,OIS daily data_2016 to 2024.xlsx
2023-02-10,4.100978404359594,OIS daily data_2016 to 2024.xlsx
2023-02-13,4.123271955394018,OIS daily data_2016 to 2024.xlsx
2023-02-14,4.289369344710382,OIS daily data_2016 to 2024.xlsx
2023-02-15,4.149383285503857,OIS daily data_2016 to 2024.xlsx
2023-02-16,4.118716468322589,OIS daily data_2016 to 2024.xlsx
2023-02-17,4.1357229605363806,OIS daily data_2016 to 2024.xlsx
2023-02-20,4.099063592752921,OIS daily data_2016 to 2024.xlsx
2023-02-21,4.281529961785969,OIS daily data_2016 to 2024.xlsx
2023-02-22,4.266730616245624,OIS daily data_2016 to 2024.xlsx
2023-02-23,4.292813961393715,OIS daily data_2016 to 2024.xlsx
2023-02-24,4.452718178995889,OIS daily data_2016 to 2024.xlsx
2023-02-27,4.474682872972885,OIS daily data_2016 to 2024.xlsx
2023-02-28,4.531065209259964,OIS daily data_2016 to 2024.xlsx
2023-03-01,4.4767587800843796,OIS daily data_2016 to 2024.xlsx
2023-03-02,4.486582014932624,OIS daily data_2016 to 2024.xlsx
2023-03-03,4.484339367519605,OIS daily data_2016 to 2024.xlsx
2023-03-06,4.53157260813201,OIS daily data_2016 to 2024.xlsx
2023-03-07,4.594759548885984,OIS daily data_2016 to 2024.xlsx
2023-03-08,4.572760480754242,OIS daily data_2016 to 2024.xlsx
2023-03-09,4.550050068272886,OIS daily data_2016 to 2024.xlsx
2023-03-10,4.3965603797255595,OIS daily data_2016 to 2024.xlsx
2023-03-13,4.145424106929541,OIS daily data_2016 to 2024.xlsx
2023-03-14,4.210693643472105,OIS daily data_2016 to 2024.xlsx
2023-03-15,4.024837434237183,OIS daily data_2016 to 2024.xlsx
2023-03-16,4.111349718073719,OIS daily data_2016 to 2024.xlsx
2023-03-17,3.9560230076698915,OIS daily data_2016 to 2024.xlsx
2023-03-20,3.907904381689499,OIS daily data_2016 to 2024.xlsx
2023-03-21,3.9917932603869306,OIS daily data_2016 to 2024.xlsx
2023-03-22,4.269431333297905,OIS daily data_2016 to 2024.xlsx
2023-03-23,4.047912551095898,OIS daily data_2016 to 2024.xlsx
2023-03-24,3.9820031632843147,OIS daily data_2016 to 2024.xlsx
2023-03-27,4.1234286303756456,OIS daily data_2016 to 2024.xlsx
2023-03-28,4.162415546443209,OIS daily data_2016 to 2024.xlsx
2023-03-29,4.2042218735809795,OIS daily data_2016 to 2024.xlsx
2023-03-30,4.24514893857392,OIS daily data_2016 to 2024.xlsx
2023-03-31,4.2127848532863466,OIS daily data_2016 to 2024.xlsx
2023-04-03,4.154196643670148,OIS daily data_2016 to 2024.xlsx
2023-04-04,4.085791314317748,OIS daily data_2016 to 2024.xlsx
2023-04-05,4.073526353179433,OIS daily data_2016 to 2024.xlsx
2023-04-06,4.087841279579678,OIS daily data_2016 to 2024.xlsx
2023-04-11,4.210234725019083,OIS daily data_2016 to 2024.xlsx
2023-04-12,4.232700648236451,OIS daily data_2016 to 2024.xlsx
2023-04-13,4.202513925822512,OIS daily data_2016 to 2024.xlsx
2023-04-14,4.2781746751431395,OIS daily data_2016 to 2024.xlsx
2023-04-17,4.296063724224607,OIS daily data_2016 to 2024.xlsx
2023-04-18,4.383426964150523,OIS daily data_2016 to 2024.xlsx
2023-04-19,4.541554423737564,OIS daily data_2016 to 2024.xlsx
2023-04-20,4.465525615896001,OIS daily data_2016 to 2024.xlsx
2023-04-21,4.450172989034317,OIS daily data_2016 to 2024.xlsx
2023-04-24,4.503337767879271,OIS daily data_2016 to 2024.xlsx
2023-04-25,4.43436850425941,OIS daily data_2016 to 2024.xlsx
2023-04-26,4.436436365928797,OIS daily data_2016 to 2024.xlsx
2023-04-27,4.46888001006722,OIS daily data_2016 to 2024.xlsx
2023-04-28,4.44881978617702,OIS daily data_2016 to 2024.xlsx
2023-05-02,4.407629788662237,OIS daily data_2016 to 2024.xlsx
2023-05-03,4.442732769789998,OIS daily data_2016 to 2024.xlsx
2023-05-04,4.268631353723277,OIS daily data_2016 to 2024.xlsx
2023-05-05,4.414460320594454,OIS daily data_2016 to 2024.xlsx
2023-05-09,4.48965999140375,OIS daily data_2016 to 2024.xlsx
2023-05-10,4.431753335198227,OIS daily data_2016 to 2024.xlsx
2023-05-11,4.3509615158885895,OIS daily data_2016 to 2024.xlsx
2023-05-12,4.432031513163581,OIS daily data_2016 to 2024.xlsx
2023-05-15,4.445440495818401,OIS daily data_2016 to 2024.xlsx
2023-05-16,4.434051133683018,OIS daily data_2016 to 2024.xlsx
2023-05-17,4.468583992797944,OIS daily data_2016 to 2024.xlsx
2023-05-18,4.5363966034669225,OIS daily data_2016 to 2024.xlsx
2023-05-19,4.572274000042808,OIS daily data_2016 to 2024.xlsx
2023-05-22,4.650912024444918,OIS daily data_2016 to 2024.xlsx
2023-05-23,4.723085662384466,OIS daily data_2016 to 2024.xlsx
2023-05-24,5.021164995211957,OIS daily data_2016 to 2024.xlsx
2023-05-25,5.18989525729144,OIS daily data_2016 to 2024.xlsx
2023-05-26,5.143375625567207,OIS daily data_2016 to 2024.xlsx
2023-05-30,5.119163815298728,OIS daily data_2016 to 2024.xlsx
2023-05-31,4.9872190096660125,OIS daily data_2016 to 2024.xlsx
2023-06-01,4.971833802587038,OIS daily data_2016 to 2024.xlsx
2023-06-02,5.0196821276091645,OIS daily data_2016 to 2024.xlsx
2023-06-05,5.1015713514446315,OIS daily data_2016 to 2024.xlsx
2023-06-06,5.089223190046511,OIS daily data_2016 to 2024.xlsx
2023-06-07,5.165529900941101,OIS daily data_2016 to 2024.xlsx
2023-06-08,5.094280414103406,OIS daily data_2016 to 2024.xlsx
2023-06-09,5.14308874475438,OIS daily data_2016 to 2024.xlsx
2023-06-12,5.230458220811939,OIS daily data_2016 to 2024.xlsx
2023-06-13,5.493892355790816,OIS daily data_2016 to 2024.xlsx
2023-06-14,5.394735713227047,OIS daily data_2016 to 2024.xlsx
2023-06-15,5.446704315283654,OIS daily data_2016 to 2024.xlsx
2023-06-16,5.49173790183425,OIS daily data_2016 to 2024.xlsx
2023-06-19,5.615883509056857,OIS daily data_2016 to 2024.xlsx
2023-06-20,5.50656031510814,OIS daily data_2016 to 2024.xlsx
2023-06-21,5.6377260216392076,OIS daily data_2016 to 2024.xlsx
2023-06-22,5.679049581390153,OIS daily data_2016 to 2024.xlsx
2023-06-23,5.739619250121635,OIS daily data_2016 to 2024.xlsx
2023-06-26,5.763904400621234,OIS daily data_2016 to 2024.xlsx
2023-06-27,5.874004766480743,OIS daily data_2016 to 2024.xlsx
2023-06-28,5.744345059277615,OIS daily data_2016 to 2024.xlsx
2023-06-29,5.833011648702429,OIS daily data_2016 to 2024.xlsx
2023-06-30,5.853719235129208,OIS daily data_2016 to 2024.xlsx
2023-07-03,5.937057058842232,OIS daily data_2016 to 2024.xlsx
2023-07-04,5.932912450500073,OIS daily data_2016 to 2024.xlsx
2023-07-05,6.045203004670256,OIS daily data_2016 to 2024.xlsx
2023-07-06,6.119501564996039,OIS daily data_2016 to 2024.xlsx
2023-07-07,6.024510773073293,OIS daily data_2016 to 2024.xlsx
2023-07-10,6.051529279973515,OIS daily data_2016 to 2024.xlsx
2023-07-11,6.0970193258472225,OIS daily data_2016 to 2024.xlsx
2023-07-12,5.870687954061773,OIS daily data_2016 to 2024.xlsx
2023-07-13,5.746400494606614,OIS daily data_2016 to 2024.xlsx
2023-07-14,5.852318715007534,OIS daily data_2016 to 2024.xlsx
2023-07-17,5.782421052700504,OIS daily data_2016 to 2024.xlsx
2023-07-18,5.7113031417801565,OIS daily data_2016 to 2024.xlsx
2023-07-19,5.4586784971501485,OIS daily data_2016 to 2024.xlsx
2023-07-20,5.536047309426214,OIS daily data_2016 to 2024.xlsx
2023-07-21,5.529009826428954,OIS daily data_2016 to 2024.xlsx
2023-07-24,5.509821463779082,OIS daily data_2016 to 2024.xlsx
2023-07-25,5.534407643699417,OIS daily data_2016 to 2024.xlsx
2023-07-26,5.628787500692352,OIS daily data_2016 to 2024.xlsx
2023-07-27,5.546208387038134,OIS daily data_2016 to 2024.xlsx
2023-07-28,5.5152900251585555,OIS daily data_2016 to 2024.xlsx
2023-07-31,5.530426229896693,OIS daily data_2016 to 2024.xlsx
2023-08-01,5.594426813885689,OIS daily data_2016 to 2024.xlsx
2023-08-02,5.50220347974572,OIS daily data_2016 to 2024.xlsx
2023-08-03,5.439143879374008,OIS daily data_2016 to 2024.xlsx
2023-08-04,5.460247609611718,OIS daily data_2016 to 2024.xlsx
2023-08-07,5.479329289484551,OIS daily data_2016 to 2024.xlsx
2023-08-08,5.462182954990872,OIS daily data_2016 to 2024.xlsx
2023-08-09,5.429284929768865,OIS daily data_2016 to 2024.xlsx
2023-08-10,5.380272013714715,OIS daily data_2016 to 2024.xlsx
2023-08-11,5.5157796380126385,OIS daily data_2016 to 2024.xlsx
2023-08-14,5.59218103473614,OIS daily data_2016 to 2024.xlsx
2023-08-15,5.660581635668455,OIS daily data_2016 to 2024.xlsx
2023-08-16,5.703090479335103,OIS daily data_2016 to 2024.xlsx
2023-08-17,5.780252269162978,OIS daily data_2016 to 2024.xlsx
2023-08-18,5.696066718285266,OIS daily data_2016 to 2024.xlsx
2023-08-21,5.7712948404831685,OIS daily data_2016 to 2024.xlsx
2023-08-22,5.716028948674852,OIS daily data_2016 to 2024.xlsx
2023-08-23,5.521218778337794,OIS daily data_2016 to 2024.xlsx
2023-08-24,5.489605567050447,OIS daily data_2016 to 2024.xlsx
2023-08-25,5.542068475323776,OIS daily data_2016 to 2024.xlsx
2023-08-29,5.448692379150185,OIS daily data_2016 to 2024.xlsx
2023-08-30,5.492754393040975,OIS daily data_2016 to 2024.xlsx
2023-08-31,5.406404840580673,OIS daily data_2016 to 2024.xlsx
2023-09-01,5.3708744118516805,OIS daily data_2016 to 2024.xlsx
2023-09-04,5.422838449970764,OIS daily data_2016 to 2024.xlsx
2023-09-05,5.475458254267697,OIS daily data_2016 to 2024.xlsx
2023-09-06,5.462153581187783,OIS daily data_2016 to 2024.xlsx
2023-09-07,5.344177619013986,OIS daily data_2016 to 2024.xlsx
2023-09-08,5.292369892686793,OIS daily data_2016 to 2024.xlsx
2023-09-11,5.310857751471342,OIS daily data_2016 to 2024.xlsx
2023-09-12,5.289732991385923,OIS daily data_2016 to 2024.xlsx
2023-09-13,5.218100082128641,OIS daily data_2016 to 2024.xlsx
2023-09-14,5.179305546914834,OIS daily data_2016 to 2024.xlsx
2023-09-15,5.210923996932859,OIS daily data_2016 to 2024.xlsx
2023-09-18,5.245898567103942,OIS daily data_2016 to 2024.xlsx
2023-09-19,5.219285253569335,OIS daily data_2016 to 2024.xlsx
2023-09-20,5.060454114705832,OIS daily data_2016 to 2024.xlsx
2023-09-21,5.049790781203059,OIS daily data_2016 to 2024.xlsx
2023-09-22,4.99211418575517,OIS daily data_2016 to 2024.xlsx
2023-09-25,4.996396788193034,OIS daily data_2016 to 2024.xlsx
2023-09-26,5.039608982972319,OIS daily data_2016 to 2024.xlsx
2023-09-27,5.096987444025461,OIS daily data_2016 to 2024.xlsx
2023-09-28,5.14059825455526,OIS daily data_2016 to 2024.xlsx
2023-09-29,5.058322171932826,OIS daily data_2016 to 2024.xlsx
2023-10-02,5.1257600940452255,OIS daily data_2016 to 2024.xlsx
2023-10-03,5.149503769410506,OIS daily data_2016 to 2024.xlsx
2023-10-04,5.113449951645642,OIS daily data_2016 to 2024.xlsx
2023-10-05,5.058001098242987,OIS daily data_2016 to 2024.xlsx
2023-10-06,5.083393349501118,OIS daily data_2016 to 2024.xlsx
2023-10-09,5.030076100988885,OIS daily data_2016 to 2024.xlsx
2023-10-10,5.009187588189063,OIS daily data_2016 to 2024.xlsx
2023-10-11,5.007438412337621,OIS daily data_2016 to 2024.xlsx
2023-10-12,5.0320498125080455,OIS daily data_2016 to 2024.xlsx
2023-10-13,5.012326457549018,OIS daily data_2016 to 2024.xlsx
2023-10-16,5.085128876578189,OIS daily data_2016 to 2024.xlsx
2023-10-17,5.0800215663992985,OIS daily data_2016 to 2024.xlsx
2023-10-18,5.163560852171016,OIS daily data_2016 to 2024.xlsx
2023-10-19,5.160296360062374,OIS daily data_2016 to 2024.xlsx
2023-10-20,5.054421620720127,OIS daily data_2016 to 2024.xlsx
2023-10-23,5.029447271606512,OIS daily data_2016 to 2024.xlsx
2023-10-24,4.970491969993648,OIS daily data_2016 to 2024.xlsx
2023-10-25,5.0018187312550015,OIS daily data_2016 to 2024.xlsx
2023-10-26,4.938109514694376,OIS daily data_2016 to 2024.xlsx
2023-10-27,4.912335048079126,OIS daily data_2016 to 2024.xlsx
2023-10-30,4.909905768313919,OIS daily data_2016 to 2024.xlsx
2023-10-31,4.903522551761152,OIS daily data_2016 to 2024.xlsx
2023-11-01,4.88875901317199,OIS daily data_2016 to 2024.xlsx
2023-11-02,4.825606648629943,OIS daily data_2016 to 2024.xlsx
2023-11-03,4.759242532286602,OIS daily data_2016 to 2024.xlsx
2023-11-06,4.77395840685555,OIS daily data_2016 to 2024.xlsx
2023-11-07,4.726530284116102,OIS daily data_2016 to 2024.xlsx
2023-11-08,4.741458379077225,OIS daily data_2016 to 2024.xlsx
2023-11-09,4.733437584509781,OIS daily data_2016 to 2024.xlsx
2023-11-10,4.780628855678247,OIS daily data_2016 to 2024.xlsx
2023-11-13,4.782838981108716,OIS daily data_2016 to 2024.xlsx
2023-11-14,4.669776541114842,OIS daily data_2016 to 2024.xlsx
2023-11-15,4.695152944095918,OIS daily data_2016 to 2024.xlsx
2023-11-16,4.631240263831417,OIS daily data_2016 to 2024.xlsx
2023-11-17,4.628925026295955,OIS daily data_2016 to 2024.xlsx
2023-11-20,4.650352177992309,OIS daily data_2016 to 2024.xlsx
2023-11-21,4.672929765147494,OIS daily data_2016 to 2024.xlsx
2023-11-22,4.736479133618192,OIS daily data_2016 to 2024.xlsx
2023-11-23,4.793515031203084,OIS daily data_2016 to 2024.xlsx
2023-11-24,4.818149999064378,OIS daily data_2016 to 2024.xlsx
2023-11-27,4.743617137461281,OIS daily data_2016 to 2024.xlsx
2023-11-28,4.692382708775844,OIS daily data_2016 to 2024.xlsx
2023-11-29,4.626590969666317,OIS daily data_2016 to 2024.xlsx
2023-11-30,4.68389383903615,OIS daily data_2016 to 2024.xlsx
2023-12-01,4.590349638595464,OIS daily data_2016 to 2024.xlsx
2023-12-04,4.664267920205573,OIS daily data_2016 to 2024.xlsx
2023-12-05,4.56844041385585,OIS daily data_2016 to 2024.xlsx
2023-12-06,4.5355927367396545,OIS daily data_2016 to 2024.xlsx
2023-12-07,4.532110894779766,OIS daily data_2016 to 2024.xlsx
2023-12-08,4.563298182522658,OIS daily data_2016 to 2024.xlsx
2023-12-11,4.614421942222294,OIS daily data_2016 to 2024.xlsx
2023-12-12,4.502499056696032,OIS daily data_2016 to 2024.xlsx
2023-12-13,4.389562723117348,OIS daily data_2016 to 2024.xlsx
2023-12-14,4.319751692173349,OIS daily data_2016 to 2024.xlsx
2023-12-15,4.271342390088842,OIS daily data_2016 to 2024.xlsx
2023-12-18,4.271766364378048,OIS daily data_2016 to 2024.xlsx
2023-12-19,4.2271069345860575,OIS daily data_2016 to 2024.xlsx
2023-12-20,4.066919870723118,OIS daily data_2016 to 2024.xlsx
2023-12-21,4.0420079454306315,OIS daily data_2016 to 2024.xlsx
2023-12-22,4.0067657060345745,OIS daily data_2016 to 2024.xlsx
2023-12-27,3.9770041154031217,OIS daily data_2016 to 2024.xlsx
2023-12-28,3.9622644274853402,OIS daily data_2016 to 2024.xlsx
2023-12-29,3.962521171575957,OIS daily data_2016 to 2024.xlsx
2024-01-02,4.0188096669258515,OIS daily data_2016 to 2024.xlsx
2024-01-03,4.000843907995441,OIS daily data_2016 to 2024.xlsx
2024-01-04,4.10697694139982,OIS daily data_2016 to 2024.xlsx
2024-01-05,4.176566280461474,OIS daily data_2016 to 2024.xlsx
2024-01-08,4.150319257184345,OIS daily data_2016 to 2024.xlsx
2024-01-09,4.162953005506237,OIS daily data_2016 to 2024.xlsx
2024-01-10,4.1960485886774626,OIS daily data_2016 to 2024.xlsx
2024-01-11,4.169818596512274,OIS daily data_2016 to 2024.xlsx
2024-01-12,4.0795352055150795,OIS daily data_2016 to 2024.xlsx
2024-01-15,4.062943145805658,OIS daily data_2016 to 2024.xlsx
2024-01-16,4.067820867959082,OIS daily data_2016 to 2024.xlsx
2024-01-17,4.2902930928682395,OIS daily data_2016 to 2024.xlsx
2024-01-18,4.237386343499326,OIS daily data_2016 to 2024.xlsx
2024-01-19,4.26517180226549,OIS daily data_2016 to 2024.xlsx
2024-01-22,4.255014365325836,OIS daily data_2016 to 2024.xlsx
2024-01-23,4.316366851113447,OIS daily data_2016 to 2024.xlsx
2024-01-24,4.344463823018218,OIS daily data_2016 to 2024.xlsx
2024-01-25,4.289058458713728,OIS daily data_2016 to 2024.xlsx
2024-01-26,4.259191610174532,OIS daily data_2016 to 2024.xlsx
2024-01-29,4.202021205779862,OIS daily data_2016 to 2024.xlsx
2024-01-30,4.265686624056429,OIS daily data_2016 to 2024.xlsx
2024-01-31,4.162154161367197,OIS daily data_2016 to 2024.xlsx
2024-02-01,4.156861524620236,OIS daily data_2016 to 2024.xlsx
2024-02-02,4.309386698441518,OIS daily data_2016 to 2024.xlsx
2024-02-05,4.379152980176605,OIS daily data_2016 to 2024.xlsx
2024-02-06,4.350723493972927,OIS daily data_2016 to 2024.xlsx
2024-02-07,4.3704007247227725,OIS daily data_2016 to 2024.xlsx
2024-02-08,4.406094766690718,OIS daily data_2016 to 2024.xlsx
2024-02-09,4.45553973448112,OIS daily data_2016 to 2024.xlsx
2024-02-12,4.424826671925043,OIS daily data_2016 to 2024.xlsx
2024-02-13,4.571918340802288,OIS daily data_2016 to 2024.xlsx
2024-02-14,4.430238685752686,OIS daily data_2016 to 2024.xlsx
2024-02-15,4.421063180143791,OIS daily data_2016 to 2024.xlsx
2024-02-16,4.528812528797078,OIS daily data_2016 to 2024.xlsx
2024-02-19,4.4955086529730455,OIS daily data_2016 to 2024.xlsx
2024-02-20,4.423696491843345,OIS daily data_2016 to 2024.xlsx
2024-02-21,4.509108856225918,OIS daily data_2016 to 2024.xlsx
2024-02-22,4.538843976444068,OIS daily data_2016 to 2024.xlsx
2024-02-23,4.482500595275711,OIS daily data_2016 to 2024.xlsx
2024-02-26,4.524135029588874,OIS daily data_2016 to 2024.xlsx
2024-02-27,4.558301755387188,OIS daily data_2016 to 2024.xlsx
2024-02-28,4.554307324780026,OIS daily data_2016 to 2024.xlsx
2024-02-29,4.517681347180666,OIS daily data_2016 to 2024.xlsx
2024-03-01,4.497686780640152,OIS daily data_2016 to 2024.xlsx
2024-03-04,4.555134956654798,OIS daily data_2016 to 2024.xlsx
2024-03-05,4.499835756976424,OIS daily data_2016 to 2024.xlsx
2024-03-06,4.487665352966736,OIS daily data_2016 to 2024.xlsx
2024-03-07,4.487332959679149,OIS daily data_2016 to 2024.xlsx
2024-03-08,4.444256115414618,OIS daily data_2016 to 2024.xlsx
2024-03-11,4.42095360335483,OIS daily data_2016 to 2024.xlsx
2024-03-12,4.4069208064658385,OIS daily data_2016 to 2024.xlsx
2024-03-13,4.44260930942303,OIS daily data_2016 to 2024.xlsx
2024-03-14,4.482884351638332,OIS daily data_2016 to 2024.xlsx
2024-03-15,4.494216172552518,OIS daily data_2016 to 2024.xlsx
2024-03-18,4.503677516043216,OIS daily data_2016 to 2024.xlsx
2024-03-19,4.452208120839429,OIS daily data_2016 to 2024.xlsx
2024-03-20,4.440320487145103,OIS daily data_2016 to 2024.xlsx
2024-03-21,4.344447201330456,OIS daily data_2016 to 2024.xlsx
2024-03-22,4.291774232060491,OIS daily data_2016 to 2024.xlsx
2024-03-25,4.350810084119668,OIS daily data_2016 to 2024.xlsx
2024-03-26,4.365130609577496,OIS daily data_2016 to 2024.xlsx
2024-03-27,4.341249030879761,OIS daily data_2016 to 2024.xlsx
2024-03-28,4.330264589526136,OIS daily data_2016 to 2024.xlsx
2024-04-02,4.3876595132963425,OIS daily data_2016 to 2024.xlsx
2024-04-03,4.371934989592313,OIS daily data_2016 to 2024.xlsx
2024-04-04,4.356996975345682,OIS daily data_2016 to 2024.xlsx
2024-04-05,4.358340843680795,OIS daily data_2016 to 2024.xlsx
2024-04-08,4.398520989387656,OIS daily data_2016 to 2024.xlsx
2024-04-09,4.369296471753943,OIS daily data_2016 to 2024.xlsx
2024-04-10,4.525336096532469,OIS daily data_2016 to 2024.xlsx
2024-04-11,4.595675577133166,OIS daily data_2016 to 2024.xlsx
2024-04-12,4.515841785668239,OIS daily data_2016 to 2024.xlsx
2024-04-15,4.584248597994753,OIS daily data_2016 to 2024.xlsx
2024-04-16,4.671581865684804,OIS daily data_2016 to 2024.xlsx
2024-04-17,4.6299643681540426,OIS daily data_2016 to 2024.xlsx
2024-04-18,4.647357883070686,OIS daily data_2016 to 2024.xlsx
2024-04-19,4.55511449046419,OIS daily data_2016 to 2024.xlsx
2024-04-22,4.5230798252662705,OIS daily data_2016 to 2024.xlsx
2024-04-23,4.561905483843077,OIS daily data_2016 to 2024.xlsx
2024-04-24,4.630064870609059,OIS daily data_2016 to 2024.xlsx
2024-04-25,4.666593692553334,OIS daily data_2016 to 2024.xlsx
2024-04-26,4.64059547596629,OIS daily data_2016 to 2024.xlsx
2024-04-29,4.624003644266691,OIS daily data_2016 to 2024.xlsx
2024-04-30,4.693695368961368,OIS daily data_2016 to 2024.xlsx
2024-05-02,4.608928196900888,OIS daily data_2016 to 2024.xlsx
2024-05-03,4.525481454857745,OIS daily data_2016 to 2024.xlsx
2024-05-07,4.495622985159184,OIS daily data_2016 to 2024.xlsx
2024-05-08,4.494565461455637,OIS daily data_2016 to 2024.xlsx
2024-05-09,4.422429837523961,OIS daily data_2016 to 2024.xlsx
2024-05-10,4.469331778319283,OIS daily data_2016 to 2024.xlsx
2024-05-13,4.503117352957483,OIS daily data_2016 to 2024.xlsx
2024-05-14,4.487637519392919,OIS daily data_2016 to 2024.xlsx
2024-05-15,4.410073514859925,OIS daily data_2016 to 2024.xlsx
2024-05-16,4.416491858885614,OIS daily data_2016 to 2024.xlsx
2024-05-17,4.45397067804381,OIS daily data_2016 to 2024.xlsx
2024-05-20,4.493707487560679,OIS daily data_2016 to 2024.xlsx
2024-05-21,4.464679121594357,OIS daily data_2016 to 2024.xlsx
2024-05-22,4.632846331782411,OIS daily data_2016 to 2024.xlsx
2024-05-23,4.656917258157096,OIS daily data_2016 to 2024.xlsx
2024-05-24,4.659450594158007,OIS daily data_2016 to 2024.xlsx
2024-05-28,4.682197735128024,OIS daily data_2016 to 2024.xlsx
2024-05-29,4.732673318539657,OIS daily data_2016 to 2024.xlsx
2024-05-30,4.67166888561938,OIS daily data_2016 to 2024.xlsx
2024-05-31,4.643792206494685,OIS daily data_2016 to 2024.xlsx
2024-06-03,4.615063887863409,OIS daily data_2016 to 2024.xlsx
2024-06-04,4.59516942457244,OIS daily data_2016 to 2024.xlsx
2024-06-05,4.597913039240755,OIS daily data_2016 to 2024.xlsx
2024-06-06,4.561189191290409,OIS daily data_2016 to 2024.xlsx
2024-06-07,4.609043657118705,OIS daily data_2016 to 2024.xlsx
2024-06-10,4.6736971911533205,OIS daily data_2016 to 2024.xlsx
2024-06-11,4.628300887403461,OIS daily data_2016 to 2024.xlsx
2024-06-12,4.5121529108559155,OIS daily data_2016 to 2024.xlsx
2024-06-13,4.487245320961933,OIS daily data_2016 to 2024.xlsx
2024-06-14,4.42924293730957,OIS daily data_2016 to 2024.xlsx
2024-06-17,4.474765629524408,OIS daily data_2016 to 2024.xlsx
2024-06-18,4.419525018364044,OIS daily data_2016 to 2024.xlsx
2024-06-19,4.446291691485822,OIS daily data_2016 to 2024.xlsx
2024-06-20,4.391600843443695,OIS daily data_2016 to 2024.xlsx
2024-06-21,4.382072389545008,OIS daily data_2016 to 2024.xlsx
2024-06-24,4.412838517301266,OIS daily data_2016 to 2024.xlsx
2024-06-25,4.413009570186282,OIS daily data_2016 to 2024.xlsx
2024-06-26,4.454162106895235,OIS daily data_2016 to 2024.xlsx
2024-06-27,4.468786176759557,OIS daily data_2016 to 2024.xlsx
2024-06-28,4.436679241408678,OIS daily data_2016 to 2024.xlsx
2024-07-01,4.497526015144182,OIS daily data_2016 to 2024.xlsx
2024-07-02,4.485181129608402,OIS daily data_2016 to 2024.xlsx
2024-07-03,4.450690286357859,OIS daily data_2016 to 2024.xlsx
2024-07-04,4.438985895989937,OIS daily data_2016 to 2024.xlsx
2024-07-05,4.386054063284474,OIS daily data_2016 to 2024.xlsx
2024-07-08,4.392617244294027,OIS daily data_2016 to 2024.xlsx
2024-07-09,4.407847492087481,OIS daily data_2016 to 2024.xlsx
2024-07-10,4.397356876191283,OIS daily data_2016 to 2024.xlsx
2024-07-11,4.318321892368226,OIS daily data_2016 to 2024.xlsx
2024-07-12,4.332472737483629,OIS daily data_2016 to 2024.xlsx
2024-07-15,4.340608472670866,OIS daily data_2016 to 2024.xlsx
2024-07-16,4.3105414790114365,OIS daily data_2016 to 2024.xlsx
2024-07-17,4.340394773346443,OIS daily data_2016 to 2024.xlsx
2024-07-18,4.293408582005543,OIS daily data_2016 to 2024.xlsx
2024-07-19,4.32219221167812,OIS daily data_2016 to 2024.xlsx
2024-07-22,4.397009050416085,OIS daily data_2016 to 2024.xlsx
2024-07-23,4.360735628723576,OIS daily data_2016 to 2024.xlsx
2024-07-24,4.332882226130218,OIS daily data_2016 to 2024.xlsx
2024-07-25,4.292484901503246,OIS daily data_2016 to 2024.xlsx
2024-07-26,4.265229611123377,OIS daily data_2016 to 2024.xlsx
2024-07-29,4.268384459160485,OIS daily data_2016 to 2024.xlsx
2024-07-30,4.232092354659745,OIS daily data_2016 to 2024.xlsx
2024-07-31,4.205891093123982,OIS daily data_2016 to 2024.xlsx
2024-08-01,4.056703941135931,OIS daily data_2016 to 2024.xlsx
2024-08-02,3.9718676201312317,OIS daily data_2016 to 2024.xlsx
2024-08-05,4.041933661837774,OIS daily data_2016 to 2024.xlsx
2024-08-06,4.047862222042055,OIS daily data_2016 to 2024.xlsx
2024-08-07,4.03400436661326,OIS daily data_2016 to 2024.xlsx
2024-08-08,4.0584311339447146,OIS daily data_2016 to 2024.xlsx
2024-08-09,4.031899318875169,OIS daily data_2016 to 2024.xlsx
2024-08-12,4.040378220790612,OIS daily data_2016 to 2024.xlsx
2024-08-13,4.00448025274075,OIS daily data_2016 to 2024.xlsx
2024-08-14,3.9835001961963643,OIS daily data_2016 to 2024.xlsx
2024-08-15,4.043783781819515,OIS daily data_2016 to 2024.xlsx
2024-08-16,4.06287383751627,OIS daily data_2016 to 2024.xlsx
2024-08-19,4.074177921495236,OIS daily data_2016 to 2024.xlsx
2024-08-20,4.062893770862932,OIS daily data_2016 to 2024.xlsx
2024-08-21,4.029555660284754,OIS daily data_2016 to 2024.xlsx
2024-08-22,4.0628877376377615,OIS daily data_2016 to 2024.xlsx
2024-08-23,4.020049857702792,OIS daily data_2016 to 2024.xlsx
2024-08-27,4.060821963439073,OIS daily data_2016 to 2024.xlsx
2024-08-28,4.051639747916431,OIS daily data_2016 to 2024.xlsx
2024-08-29,4.0349164643472175,OIS daily data_2016 to 2024.xlsx
2024-08-30,4.047798773140585,OIS daily data_2016 to 2024.xlsx
2024-09-02,4.045853641900167,OIS daily data_2016 to 2024.xlsx
2024-09-03,4.018759755655082,OIS daily data_2016 to 2024.xlsx
2024-09-04,3.9614521104575022,OIS daily data_2016 to 2024.xlsx
2024-09-05,3.9299189695800028,OIS daily data_2016 to 2024.xlsx
2024-09-06,3.9115166917737394,OIS daily data_2016 to 2024.xlsx
2024-09-09,3.8097423696237698,OIS daily data_2016 to 2024.xlsx
2024-09-10,3.795502242472124,OIS daily data_2016 to 2024.xlsx
2024-09-11,3.728924638406164,OIS daily data_2016 to 2024.xlsx
2024-09-12,3.7765626273990756,OIS daily data_2016 to 2024.xlsx
2024-09-13,3.7007780329941395,OIS daily data_2016 to 2024.xlsx
2024-09-16,3.6732670724696015,OIS daily data_2016 to 2024.xlsx
2024-09-17,3.7182234208576554,OIS daily data_2016 to 2024.xlsx
2024-09-18,3.7940207947740014,OIS daily data_2016 to 2024.xlsx
2024-09-19,3.812441519939358,OIS daily data_2016 to 2024.xlsx
2024-09-20,3.7828020384067558,OIS daily data_2016 to 2024.xlsx
2024-09-23,3.7829812784549457,OIS daily data_2016 to 2024.xlsx
2024-09-24,3.770337352355868,OIS daily data_2016 to 2024.xlsx
2024-09-25,3.823428498235558,OIS daily data_2016 to 2024.xlsx
2024-09-26,3.8495545399231985,OIS daily data_2016 to 2024.xlsx
2024-09-27,3.78571693979944,OIS daily data_2016 to 2024.xlsx
2024-09-30,3.8429996384131275,OIS daily data_2016 to 2024.xlsx
2024-10-01,3.822446079820422,OIS daily data_2016 to 2024.xlsx
2024-10-02,3.8762269551211306,OIS daily data_2016 to 2024.xlsx
2024-10-03,3.821645830894564,OIS daily data_2016 to 2024.xlsx
2024-10-04,4.005956267548215,OIS daily data_2016 to 2024.xlsx
2024-10-07,4.063674324887695,OIS daily data_2016 to 2024.xlsx
2024-10-08,4.02386470286408,OIS daily data_2016 to 2024.xlsx
2024-10-09,4.049950498100852,OIS daily data_2016 to 2024.xlsx
2024-10-10,4.021098568974148,OIS daily data_2016 to 2024.xlsx
2024-10-11,3.968452936571385,OIS daily data_2016 to 2024.xlsx
2024-10-14,4.009238864904651,OIS daily data_2016 to 2024.xlsx
2024-10-15,3.9726394416461948,OIS daily data_2016 to 2024.xlsx
2024-10-16,3.8728108081958674,OIS daily data_2016 to 2024.xlsx
2024-10-17,3.873209145113257,OIS daily data_2016 to 2024.xlsx
2024-10-18,3.8008373807036206,OIS daily data_2016 to 2024.xlsx
2024-10-21,3.860389065260185,OIS daily data_2016 to 2024.xlsx
2024-10-22,3.885674568006431,OIS daily data_2016 to 2024.xlsx
2024-10-23,3.909629538281884,OIS daily data_2016 to 2024.xlsx
2024-10-24,3.942736720164923,OIS daily data_2016 to 2024.xlsx
2024-10-25,3.9618948989451566,OIS daily data_2016 to 2024.xlsx
2024-10-28,3.9728384768998426,OIS daily data_2016 to 2024.xlsx
2024-10-29,4.01327592293298,OIS daily data_2016 to 2024.xlsx
2024-10-30,4.146323163187131,OIS daily data_2016 to 2024.xlsx
2024-10-31,4.203577144556291,OIS daily data_2016 to 2024.xlsx
2024-11-01,4.185534289555297,OIS daily data_2016 to 2024.xlsx
2024-11-04,4.19966967656757,OIS daily data_2016 to 2024.xlsx
2024-11-05,4.260833034428055,OIS daily data_2016 to 2024.xlsx
2024-11-06,4.239563800652503,OIS daily data_2016 to 2024.xlsx
2024-11-07,4.1692036581740854,OIS daily data_2016 to 2024.xlsx
2024-11-08,4.182804876799572,OIS daily data_2016 to 2024.xlsx
2024-11-11,4.191398388000661,OIS daily data_2016 to 2024.xlsx
2024-11-12,4.272836570718608,OIS daily data_2016 to 2024.xlsx
2024-11-13,4.277416585569448,OIS daily data_2016 to 2024.xlsx
2024-11-14,4.218111242887774,OIS daily data_2016 to 2024.xlsx
2024-11-15,4.191373574830346,OIS daily data_2016 to 2024.xlsx
2024-11-18,4.203310196036604,OIS daily data_2016 to 2024.xlsx
2024-11-19,4.200272377124746,OIS daily data_2016 to 2024.xlsx
2024-11-20,4.192889945577555,OIS daily data_2016 to 2024.xlsx
2024-11-21,4.161508595259978,OIS daily data_2016 to 2024.xlsx
2024-11-22,4.111555135259125,OIS daily data_2016 to 2024.xlsx
2024-11-25,4.112450884679758,OIS daily data_2016 to 2024.xlsx
2024-11-26,4.118604890109623,OIS daily data_2016 to 2024.xlsx
2024-11-27,4.119137183148877,OIS daily data_2016 to 2024.xlsx
2024-11-28,4.101794673811873,OIS daily data_2016 to 2024.xlsx
2024-11-29,4.062322761100517,OIS daily data_2016 to 2024.xlsx
2024-12-02,4.051069700786815,OIS daily data_2016 to 2024.xlsx
2024-12-03,4.049288069575859,OIS daily data_2016 to 2024.xlsx
2024-12-04,4.049280476934322,OIS daily data_2016 to 2024.xlsx
2024-12-05,4.0830332421441256,OIS daily data_2016 to 2024.xlsx
2024-12-06,4.062118586906388,OIS daily data_2016 to 2024.xlsx
2024-12-09,4.047465082792041,OIS daily data_2016 to 2024.xlsx
2024-12-10,4.069166378515256,OIS daily data_2016 to 2024.xlsx
2024-12-11,4.052526898075523,OIS daily data_2016 to 2024.xlsx
2024-12-12,4.0801112253561405,OIS daily data_2016 to 2024.xlsx
2024-12-13,4.098649155890106,OIS daily data_2016 to 2024.xlsx
2024-12-16,4.135437689881127,OIS daily data_2016 to 2024.xlsx
2024-12-17,4.268716056105215,OIS daily data_2016 to 2024.xlsx
2024-12-18,4.284593325232529,OIS daily data_2016 to 2024.xlsx
2024-12-19,4.25181139404925,OIS daily data_2016 to 2024.xlsx
2024-12-20,4.188336289670673,OIS daily data_2016 to 2024.xlsx
2024-12-23,4.2080658114511715,OIS daily data_2016 to 2024.xlsx
2024-12-24,4.253874677517842,OIS daily data_2016 to 2024.xlsx
2024-12-27,4.2519625351721455,OIS daily data_2016 to 2024.xlsx
2024-12-30,4.244084695445586,OIS daily data_2016 to 2024.xlsx
2024-12-31,4.209044231879865,OIS daily data_2016 to 2024.xlsx
2025-01-02,4.203197401266813,OIS daily data_2025 to present.xlsx
2025-01-03,4.217185939376314,OIS daily data_2025 to present.xlsx
2025-01-06,4.224135049654097,OIS daily data_2025 to present.xlsx
2025-01-07,4.241859847543802,OIS daily data_2025 to present.xlsx
2025-01-08,4.321659091954688,OIS daily data_2025 to present.xlsx
2025-01-09,4.295867430933008,OIS daily data_2025 to present.xlsx
2025-01-10,4.315783929935932,OIS daily data_2025 to present.xlsx
2025-01-13,4.350341309629156,OIS daily data_2025 to present.xlsx
2025-01-14,4.4097689306958525,OIS daily data_2025 to present.xlsx
2025-01-15,4.238856781973582,OIS daily data_2025 to present.xlsx
2025-01-16,4.1944351878141,OIS daily data_2025 to present.xlsx
2025-01-17,4.161172039998546,OIS daily data_2025 to present.xlsx
2025-01-20,4.177788205291739,OIS daily data_2025 to present.xlsx
2025-01-21,4.164650724727959,OIS daily data_2025 to present.xlsx
2025-01-22,4.16168768999191,OIS daily data_2025 to present.xlsx
2025-01-23,4.128394753959545,OIS daily data_2025 to present.xlsx
2025-01-24,4.139503495270695,OIS daily data_2025 to present.xlsx
2025-01-27,4.081887598324932,OIS daily data_2025 to present.xlsx
2025-01-28,4.113585992198276,OIS daily data_2025 to present.xlsx
2025-01-29,4.111241104391632,OIS daily data_2025 to present.xlsx
2025-01-30,4.065051333630019,OIS daily data_2025 to present.xlsx
2025-01-31,4.021792664645188,OIS daily data_2025 to present.xlsx
2025-02-03,3.983696138383111,OIS daily data_2025 to present.xlsx
2025-02-04,3.989594280140353,OIS daily data_2025 to present.xlsx
2025-02-05,3.956615962733005,OIS daily data_2025 to present.xlsx
2025-02-06,3.960396904458567,OIS daily data_2025 to present.xlsx
2025-02-07,3.9834598923000093,OIS daily data_2025 to present.xlsx
2025-02-10,3.9272613232608866,OIS daily data_2025 to present.xlsx
2025-02-11,3.9733483058701973,OIS daily data_2025 to present.xlsx
2025-02-12,3.975222007388837,OIS daily data_2025 to present.xlsx
2025-02-13,3.9923054848659856,OIS daily data_2025 to present.xlsx
2025-02-14,4.000144981318765,OIS daily data_2025 to present.xlsx
2025-02-17,3.992783493096646,OIS daily data_2025 to present.xlsx
2025-02-18,4.027860895835097,OIS daily data_2025 to present.xlsx
2025-02-19,4.060210110273442,OIS daily data_2025 to present.xlsx
2025-02-20,4.055200810874017,OIS daily data_2025 to present.xlsx
2025-02-21,4.024350204015074,OIS daily data_2025 to present.xlsx
2025-02-24,4.025577610685842,OIS daily data_2025 to present.xlsx
2025-02-25,3.984203460690273,OIS daily data_2025 to present.xlsx
2025-02-26,3.9868430974985754,OIS daily data_2025 to present.xlsx
2025-02-27,3.9819076012317653,OIS daily data_2025 to present.xlsx
2025-02-28,3.9632360088740812,OIS daily data_2025 to present.xlsx
2025-03-03,4.019365092775384,OIS daily data_2025 to present.xlsx
2025-03-04,3.9841394339063823,OIS daily data_2025 to present.xlsx
2025-03-05,4.064517195342957,OIS daily data_2025 to present.xlsx
2025-03-06,4.038426209518168,OIS daily data_2025 to present.xlsx
2025-03-07,4.006099541897321,OIS daily data_2025 to present.xlsx
2025-03-10,3.9986266497589344,OIS daily data_2025 to present.xlsx
2025-03-11,3.982939275217069,OIS daily data_2025 to present.xlsx
2025-03-12,4.031671062037902,OIS daily data_2025 to present.xlsx
2025-03-13,3.991900871601713,OIS daily data_2025 to present.xlsx
2025-03-14,3.9945632340938335,OIS daily data_2025 to present.xlsx
2025-03-17,4.0202181132121595,OIS daily data_2025 to present.xlsx
2025-03-18,4.016502403825481,OIS daily data_2025 to present.xlsx
2025-03-19,4.031770573772472,OIS daily data_2025 to present.xlsx
2025-03-20,4.047877048229112,OIS daily data_2025 to present.xlsx
2025-03-21,4.060521607859538,OIS daily data_2025 to present.xlsx
2025-03-24,4.0829411903116295,OIS daily data_2025 to present.xlsx
2025-03-25,4.112649260871963,OIS daily data_2025 to present.xlsx
2025-03-26,4.050078667575634,OIS daily data_2025 to present.xlsx
2025-03-27,4.047381813336262,OIS daily data_2025 to present.xlsx
2025-03-28,3.9878135849072933,OIS daily data_2025 to present.xlsx
2025-03-31,4.00274463523925,OIS daily data_2025 to present.xlsx
2025-04-01,3.9909967624969247,OIS daily data_2025 to present.xlsx
2025-04-02,3.986232029869815,OIS daily data_2025 to present.xlsx
2025-04-03,3.834918535199032,OIS daily data_2025 to present.xlsx
2025-04-04,3.7415969187559286,OIS daily data_2025 to present.xlsx
2025-04-07,3.819598925621871,OIS daily data_2025 to present.xlsx
2025-04-08,3.7226301582719246,OIS daily data_2025 to present.xlsx
2025-04-09,3.7711470868564287,OIS daily data_2025 to present.xlsx
2025-04-10,3.654478121758167,OIS daily data_2025 to present.xlsx
2025-04-11,3.7809660382095074,OIS daily data_2025 to present.xlsx
2025-04-14,3.7905863347438373,OIS daily data_2025 to present.xlsx
2025-04-15,3.7250358502538052,OIS daily data_2025 to present.xlsx
2025-04-16,3.7347761059283586,OIS daily data_2025 to present.xlsx
2025-04-17,3.6779926119679867,OIS daily data_2025 to present.xlsx
2025-04-22,3.6173066095840296,OIS daily data_2025 to present.xlsx
2025-04-23,3.6830053633675446,OIS daily data_2025 to present.xlsx
2025-04-24,3.6297460982481224,OIS daily data_2025 to present.xlsx
2025-04-25,3.6100623424060134,OIS daily data_2025 to present.xlsx
2025-04-28,3.613272997084936,OIS daily data_2025 to present.xlsx
2025-04-29,3.5899445363780624,OIS daily data_2025 to present.xlsx
2025-04-30,3.556508952636915,OIS daily data_2025 to present.xlsx
2025-05-01,3.5521137005392873,OIS daily data_2025 to present.xlsx
2025-05-02,3.5955199004854816,OIS daily data_2025 to present.xlsx
2025-05-06,3.5806564640484857,OIS daily data_2025 to present.xlsx
2025-05-07,3.576228406567145,OIS daily data_2025 to present.xlsx
2025-05-08,3.68354176266559,OIS daily data_2025 to present.xlsx
2025-05-09,3.661827189692965,OIS daily data_2025 to present.xlsx
2025-05-12,3.77901745984452,OIS daily data_2025 to present.xlsx
2025-05-13,3.7655684272035534,OIS daily data_2025 to present.xlsx
2025-05-14,3.8237577285695794,OIS daily data_2025 to present.xlsx
2025-05-15,3.7791531041414155,OIS daily data_2025 to present.xlsx
2025-05-16,3.7888534132228036,OIS daily data_2025 to present.xlsx
2025-05-19,3.7980414857595055,OIS daily data_2025 to present.xlsx
2025-05-20,3.8251062667916536,OIS daily data_2025 to present.xlsx
2025-05-21,3.8542182217883787,OIS daily data_2025 to present.xlsx
2025-05-22,3.8048154341255342,OIS daily data_2025 to present.xlsx
2025-05-23,3.792397390056812,OIS daily data_2025 to present.xlsx
2025-05-27,3.8302237390044755,OIS daily data_2025 to present.xlsx
2025-05-28,3.851323615916723,OIS daily data_2025 to present.xlsx
2025-05-29,3.7842353869079473,OIS daily data_2025 to present.xlsx
2025-05-30,3.791436010626144,OIS daily data_2025 to present.xlsx
2025-06-02,3.803877291336176,OIS daily data_2025 to present.xlsx
2025-06-03,3.786299552212739,OIS daily data_2025 to present.xlsx
2025-06-04,3.766175367434352,OIS daily data_2025 to present.xlsx
2025-06-05,3.7826697118240036,OIS daily data_2025 to present.xlsx
2025-06-06,3.790490985247151,OIS daily data_2025 to present.xlsx
2025-06-09,3.7803278170899133,OIS daily data_2025 to present.xlsx
2025-06-10,3.6975057228037262,OIS daily data_2025 to present.xlsx
2025-06-11,3.6948396862587747,OIS daily data_2025 to present.xlsx
2025-06-12,3.6482544579689997,OIS daily data_2025 to present.xlsx
2025-06-13,3.6860448260425187,OIS daily data_2025 to present.xlsx
2025-06-16,3.679818235176825,OIS daily data_2025 to present.xlsx
2025-06-17,3.673868470226312,OIS daily data_2025 to present.xlsx
2025-06-18,3.6744353287385763,OIS daily data_2025 to present.xlsx
2025-06-19,3.6812246058190987,OIS daily data_2025 to present.xlsx
2025-06-20,3.668136451076137,OIS daily data_2025 to present.xlsx
2025-06-23,3.6615351855043894,OIS daily data_2025 to present.xlsx
2025-06-24,3.633463010933987,OIS daily data_2025 to present.xlsx
2025-06-25,3.593481898984327,OIS daily data_2025 to present.xlsx
2025-06-26,3.5672959038984375,OIS daily data_2025 to present.xlsx
2025-06-27,3.5727346606723547,OIS daily data_2025 to present.xlsx
2025-06-30,3.578571659426476,OIS daily data_2025 to present.xlsx
2025-07-01,3.57567719144687,OIS daily data_2025 to present.xlsx
2025-07-02,3.6278015053686277,OIS daily data_2025 to present.xlsx
2025-07-03,3.5775529557822225,OIS daily data_2025 to present.xlsx
2025-07-04,3.5733578439599922,OIS daily data_2025 to present.xlsx
2025-07-07,3.599605077664441,OIS daily data_2025 to present.xlsx
2025-07-08,3.6186392662414018,OIS daily data_2025 to present.xlsx
2025-07-09,3.612305857169319,OIS daily data_2025 to present.xlsx
2025-07-10,3.598117163731111,OIS daily data_2025 to present.xlsx
2025-07-11,3.600262753773224,OIS daily data_2025 to present.xlsx
2025-07-14,3.574669366754231,OIS daily data_2025 to present.xlsx
2025-07-15,3.603274884270577,OIS daily data_2025 to present.xlsx
2025-07-16,3.6127823013845255,OIS daily data_2025 to present.xlsx
2025-07-17,3.6565121768052453,OIS daily data_2025 to present.xlsx
2025-07-18,3.641861803076078,OIS daily data_2025 to present.xlsx
2025-07-21,3.6401114751963464,OIS daily data_2025 to present.xlsx
2025-07-22,3.6045254030666234,OIS daily data_2025 to present.xlsx
2025-07-23,3.634585847687513,OIS daily data_2025 to present.xlsx
2025-07-24,3.618571789255581,OIS daily data_2025 to present.xlsx
2025-07-25,3.641791006795118,OIS daily data_2025 to present.xlsx
2025-07-28,3.6595034681860414,OIS daily data_2025 to present.xlsx
2025-07-29,3.649711285498357,OIS daily data_2025 to present.xlsx
2025-07-30,3.6514708221445153,OIS daily data_2025 to present.xlsx
2025-07-31,3.6301554291864213,OIS daily data_2025 to present.xlsx
2025-08-01,3.542982212861075,OIS daily data_2025 to present.xlsx
2025-08-04,3.579072898792802,OIS daily data_2025 to present.xlsx
2025-08-05,3.597224342572314,OIS daily data_2025 to present.xlsx
2025-08-06,3.5825495114099257,OIS daily data_2025 to present.xlsx
2025-08-07,3.6306432328791947,OIS daily data_2025 to present.xlsx
2025-08-08,3.633940204245241,OIS daily data_2025 to present.xlsx
2025-08-11,3.6230983345904075,OIS daily data_2025 to present.xlsx
2025-08-12,3.6461759758029775,OIS daily data_2025 to present.xlsx
2025-08-13,3.6363923514784555,OIS daily data_2025 to present.xlsx
2025-08-14,3.649059227879788,OIS daily data_2025 to present.xlsx
2025-08-15,3.669960899268463,OIS daily data_2025 to present.xlsx
2025-08-18,3.7055391442792636,OIS daily data_2025 to present.xlsx
2025-08-19,3.7235140502213526,OIS daily data_2025 to present.xlsx
2025-08-20,3.6812388177144593,OIS daily data_2025 to present.xlsx
2025-08-21,3.7116170748531268,OIS daily data_2025 to present.xlsx
2025-08-22,3.695958794572242,OIS daily data_2025 to present.xlsx
2025-08-26,3.732852460564379,OIS daily data_2025 to present.xlsx
2025-08-27,3.727668039263918,OIS daily data_2025 to present.xlsx
2025-08-28,3.6874936717596505,OIS daily data_2025 to present.xlsx
2025-08-29,3.7017662694022473,OIS daily data_2025 to present.xlsx
2025-09-01,3.715609061296235,OIS daily data_2025 to present.xlsx
2025-09-02,3.733921053199453,OIS daily data_2025 to present.xlsx
2025-09-03,3.714990129341891,OIS daily data_2025 to present.xlsx
2025-09-04,3.6988096457093285,OIS daily data_2025 to present.xlsx
2025-09-05,3.6631086386903573,OIS daily data_2025 to present.xlsx
2025-09-08,3.650129609266606,OIS daily data_2025 to present.xlsx
2025-09-09,3.659666685954835,OIS daily data_2025 to present.xlsx
2025-09-10,3.6827962695076226,OIS daily data_2025 to present.xlsx
2025-09-11,3.6726312710643887,OIS daily data_2025 to present.xlsx
2025-09-12,3.698063860762845,OIS daily data_2025 to present.xlsx
2025-09-15,3.683093033540484,OIS daily data_2025 to present.xlsx
2025-09-16,3.6919990225918866,OIS daily data_2025 to present.xlsx
2025-09-17,3.709080029347736,OIS daily data_2025 to present.xlsx
2025-09-18,3.6964346352976922,OIS daily data_2025 to present.xlsx
2025-09-19,3.7055799055188916,OIS daily data_2025 to present.xlsx
2025-09-22,3.709325522625173,OIS daily data_2025 to present.xlsx
2025-09-23,3.6961880037725257,OIS daily data_2025 to present.xlsx
2025-09-24,3.6904693335269076,OIS daily data_2025 to present.xlsx
2025-09-25,3.73259012383154,OIS daily data_2025 to present.xlsx
2025-09-26,3.7373703139740906,OIS daily data_2025 to present.xlsx
2025-09-29,3.7225386817371198,OIS daily data_2025 to present.xlsx
2025-09-30,3.7268348643745703,OIS daily data_2025 to present.xlsx
2025-10-01,3.7077454486078505,OIS daily data_2025 to present.xlsx
2025-10-02,3.71543830453495,OIS daily data_2025 to present.xlsx
2025-10-03,3.6704295970188894,OIS daily data_2025 to present.xlsx
2025-10-06,3.719301171847194,OIS daily data_2025 to present.xlsx
2025-10-07,3.7268069500444256,OIS daily data_2025 to present.xlsx
2025-10-08,3.7285345454907386,OIS daily data_2025 to present.xlsx
2025-10-09,3.739395418836954,OIS daily data_2025 to present.xlsx
2025-10-10,3.696720782018163,OIS daily data_2025 to present.xlsx
2025-10-13,3.681166769961929,OIS daily data_2025 to present.xlsx
2025-10-14,3.624899220091405,OIS daily data_2025 to present.xlsx
2025-10-15,3.613480455640043,OIS daily data_2025 to present.xlsx
2025-10-16,3.5685174418641235,OIS daily data_2025 to present.xlsx
2025-10-17,3.585649174904254,OIS daily data_2025 to present.xlsx
2025-10-20,3.5794532661111154,OIS daily data_2025 to present.xlsx
2025-10-21,3.5883241502902576,OIS daily data_2025 to present.xlsx
2025-10-22,3.4936716662032303,OIS daily data_2025 to present.xlsx
2025-10-23,3.4959078300112085,OIS daily data_2025 to present.xlsx
2025-10-24,3.5072707440293387,OIS daily data_2025 to present.xlsx
2025-10-27,3.5181861016463567,OIS daily data_2025 to present.xlsx
2025-10-28,3.487837577441219,OIS daily data_2025 to present.xlsx
2025-10-29,3.490216850868053,OIS daily data_2025 to present.xlsx
2025-10-30,3.499776698964088,OIS daily data_2025 to present.xlsx
2025-10-31,3.48635015019592,OIS daily data_2025 to present.xlsx
2025-11-03,3.497508220757025,OIS daily data_2025 to present.xlsx
2025-11-04,3.4940367097537255,OIS daily data_2025 to present.xlsx
2025-11-05,3.5356769116636633,OIS daily data_2025 to present.xlsx
2025-11-06,3.5152938458788237,OIS daily data_2025 to present.xlsx
2025-11-07,3.518929353171351,OIS daily data_2025 to present.xlsx
2025-11-10,3.527569922958792,OIS daily data_2025 to present.xlsx
2025-11-11,3.4510726602143444,OIS daily data_2025 to present.xlsx
2025-11-12,3.4557379530758845,OIS daily data_2025 to present.xlsx
2025-11-13,3.478226045801115,OIS daily data_2025 to present.xlsx
2025-11-14,3.5525403310229584,OIS daily data_2025 to present.xlsx
2025-11-17,3.5282885030057107,OIS daily data_2025 to present.xlsx
2025-11-18,3.5186118658961734,OIS daily data_2025 to present.xlsx
2025-11-19,3.532826946413853,OIS daily data_2025 to present.xlsx
2025-11-20,3.5086618181251197,OIS daily data_2025 to present.xlsx
2025-11-21,3.4902745062448477,OIS daily data_2025 to present.xlsx
2025-11-24,3.5073760738412014,OIS daily data_2025 to present.xlsx
2025-11-25,3.4787168264910213,OIS daily data_2025 to present.xlsx
2025-11-26,3.4633676722469877,OIS daily data_2025 to present.xlsx
2025-11-27,3.472835156991052,OIS daily data_2025 to present.xlsx
2025-11-28,3.468765003495916,OIS daily data_2025 to present.xlsx
2025-12-01,3.4827252866593246,OIS daily data_2025 to present.xlsx
2025-12-02,3.474841976048135,OIS daily data_2025 to present.xlsx
2025-12-03,3.4631711288727454,OIS daily data_2025 to present.xlsx
2025-12-04,3.45505512579468,OIS daily data_2025 to present.xlsx
2025-12-05,3.493162985909742,OIS daily data_2025 to present.xlsx
2025-12-08,3.555379866773868,OIS daily data_2025 to present.xlsx
2025-12-09,3.537925537660189,OIS daily data_2025 to present.xlsx
2025-12-10,3.547578165390672,OIS daily data_2025 to present.xlsx
2025-12-11,3.519503772295249,OIS daily data_2025 to present.xlsx
2025-12-12,3.488769858699513,OIS daily data_2025 to present.xlsx
2025-12-15,3.4821296535033297,OIS daily data_2025 to present.xlsx
2025-12-16,3.5122036345128214,OIS daily data_2025 to present.xlsx
2025-12-17,3.449852218796342,OIS daily data_2025 to present.xlsx
2025-12-18,3.476596763218061,OIS daily data_2025 to present.xlsx
2025-12-19,3.4885061340432824,OIS daily data_2025 to present.xlsx
2025-12-22,3.4922076526466124,OIS daily data_2025 to present.xlsx
2025-12-23,3.4966561508940295,OIS daily data_2025 to present.xlsx
2025-12-24,3.5013350012958355,OIS daily data_2025 to present.xlsx
2025-12-29,3.4735758762811084,OIS daily data_2025 to present.xlsx
2025-12-30,3.461922902159828,OIS daily data_2025 to present.xlsx
2025-12-31,3.4541225373162883,OIS daily data_2025 to present.xlsx
2026-01-02,3.4641417056911554,OIS daily data_2025 to present.xlsx
2026-01-05,3.4543463945450323,OIS daily data_2025 to present.xlsx
2026-01-06,3.453997725548815,OIS daily data_2025 to present.xlsx
2026-01-07,3.425838247192206,OIS daily data_2025 to present.xlsx
2026-01-08,3.4293922133114845,OIS daily data_2025 to present.xlsx
2026-01-09,3.405668328800271,OIS daily data_2025 to present.xlsx
2026-01-12,3.41172859065362,OIS daily data_2025 to present.xlsx
2026-01-13,3.4242184549840777,OIS daily data_2025 to present.xlsx
2026-01-14,3.392540106966285,OIS daily data_2025 to present.xlsx
2026-01-15,3.442545767890298,OIS daily data_2025 to present.xlsx
2026-01-16,3.4416841842586754,OIS daily data_2025 to present.xlsx
2026-01-19,3.442846645604014,OIS daily data_2025 to present.xlsx
2026-01-20,3.453783053263425,OIS daily data_2025 to present.xlsx
2026-01-21,3.4436289250430323,OIS daily data_2025 to present.xlsx
2026-01-22,3.459690577958431,OIS daily data_2025 to present.xlsx
2026-01-23,3.5031007984428384,OIS daily data_2025 to present.xlsx
2026-01-26,3.5096736940390008,OIS daily data_2025 to present.xlsx
2026-01-27,3.524918415094519,OIS daily data_2025 to present.xlsx
2026-01-28,3.5242188175992526,OIS daily data_2025 to present.xlsx
2026-01-29,3.4975934592443414,OIS daily data_2025 to present.xlsx
2026-01-30,3.492607415871196,OIS daily data_2025 to present.xlsx
2026-02-02,3.492736631019348,OIS daily data_2025 to present.xlsx
2026-02-03,3.5053094731003696,OIS daily data_2025 to present.xlsx
2026-02-04,3.503016159573767,OIS daily data_2025 to present.xlsx
2026-02-05,3.4450572239051818,OIS daily data_2025 to present.xlsx
2026-02-06,3.4163957015220694,OIS daily data_2025 to present.xlsx
2026-02-09,3.4275799207434496,OIS daily data_2025 to present.xlsx
2026-02-10,3.44138752263474,OIS daily data_2025 to present.xlsx
2026-02-11,3.4302277185513637,OIS daily data_2025 to present.xlsx
2026-02-12,3.4065962654441173,OIS daily data_2025 to present.xlsx
2026-02-13,3.3835320884356617,OIS daily data_2025 to present.xlsx
2026-02-16,3.3787696518802846,OIS daily data_2025 to present.xlsx
2026-02-17,3.3787949122229577,OIS daily data_2025 to present.xlsx
2026-02-18,3.368403233044105,OIS daily data_2025 to present.xlsx
2026-02-19,3.3544897245830034,OIS daily data_2025 to present.xlsx
2026-02-20,3.3643324014247953,OIS daily data_2025 to present.xlsx
2026-02-23,3.3475957780266867,OIS daily data_2025 to present.xlsx
2026-02-24,3.360139751687762,OIS daily data_2025 to present.xlsx
2026-02-25,3.3669672847804226,OIS daily data_2025 to present.xlsx
2026-02-26,3.3342498160592218,OIS daily data_2025 to present.xlsx
2026-02-27,3.309541600703391,OIS daily data_2025 to present.xlsx
2026-03-02,3.457760371255944,OIS daily data_2025 to present.xlsx
2026-03-03,3.5369489331852444,OIS daily data_2025 to present.xlsx
2026-03-04,3.4906311846099674,OIS daily data_2025 to present.xlsx
2026-03-05,3.5953452728590953,OIS daily data_2025 to present.xlsx
2026-03-06,3.7106968785080516,OIS daily data_2025 to present.xlsx
2026-03-09,3.822122306801011,OIS daily data_2025 to present.xlsx
2026-03-10,3.6609624240188583,OIS daily data_2025 to present.xlsx
2026-03-11,3.8484698672421707,OIS daily data_2025 to present.xlsx
2026-03-12,3.941670101677623,OIS daily data_2025 to present.xlsx
2026-03-13,3.982327629841234,OIS daily data_2025 to present.xlsx
2026-03-16,3.920353831069692,OIS daily data_2025 to present.xlsx
2026-03-17,3.8805053981567363,OIS daily data_2025 to present.xlsx
2026-03-18,3.9314861127153584,OIS daily data_2025 to present.xlsx
2026-03-19,4.325915428392127,OIS daily data_2025 to present.xlsx
2026-03-20,4.402074573962319,OIS daily data_2025 to present.xlsx
2026-03-23,4.228111795010822,OIS daily data_2025 to present.xlsx
2026-03-24,4.336503120894793,OIS daily data_2025 to present.xlsx
2026-03-25,4.2331290120192975,OIS daily data_2025 to present.xlsx
2026-03-26,4.348172034886571,OIS daily data_2025 to present.xlsx
2026-03-27,4.292326161100716,OIS daily data_2025 to present.xlsx
2026-03-30,4.257211081746248,OIS daily data_2025 to present.xlsx
2026-03-31,4.162256394020794,OIS daily data_2025 to present.xlsx
2026-04-01,4.138307614389402,OIS daily data_2025 to present.xlsx
2026-04-02,4.160205485573024,OIS daily data_2025 to present.xlsx
2026-04-07,4.23052769566594,OIS daily data_2025 to present.xlsx
2026-04-08,3.998031827397518,OIS daily data_2025 to present.xlsx
2026-04-09,4.0084310767799485,OIS daily data_2025 to present.xlsx
2026-04-10,4.0822675557683015,OIS daily data_2025 to present.xlsx
2026-04-13,4.108220246944286,OIS daily data_2025 to present.xlsx
2026-04-14,4.014035398640806,OIS daily data_2025 to present.xlsx
2026-04-15,4.0452631281513955,OIS daily data_2025 to present.xlsx
2026-04-16,4.025955370129093,OIS daily data_2025 to present.xlsx
2026-04-17,3.8981253132725655,OIS daily data_2025 to present.xlsx
2026-04-20,3.993569865589275,OIS daily data_2025 to present.xlsx
2026-04-21,4.095420567971979,OIS daily data_2025 to present.xlsx
2026-04-22,4.1540604510854005,OIS daily data_2025 to present.xlsx
2026-04-23,4.204372506048987,OIS daily data_2025 to present.xlsx
2026-04-24,4.165639674822401,OIS daily data_2025 to present.xlsx
2026-04-27,4.226771783294601,OIS daily data_2025 to present.xlsx
2026-04-28,4.2863899103030585,OIS daily data_2025 to present.xlsx
2026-04-29,4.380620295650367,OIS daily data_2025 to present.xlsx
2026-04-30,4.258124646015327,OIS daily data_2025 to present.xlsx
2026-05-01,4.236382635717936,OIS daily data_2025 to present.xlsx
2026-05-05,4.348568445030105,OIS daily data_2025 to present.xlsx
2026-05-06,4.210065130468487,OIS daily data_2025 to present.xlsx
2026-05-07,4.216438240843398,OIS daily data_2025 to present.xlsx
2026-05-08,4.200459728354429,OIS daily data_2025 to present.xlsx
2026-05-11,4.325700814787934,OIS daily data_2025 to present.xlsx
2026-05-12,4.379058583542608,OIS daily data_2025 to present.xlsx
2026-05-13,4.322928470140354,OIS daily data_2025 to present.xlsx
2026-05-14,4.282931980428732,OIS daily data_2025 to present.xlsx
2026-05-15,4.391915117316562,OIS daily data_2025 to present.xlsx
2026-05-18,4.34863236302617,OIS daily data_2025 to present.xlsx
2026-05-19,4.361034302005655,OIS daily data_2025 to present.xlsx
2026-05-20,4.209894446958053,OIS daily data_2025 to present.xlsx
2026-05-21,4.192119392070535,OIS daily data_2025 to present.xlsx
2026-05-22,4.196976102847386,OIS daily data_2025 to present.xlsx
2026-05-26,4.146495516510814,OIS daily data_2025 to present.xlsx
2026-05-27,4.108401029049763,OIS daily data_2025 to present.xlsx
2026-05-28,4.069355575338653,OIS daily data_2025 to present.xlsx
2026-05-29,4.024661314925288,OIS daily data_2025 to present.xlsx
2026-06-01,4.161239472346555,OIS daily data_2025 to present.xlsx
2026-06-02,4.174357697446751,OIS daily data_2025 to present.xlsx
2026-06-03,4.207025245002493,OIS daily data_2025 to present.xlsx
2026-06-04,4.154412391250296,OIS daily data_2025 to present.xlsx
2026-06-05,4.1566173536229964,OIS daily data_2025 to present.xlsx
2026-06-08,4.238752617246624,OIS daily data_2025 to present.xlsx
2026-06-09,4.201815430848825,OIS daily data_2025 to present.xlsx
2026-06-10,4.232390783376703,OIS daily data_2025 to present.xlsx
2026-06-11,4.204602025767514,OIS daily data_2025 to present.xlsx
2026-06-12,4.057534708097781,OIS daily data_2025 to present.xlsx
2026-06-15,4.033400822482139,OIS daily data_2025 to present.xlsx
2026-06-16,4.026597476475305,OIS daily data_2025 to present.xlsx
2026-06-17,3.9996941835934927,OIS daily data_2025 to present.xlsx
2026-06-18,4.02159468776161,OIS daily data_2025 to present.xlsx
2026-06-19,4.084020513430862,OIS daily data_2025 to present.xlsx
2026-06-22,4.061710671238808,OIS daily data_2025 to present.xlsx
2026-06-23,4.022703013165171,OIS daily data_2025 to present.xlsx
2026-06-24,3.9806521245314155,OIS daily data_2025 to present.xlsx
2026-06-25,3.933696710337732,OIS daily data_2025 to present.xlsx
2026-06-26,3.9430339609061935,OIS daily data_2025 to present.xlsx
2026-06-29,3.967077815080977,OIS daily data_2025 to present.xlsx
2026-06-30,3.9836034617841256,OIS daily data_2025 to present.xlsx
2026-07-01,3.938766604406896,OIS daily data_2025 to present.xlsx
2026-07-02,3.94471849601888,OIS daily data_2025 to present.xlsx
2026-07-03,3.94118617894606,OIS daily data_2025 to present.xlsx
2026-07-06,3.953171898446359,OIS daily data_2025 to present.xlsx
2026-07-07,4.005873607432165,OIS daily data_2025 to present.xlsx
2026-07-08,4.137449956297466,OIS daily data_2025 to present.xlsx
2026-07-09,4.07806499255341,OIS daily data_2025 to present.xlsx
2026-07-10,4.0649316233693025,OIS daily data_2025 to present.xlsx
2026-07-13,4.227256229108397,OIS daily data_2025 to present.xlsx
2026-07-14,4.2060099579043415,OIS daily data_2025 to present.xlsx
2026-07-15,4.168264369844132,OIS daily data_2025 to present.xlsx
2026-07-16,4.1771330763259025,OIS daily data_2025 to present.xlsx
2026-07-17,4.234399945181223,OIS daily data_2025 to present.xlsx
2026-07-20,4.262571259328239,OIS daily data_2025 to present.xlsx
2026-07-21,4.261708134992853,OIS daily data_2025 to present.xlsx
2026-07-22,4.291927846585943,OIS daily data_2025 to present.xlsx
2026-07-23,4.3518823111704705,OIS daily data_2025 to present.xlsx
2026-07-24,4.283882435954452,OIS daily data_2025 to present.xlsx
2026-07-27,4.253739769214579,OIS daily data_2025 to present.xlsx
2026-07-28,4.181422096873742,OIS daily data_2025 to present.xlsx
2026-07-29,4.310184814743279,OIS daily data_2025 to present.xlsx
2026-07-30,4.18279660826135,OIS daily data_2025 to present.xlsx
2026-07-31,4.231618998278826,OIS daily data_2025 to present.xlsx
2026-08-03,4.166295543799036,OIS daily data_2025 to present.xlsx
2026-08-04,4.105723152016296,OIS daily data_2025 to present.xlsx
2026-08-05,4.096853456930058,OIS daily data_2025 to present.xlsx
2026-08-06,4.152392073382632,OIS daily data_2025 to present.xlsx
2026-08-07,4.130291864732529,OIS daily data_2025 to present.xlsx
2026-08-10,4.213894405472201,OIS daily data_2025 to present.xlsx
2026-08-11,4.177391903932175,OIS daily data_2025 to present.xlsx
2026-08-12,4.192373609532759,OIS daily data_2025 to present.xlsx
2026-08-13,4.1559460082832445,OIS daily data_2025 to present.xlsx
2026-08-14,4.202182152714083,OIS daily data_2025 to present.xlsx
2026-08-17,4.232963281531286,OIS daily data_2025 to present.xlsx
2026-08-18,4.255735609203683,OIS daily data_2025 to present.xlsx
2026-08-19,4.242250567552207,OIS daily data_2025 to present.xlsx
2026-08-20,4.230901782276224,OIS daily data_2025 to present.xlsx
2026-08-21,4.2120664282927,OIS daily data_2025 to present.xlsx
2026-08-24,4.2556636432988935,OIS daily data_2025 to present.xlsx
2026-08-25,4.187039246340597,OIS daily data_2025 to present.xlsx
2026-08-26,4.231247107015372,OIS daily data_2025 to present.xlsx
2026-08-27,4.213935429542288,OIS daily data_2025 to present.xlsx
2026-08-28,4.271077868494009,OIS daily data_2025 to present.xlsx
2026-09-01,4.404018594421876,OIS daily data_2025 to present.xlsx
2026-09-02,4.37885094600825,OIS daily data_2025 to present.xlsx
2026-09-03,4.294721533282238,OIS daily data_2025 to present.xlsx
2026-09-04,4.294533554034715,OIS daily data_2025 to present.xlsx
2026-09-07,4.340747083663954,OIS daily data_2025 to present.xlsx
2026-09-08,4.353528936622484,OIS daily data_2025 to present.xlsx
2026-09-09,4.448820007504954,OIS daily data_2025 to present.xlsx
2026-09-10,4.652039287489867,OIS daily data_2025 to present.xlsx
2026-09-11,4.58396067957227,OIS daily data_2025 to present.xlsx
2026-09-14,4.619076150245712,OIS daily data_2025 to present.xlsx
2026-09-15,4.645696652015657,OIS daily data_2025 to present.xlsx
2026-09-16,4.535732946126323,OIS daily data_2025 to present.xlsx
2026-09-17,4.570042227147941,OIS daily data_2025 to present.xlsx
2026-09-18,4.592500152802928,OIS daily data_2025 to present.xlsx
2026-09-21,4.527204400942943,OIS daily data_2025 to present.xlsx
2026-09-22,4.572387098903653,OIS daily data_2025 to present.xlsx
2026-09-23,4.704536897188582,OIS daily data_2025 to present.xlsx
2026-09-24,4.616456550680635,OIS daily data_2025 to present.xlsx
2026-09-25,4.556806049670896,OIS daily data_2025 to present.xlsx
2026-09-28,4.626021011256943,OIS daily data_2025 to present.xlsx
2026-09-29,4.649892538756077,OIS daily data_2025 to present.xlsx
2026-09-30,4.648013360380706,OIS daily data_2025 to present.xlsx
