date,jpy_mof_jgb_2y_pct,source_url,source_basis
2018-01-04,-0.138,https://www.mof.go.jp/english/policy/jgbs/reference/interest_rate/historical/jgbcme_all.csv,"MOF constant-maturity JGB secondary-market close 3pm, published next business day"
2018-01-05,-0.138,https://www.mof.go.jp/english/policy/jgbs/reference/interest_rate/historical/jgbcme_all.csv,"MOF constant-maturity JGB secondary-market close 3pm, published next business day"
2018-01-09,-0.139,https://www.mof.go.jp/english/policy/jgbs/reference/interest_rate/historical/jgbcme_all.csv,"MOF constant-maturity JGB secondary-market close 3pm, published next business day"
2018-01-10,-0.129,https://www.mof.go.jp/english/policy/jgbs/reference/interest_rate/historical/jgbcme_all.csv,"MOF constant-maturity JGB secondary-market close 3pm, published next business day"
2018-01-11,-0.134,https://www.mof.go.jp/english/policy/jgbs/reference/interest_rate/historical/jgbcme_all.csv,"MOF constant-maturity JGB secondary-market close 3pm, published next business day"
2018-01-12,-0.134,https://www.mof.go.jp/english/policy/jgbs/reference/interest_rate/historical/jgbcme_all.csv,"MOF constant-maturity JGB secondary-market close 3pm, published next business day"
2018-01-15,-0.14,https://www.mof.go.jp/english/policy/jgbs/reference/interest_rate/historical/jgbcme_all.csv,"MOF constant-maturity JGB secondary-market close 3pm, published next business day"
2018-01-16,-0.14,https://www.mof.go.jp/english/policy/jgbs/reference/interest_rate/historical/jgbcme_all.csv,"MOF constant-maturity JGB secondary-market close 3pm, published next business day"
2018-01-17,-0.13,https://www.mof.go.jp/english/policy/jgbs/reference/interest_rate/historical/jgbcme_all.csv,"MOF constant-maturity JGB secondary-market close 3pm, published next business day"
2018-01-18,-0.13,https://www.mof.go.jp/english/policy/jgbs/reference/interest_rate/historical/jgbcme_all.csv,"MOF constant-maturity JGB secondary-market close 3pm, published next business day"
2018-01-19,-0.136,https://www.mof.go.jp/english/policy/jgbs/reference/interest_rate/historical/jgbcme_all.csv,"MOF constant-maturity JGB secondary-market close 3pm, published next business day"
2018-01-22,-0.136,https://www.mof.go.jp/english/policy/jgbs/reference/interest_rate/historical/jgbcme_all.csv,"MOF constant-maturity JGB secondary-market close 3pm, published next business day"
2018-01-23,-0.142,https://www.mof.go.jp/english/policy/jgbs/reference/interest_rate/historical/jgbcme_all.csv,"MOF constant-maturity JGB secondary-market close 3pm, published next business day"
2018-01-24,-0.137,https://www.mof.go.jp/english/policy/jgbs/reference/interest_rate/historical/jgbcme_all.csv,"MOF constant-maturity JGB secondary-market close 3pm, published next business day"
2018-01-25,-0.132,https://www.mof.go.jp/english/policy/jgbs/reference/interest_rate/historical/jgbcme_all.csv,"MOF constant-maturity JGB secondary-market close 3pm, published next business day"
2018-01-26,-0.132,https://www.mof.go.jp/english/policy/jgbs/reference/interest_rate/historical/jgbcme_all.csv,"MOF constant-maturity JGB secondary-market close 3pm, published next business day"
2018-01-29,-0.128,https://www.mof.go.jp/english/policy/jgbs/reference/interest_rate/historical/jgbcme_all.csv,"MOF constant-maturity JGB secondary-market close 3pm, published next business day"
2018-01-30,-0.13,https://www.mof.go.jp/english/policy/jgbs/reference/interest_rate/historical/jgbcme_all.csv,"MOF constant-maturity JGB secondary-market close 3pm, published next business day"
2018-01-31,-0.137,https://www.mof.go.jp/english/policy/jgbs/reference/interest_rate/historical/jgbcme_all.csv,"MOF constant-maturity JGB secondary-market close 3pm, published next business day"
2018-02-01,-0.128,https://www.mof.go.jp/english/policy/jgbs/reference/interest_rate/historical/jgbcme_all.csv,"MOF constant-maturity JGB secondary-market close 3pm, published next business day"
2018-02-02,-0.131,https://www.mof.go.jp/english/policy/jgbs/reference/interest_rate/historical/jgbcme_all.csv,"MOF constant-maturity JGB secondary-market close 3pm, published next business day"
2018-02-05,-0.137,https://www.mof.go.jp/english/policy/jgbs/reference/interest_rate/historical/jgbcme_all.csv,"MOF constant-maturity JGB secondary-market close 3pm, published next business day"
2018-02-06,-0.142,https://www.mof.go.jp/english/policy/jgbs/reference/interest_rate/historical/jgbcme_all.csv,"MOF constant-maturity JGB secondary-market close 3pm, published next business day"
2018-02-07,-0.144,https://www.mof.go.jp/english/policy/jgbs/reference/interest_rate/historical/jgbcme_all.csv,"MOF constant-maturity JGB secondary-market close 3pm, published next business day"
2018-02-08,-0.148,https://www.mof.go.jp/english/policy/jgbs/reference/interest_rate/historical/jgbcme_all.csv,"MOF constant-maturity JGB secondary-market close 3pm, published next business day"
2018-02-09,-0.149,https://www.mof.go.jp/english/policy/jgbs/reference/interest_rate/historical/jgbcme_all.csv,"MOF constant-maturity JGB secondary-market close 3pm, published next business day"
2018-02-13,-0.154,https://www.mof.go.jp/english/policy/jgbs/reference/interest_rate/historical/jgbcme_all.csv,"MOF constant-maturity JGB secondary-market close 3pm, published next business day"
2018-02-14,-0.154,https://www.mof.go.jp/english/policy/jgbs/reference/interest_rate/historical/jgbcme_all.csv,"MOF constant-maturity JGB secondary-market close 3pm, published next business day"
2018-02-15,-0.159,https://www.mof.go.jp/english/policy/jgbs/reference/interest_rate/historical/jgbcme_all.csv,"MOF constant-maturity JGB secondary-market close 3pm, published next business day"
2018-02-16,-0.16,https://www.mof.go.jp/english/policy/jgbs/reference/interest_rate/historical/jgbcme_all.csv,"MOF constant-maturity JGB secondary-market close 3pm, published next business day"
2018-02-19,-0.151,https://www.mof.go.jp/english/policy/jgbs/reference/interest_rate/historical/jgbcme_all.csv,"MOF constant-maturity JGB secondary-market close 3pm, published next business day"
2018-02-20,-0.151,https://www.mof.go.jp/english/policy/jgbs/reference/interest_rate/historical/jgbcme_all.csv,"MOF constant-maturity JGB secondary-market close 3pm, published next business day"
2018-02-21,-0.151,https://www.mof.go.jp/english/policy/jgbs/reference/interest_rate/historical/jgbcme_all.csv,"MOF constant-maturity JGB secondary-market close 3pm, published next business day"
2018-02-22,-0.151,https://www.mof.go.jp/english/policy/jgbs/reference/interest_rate/historical/jgbcme_all.csv,"MOF constant-maturity JGB secondary-market close 3pm, published next business day"
2018-02-23,-0.153,https://www.mof.go.jp/english/policy/jgbs/reference/interest_rate/historical/jgbcme_all.csv,"MOF constant-maturity JGB secondary-market close 3pm, published next business day"
2018-02-26,-0.154,https://www.mof.go.jp/english/policy/jgbs/reference/interest_rate/historical/jgbcme_all.csv,"MOF constant-maturity JGB secondary-market close 3pm, published next business day"
2018-02-27,-0.162,https://www.mof.go.jp/english/policy/jgbs/reference/interest_rate/historical/jgbcme_all.csv,"MOF constant-maturity JGB secondary-market close 3pm, published next business day"
2018-02-28,-0.16,https://www.mof.go.jp/english/policy/jgbs/reference/interest_rate/historical/jgbcme_all.csv,"MOF constant-maturity JGB secondary-market close 3pm, published next business day"
2018-03-01,-0.16,https://www.mof.go.jp/english/policy/jgbs/reference/interest_rate/historical/jgbcme_all.csv,"MOF constant-maturity JGB secondary-market close 3pm, published next business day"
2018-03-02,-0.155,https://www.mof.go.jp/english/policy/jgbs/reference/interest_rate/historical/jgbcme_all.csv,"MOF constant-maturity JGB secondary-market close 3pm, published next business day"
2018-03-05,-0.173,https://www.mof.go.jp/english/policy/jgbs/reference/interest_rate/historical/jgbcme_all.csv,"MOF constant-maturity JGB secondary-market close 3pm, published next business day"
2018-03-06,-0.166,https://www.mof.go.jp/english/policy/jgbs/reference/interest_rate/historical/jgbcme_all.csv,"MOF constant-maturity JGB secondary-market close 3pm, published next business day"
2018-03-07,-0.162,https://www.mof.go.jp/english/policy/jgbs/reference/interest_rate/historical/jgbcme_all.csv,"MOF constant-maturity JGB secondary-market close 3pm, published next business day"
2018-03-08,-0.157,https://www.mof.go.jp/english/policy/jgbs/reference/interest_rate/historical/jgbcme_all.csv,"MOF constant-maturity JGB secondary-market close 3pm, published next business day"
2018-03-09,-0.157,https://www.mof.go.jp/english/policy/jgbs/reference/interest_rate/historical/jgbcme_all.csv,"MOF constant-maturity JGB secondary-market close 3pm, published next business day"
2018-03-12,-0.153,https://www.mof.go.jp/english/policy/jgbs/reference/interest_rate/historical/jgbcme_all.csv,"MOF constant-maturity JGB secondary-market close 3pm, published next business day"
2018-03-13,-0.154,https://www.mof.go.jp/english/policy/jgbs/reference/interest_rate/historical/jgbcme_all.csv,"MOF constant-maturity JGB secondary-market close 3pm, published next business day"
2018-03-14,-0.149,https://www.mof.go.jp/english/policy/jgbs/reference/interest_rate/historical/jgbcme_all.csv,"MOF constant-maturity JGB secondary-market close 3pm, published next business day"
2018-03-15,-0.145,https://www.mof.go.jp/english/policy/jgbs/reference/interest_rate/historical/jgbcme_all.csv,"MOF constant-maturity JGB secondary-market close 3pm, published next business day"
2018-03-16,-0.15,https://www.mof.go.jp/english/policy/jgbs/reference/interest_rate/historical/jgbcme_all.csv,"MOF constant-maturity JGB secondary-market close 3pm, published next business day"
2018-03-19,-0.151,https://www.mof.go.jp/english/policy/jgbs/reference/interest_rate/historical/jgbcme_all.csv,"MOF constant-maturity JGB secondary-market close 3pm, published next business day"
2018-03-20,-0.156,https://www.mof.go.jp/english/policy/jgbs/reference/interest_rate/historical/jgbcme_all.csv,"MOF constant-maturity JGB secondary-market close 3pm, published next business day"
2018-03-22,-0.157,https://www.mof.go.jp/english/policy/jgbs/reference/interest_rate/historical/jgbcme_all.csv,"MOF constant-maturity JGB secondary-market close 3pm, published next business day"
2018-03-23,-0.157,https://www.mof.go.jp/english/policy/jgbs/reference/interest_rate/historical/jgbcme_all.csv,"MOF constant-maturity JGB secondary-market close 3pm, published next business day"
2018-03-26,-0.158,https://www.mof.go.jp/english/policy/jgbs/reference/interest_rate/historical/jgbcme_all.csv,"MOF constant-maturity JGB secondary-market close 3pm, published next business day"
2018-03-27,-0.153,https://www.mof.go.jp/english/policy/jgbs/reference/interest_rate/historical/jgbcme_all.csv,"MOF constant-maturity JGB secondary-market close 3pm, published next business day"
2018-03-28,-0.154,https://www.mof.go.jp/english/policy/jgbs/reference/interest_rate/historical/jgbcme_all.csv,"MOF constant-maturity JGB secondary-market close 3pm, published next business day"
2018-03-29,-0.14,https://www.mof.go.jp/english/policy/jgbs/reference/interest_rate/historical/jgbcme_all.csv,"MOF constant-maturity JGB secondary-market close 3pm, published next business day"
2018-03-30,-0.137,https://www.mof.go.jp/english/policy/jgbs/reference/interest_rate/historical/jgbcme_all.csv,"MOF constant-maturity JGB secondary-market close 3pm, published next business day"
2018-04-02,-0.135,https://www.mof.go.jp/english/policy/jgbs/reference/interest_rate/historical/jgbcme_all.csv,"MOF constant-maturity JGB secondary-market close 3pm, published next business day"
2018-04-03,-0.141,https://www.mof.go.jp/english/policy/jgbs/reference/interest_rate/historical/jgbcme_all.csv,"MOF constant-maturity JGB secondary-market close 3pm, published next business day"
2018-04-04,-0.136,https://www.mof.go.jp/english/policy/jgbs/reference/interest_rate/historical/jgbcme_all.csv,"MOF constant-maturity JGB secondary-market close 3pm, published next business day"
2018-04-05,-0.133,https://www.mof.go.jp/english/policy/jgbs/reference/interest_rate/historical/jgbcme_all.csv,"MOF constant-maturity JGB secondary-market close 3pm, published next business day"
2018-04-06,-0.143,https://www.mof.go.jp/english/policy/jgbs/reference/interest_rate/historical/jgbcme_all.csv,"MOF constant-maturity JGB secondary-market close 3pm, published next business day"
2018-04-09,-0.147,https://www.mof.go.jp/english/policy/jgbs/reference/interest_rate/historical/jgbcme_all.csv,"MOF constant-maturity JGB secondary-market close 3pm, published next business day"
2018-04-10,-0.154,https://www.mof.go.jp/english/policy/jgbs/reference/interest_rate/historical/jgbcme_all.csv,"MOF constant-maturity JGB secondary-market close 3pm, published next business day"
2018-04-11,-0.158,https://www.mof.go.jp/english/policy/jgbs/reference/interest_rate/historical/jgbcme_all.csv,"MOF constant-maturity JGB secondary-market close 3pm, published next business day"
2018-04-12,-0.158,https://www.mof.go.jp/english/policy/jgbs/reference/interest_rate/historical/jgbcme_all.csv,"MOF constant-maturity JGB secondary-market close 3pm, published next business day"
2018-04-13,-0.159,https://www.mof.go.jp/english/policy/jgbs/reference/interest_rate/historical/jgbcme_all.csv,"MOF constant-maturity JGB secondary-market close 3pm, published next business day"
2018-04-16,-0.155,https://www.mof.go.jp/english/policy/jgbs/reference/interest_rate/historical/jgbcme_all.csv,"MOF constant-maturity JGB secondary-market close 3pm, published next business day"
2018-04-17,-0.155,https://www.mof.go.jp/english/policy/jgbs/reference/interest_rate/historical/jgbcme_all.csv,"MOF constant-maturity JGB secondary-market close 3pm, published next business day"
2018-04-18,-0.15,https://www.mof.go.jp/english/policy/jgbs/reference/interest_rate/historical/jgbcme_all.csv,"MOF constant-maturity JGB secondary-market close 3pm, published next business day"
2018-04-19,-0.141,https://www.mof.go.jp/english/policy/jgbs/reference/interest_rate/historical/jgbcme_all.csv,"MOF constant-maturity JGB secondary-market close 3pm, published next business day"
2018-04-20,-0.131,https://www.mof.go.jp/english/policy/jgbs/reference/interest_rate/historical/jgbcme_all.csv,"MOF constant-maturity JGB secondary-market close 3pm, published next business day"
2018-04-23,-0.132,https://www.mof.go.jp/english/policy/jgbs/reference/interest_rate/historical/jgbcme_all.csv,"MOF constant-maturity JGB secondary-market close 3pm, published next business day"
2018-04-24,-0.136,https://www.mof.go.jp/english/policy/jgbs/reference/interest_rate/historical/jgbcme_all.csv,"MOF constant-maturity JGB secondary-market close 3pm, published next business day"
2018-04-25,-0.135,https://www.mof.go.jp/english/policy/jgbs/reference/interest_rate/historical/jgbcme_all.csv,"MOF constant-maturity JGB secondary-market close 3pm, published next business day"
2018-04-26,-0.131,https://www.mof.go.jp/english/policy/jgbs/reference/interest_rate/historical/jgbcme_all.csv,"MOF constant-maturity JGB secondary-market close 3pm, published next business day"
2018-04-27,-0.137,https://www.mof.go.jp/english/policy/jgbs/reference/interest_rate/historical/jgbcme_all.csv,"MOF constant-maturity JGB secondary-market close 3pm, published next business day"
2018-05-01,-0.142,https://www.mof.go.jp/english/policy/jgbs/reference/interest_rate/historical/jgbcme_all.csv,"MOF constant-maturity JGB secondary-market close 3pm, published next business day"
2018-05-02,-0.138,https://www.mof.go.jp/english/policy/jgbs/reference/interest_rate/historical/jgbcme_all.csv,"MOF constant-maturity JGB secondary-market close 3pm, published next business day"
2018-05-07,-0.137,https://www.mof.go.jp/english/policy/jgbs/reference/interest_rate/historical/jgbcme_all.csv,"MOF constant-maturity JGB secondary-market close 3pm, published next business day"
2018-05-08,-0.132,https://www.mof.go.jp/english/policy/jgbs/reference/interest_rate/historical/jgbcme_all.csv,"MOF constant-maturity JGB secondary-market close 3pm, published next business day"
2018-05-09,-0.133,https://www.mof.go.jp/english/policy/jgbs/reference/interest_rate/historical/jgbcme_all.csv,"MOF constant-maturity JGB secondary-market close 3pm, published next business day"
2018-05-10,-0.138,https://www.mof.go.jp/english/policy/jgbs/reference/interest_rate/historical/jgbcme_all.csv,"MOF constant-maturity JGB secondary-market close 3pm, published next business day"
2018-05-11,-0.138,https://www.mof.go.jp/english/policy/jgbs/reference/interest_rate/historical/jgbcme_all.csv,"MOF constant-maturity JGB secondary-market close 3pm, published next business day"
2018-05-14,-0.139,https://www.mof.go.jp/english/policy/jgbs/reference/interest_rate/historical/jgbcme_all.csv,"MOF constant-maturity JGB secondary-market close 3pm, published next business day"
2018-05-15,-0.135,https://www.mof.go.jp/english/policy/jgbs/reference/interest_rate/historical/jgbcme_all.csv,"MOF constant-maturity JGB secondary-market close 3pm, published next business day"
2018-05-16,-0.14,https://www.mof.go.jp/english/policy/jgbs/reference/interest_rate/historical/jgbcme_all.csv,"MOF constant-maturity JGB secondary-market close 3pm, published next business day"
2018-05-17,-0.14,https://www.mof.go.jp/english/policy/jgbs/reference/interest_rate/historical/jgbcme_all.csv,"MOF constant-maturity JGB secondary-market close 3pm, published next business day"
2018-05-18,-0.135,https://www.mof.go.jp/english/policy/jgbs/reference/interest_rate/historical/jgbcme_all.csv,"MOF constant-maturity JGB secondary-market close 3pm, published next business day"
2018-05-21,-0.136,https://www.mof.go.jp/english/policy/jgbs/reference/interest_rate/historical/jgbcme_all.csv,"MOF constant-maturity JGB secondary-market close 3pm, published next business day"
2018-05-22,-0.141,https://www.mof.go.jp/english/policy/jgbs/reference/interest_rate/historical/jgbcme_all.csv,"MOF constant-maturity JGB secondary-market close 3pm, published next business day"
2018-05-23,-0.141,https://www.mof.go.jp/english/policy/jgbs/reference/interest_rate/historical/jgbcme_all.csv,"MOF constant-maturity JGB secondary-market close 3pm, published next business day"
2018-05-24,-0.142,https://www.mof.go.jp/english/policy/jgbs/reference/interest_rate/historical/jgbcme_all.csv,"MOF constant-maturity JGB secondary-market close 3pm, published next business day"
2018-05-25,-0.143,https://www.mof.go.jp/english/policy/jgbs/reference/interest_rate/historical/jgbcme_all.csv,"MOF constant-maturity JGB secondary-market close 3pm, published next business day"
2018-05-28,-0.144,https://www.mof.go.jp/english/policy/jgbs/reference/interest_rate/historical/jgbcme_all.csv,"MOF constant-maturity JGB secondary-market close 3pm, published next business day"
2018-05-29,-0.144,https://www.mof.go.jp/english/policy/jgbs/reference/interest_rate/historical/jgbcme_all.csv,"MOF constant-maturity JGB secondary-market close 3pm, published next business day"
2018-05-30,-0.148,https://www.mof.go.jp/english/policy/jgbs/reference/interest_rate/historical/jgbcme_all.csv,"MOF constant-maturity JGB secondary-market close 3pm, published next business day"
2018-05-31,-0.144,https://www.mof.go.jp/english/policy/jgbs/reference/interest_rate/historical/jgbcme_all.csv,"MOF constant-maturity JGB secondary-market close 3pm, published next business day"
2018-06-01,-0.145,https://www.mof.go.jp/english/policy/jgbs/reference/interest_rate/historical/jgbcme_all.csv,"MOF constant-maturity JGB secondary-market close 3pm, published next business day"
2018-06-04,-0.135,https://www.mof.go.jp/english/policy/jgbs/reference/interest_rate/historical/jgbcme_all.csv,"MOF constant-maturity JGB secondary-market close 3pm, published next business day"
2018-06-05,-0.131,https://www.mof.go.jp/english/policy/jgbs/reference/interest_rate/historical/jgbcme_all.csv,"MOF constant-maturity JGB secondary-market close 3pm, published next business day"
2018-06-06,-0.131,https://www.mof.go.jp/english/policy/jgbs/reference/interest_rate/historical/jgbcme_all.csv,"MOF constant-maturity JGB secondary-market close 3pm, published next business day"
2018-06-07,-0.131,https://www.mof.go.jp/english/policy/jgbs/reference/interest_rate/historical/jgbcme_all.csv,"MOF constant-maturity JGB secondary-market close 3pm, published next business day"
2018-06-08,-0.127,https://www.mof.go.jp/english/policy/jgbs/reference/interest_rate/historical/jgbcme_all.csv,"MOF constant-maturity JGB secondary-market close 3pm, published next business day"
2018-06-11,-0.133,https://www.mof.go.jp/english/policy/jgbs/reference/interest_rate/historical/jgbcme_all.csv,"MOF constant-maturity JGB secondary-market close 3pm, published next business day"
2018-06-12,-0.133,https://www.mof.go.jp/english/policy/jgbs/reference/interest_rate/historical/jgbcme_all.csv,"MOF constant-maturity JGB secondary-market close 3pm, published next business day"
2018-06-13,-0.133,https://www.mof.go.jp/english/policy/jgbs/reference/interest_rate/historical/jgbcme_all.csv,"MOF constant-maturity JGB secondary-market close 3pm, published next business day"
2018-06-14,-0.138,https://www.mof.go.jp/english/policy/jgbs/reference/interest_rate/historical/jgbcme_all.csv,"MOF constant-maturity JGB secondary-market close 3pm, published next business day"
2018-06-15,-0.138,https://www.mof.go.jp/english/policy/jgbs/reference/interest_rate/historical/jgbcme_all.csv,"MOF constant-maturity JGB secondary-market close 3pm, published next business day"
2018-06-18,-0.14,https://www.mof.go.jp/english/policy/jgbs/reference/interest_rate/historical/jgbcme_all.csv,"MOF constant-maturity JGB secondary-market close 3pm, published next business day"
2018-06-19,-0.135,https://www.mof.go.jp/english/policy/jgbs/reference/interest_rate/historical/jgbcme_all.csv,"MOF constant-maturity JGB secondary-market close 3pm, published next business day"
2018-06-20,-0.135,https://www.mof.go.jp/english/policy/jgbs/reference/interest_rate/historical/jgbcme_all.csv,"MOF constant-maturity JGB secondary-market close 3pm, published next business day"
2018-06-21,-0.136,https://www.mof.go.jp/english/policy/jgbs/reference/interest_rate/historical/jgbcme_all.csv,"MOF constant-maturity JGB secondary-market close 3pm, published next business day"
2018-06-22,-0.136,https://www.mof.go.jp/english/policy/jgbs/reference/interest_rate/historical/jgbcme_all.csv,"MOF constant-maturity JGB secondary-market close 3pm, published next business day"
2018-06-25,-0.137,https://www.mof.go.jp/english/policy/jgbs/reference/interest_rate/historical/jgbcme_all.csv,"MOF constant-maturity JGB secondary-market close 3pm, published next business day"
2018-06-26,-0.137,https://www.mof.go.jp/english/policy/jgbs/reference/interest_rate/historical/jgbcme_all.csv,"MOF constant-maturity JGB secondary-market close 3pm, published next business day"
2018-06-27,-0.133,https://www.mof.go.jp/english/policy/jgbs/reference/interest_rate/historical/jgbcme_all.csv,"MOF constant-maturity JGB secondary-market close 3pm, published next business day"
2018-06-28,-0.128,https://www.mof.go.jp/english/policy/jgbs/reference/interest_rate/historical/jgbcme_all.csv,"MOF constant-maturity JGB secondary-market close 3pm, published next business day"
2018-06-29,-0.129,https://www.mof.go.jp/english/policy/jgbs/reference/interest_rate/historical/jgbcme_all.csv,"MOF constant-maturity JGB secondary-market close 3pm, published next business day"
2018-07-02,-0.135,https://www.mof.go.jp/english/policy/jgbs/reference/interest_rate/historical/jgbcme_all.csv,"MOF constant-maturity JGB secondary-market close 3pm, published next business day"
2018-07-03,-0.13,https://www.mof.go.jp/english/policy/jgbs/reference/interest_rate/historical/jgbcme_all.csv,"MOF constant-maturity JGB secondary-market close 3pm, published next business day"
2018-07-04,-0.131,https://www.mof.go.jp/english/policy/jgbs/reference/interest_rate/historical/jgbcme_all.csv,"MOF constant-maturity JGB secondary-market close 3pm, published next business day"
2018-07-05,-0.131,https://www.mof.go.jp/english/policy/jgbs/reference/interest_rate/historical/jgbcme_all.csv,"MOF constant-maturity JGB secondary-market close 3pm, published next business day"
2018-07-06,-0.132,https://www.mof.go.jp/english/policy/jgbs/reference/interest_rate/historical/jgbcme_all.csv,"MOF constant-maturity JGB secondary-market close 3pm, published next business day"
2018-07-09,-0.132,https://www.mof.go.jp/english/policy/jgbs/reference/interest_rate/historical/jgbcme_all.csv,"MOF constant-maturity JGB secondary-market close 3pm, published next business day"
2018-07-10,-0.127,https://www.mof.go.jp/english/policy/jgbs/reference/interest_rate/historical/jgbcme_all.csv,"MOF constant-maturity JGB secondary-market close 3pm, published next business day"
2018-07-11,-0.133,https://www.mof.go.jp/english/policy/jgbs/reference/interest_rate/historical/jgbcme_all.csv,"MOF constant-maturity JGB secondary-market close 3pm, published next business day"
2018-07-12,-0.133,https://www.mof.go.jp/english/policy/jgbs/reference/interest_rate/historical/jgbcme_all.csv,"MOF constant-maturity JGB secondary-market close 3pm, published next business day"
2018-07-13,-0.133,https://www.mof.go.jp/english/policy/jgbs/reference/interest_rate/historical/jgbcme_all.csv,"MOF constant-maturity JGB secondary-market close 3pm, published next business day"
2018-07-17,-0.135,https://www.mof.go.jp/english/policy/jgbs/reference/interest_rate/historical/jgbcme_all.csv,"MOF constant-maturity JGB secondary-market close 3pm, published next business day"
2018-07-18,-0.13,https://www.mof.go.jp/english/policy/jgbs/reference/interest_rate/historical/jgbcme_all.csv,"MOF constant-maturity JGB secondary-market close 3pm, published next business day"
2018-07-19,-0.13,https://www.mof.go.jp/english/policy/jgbs/reference/interest_rate/historical/jgbcme_all.csv,"MOF constant-maturity JGB secondary-market close 3pm, published next business day"
2018-07-20,-0.127,https://www.mof.go.jp/english/policy/jgbs/reference/interest_rate/historical/jgbcme_all.csv,"MOF constant-maturity JGB secondary-market close 3pm, published next business day"
2018-07-23,-0.107,https://www.mof.go.jp/english/policy/jgbs/reference/interest_rate/historical/jgbcme_all.csv,"MOF constant-maturity JGB secondary-market close 3pm, published next business day"
2018-07-24,-0.123,https://www.mof.go.jp/english/policy/jgbs/reference/interest_rate/historical/jgbcme_all.csv,"MOF constant-maturity JGB secondary-market close 3pm, published next business day"
2018-07-25,-0.126,https://www.mof.go.jp/english/policy/jgbs/reference/interest_rate/historical/jgbcme_all.csv,"MOF constant-maturity JGB secondary-market close 3pm, published next business day"
2018-07-26,-0.119,https://www.mof.go.jp/english/policy/jgbs/reference/interest_rate/historical/jgbcme_all.csv,"MOF constant-maturity JGB secondary-market close 3pm, published next business day"
2018-07-27,-0.118,https://www.mof.go.jp/english/policy/jgbs/reference/interest_rate/historical/jgbcme_all.csv,"MOF constant-maturity JGB secondary-market close 3pm, published next business day"
2018-07-30,-0.119,https://www.mof.go.jp/english/policy/jgbs/reference/interest_rate/historical/jgbcme_all.csv,"MOF constant-maturity JGB secondary-market close 3pm, published next business day"
2018-07-31,-0.119,https://www.mof.go.jp/english/policy/jgbs/reference/interest_rate/historical/jgbcme_all.csv,"MOF constant-maturity JGB secondary-market close 3pm, published next business day"
2018-08-01,-0.09,https://www.mof.go.jp/english/policy/jgbs/reference/interest_rate/historical/jgbcme_all.csv,"MOF constant-maturity JGB secondary-market close 3pm, published next business day"
2018-08-02,-0.105,https://www.mof.go.jp/english/policy/jgbs/reference/interest_rate/historical/jgbcme_all.csv,"MOF constant-maturity JGB secondary-market close 3pm, published next business day"
2018-08-03,-0.11,https://www.mof.go.jp/english/policy/jgbs/reference/interest_rate/historical/jgbcme_all.csv,"MOF constant-maturity JGB secondary-market close 3pm, published next business day"
2018-08-06,-0.111,https://www.mof.go.jp/english/policy/jgbs/reference/interest_rate/historical/jgbcme_all.csv,"MOF constant-maturity JGB secondary-market close 3pm, published next business day"
2018-08-07,-0.112,https://www.mof.go.jp/english/policy/jgbs/reference/interest_rate/historical/jgbcme_all.csv,"MOF constant-maturity JGB secondary-market close 3pm, published next business day"
2018-08-08,-0.107,https://www.mof.go.jp/english/policy/jgbs/reference/interest_rate/historical/jgbcme_all.csv,"MOF constant-maturity JGB secondary-market close 3pm, published next business day"
2018-08-09,-0.112,https://www.mof.go.jp/english/policy/jgbs/reference/interest_rate/historical/jgbcme_all.csv,"MOF constant-maturity JGB secondary-market close 3pm, published next business day"
2018-08-10,-0.117,https://www.mof.go.jp/english/policy/jgbs/reference/interest_rate/historical/jgbcme_all.csv,"MOF constant-maturity JGB secondary-market close 3pm, published next business day"
2018-08-13,-0.118,https://www.mof.go.jp/english/policy/jgbs/reference/interest_rate/historical/jgbcme_all.csv,"MOF constant-maturity JGB secondary-market close 3pm, published next business day"
2018-08-14,-0.118,https://www.mof.go.jp/english/policy/jgbs/reference/interest_rate/historical/jgbcme_all.csv,"MOF constant-maturity JGB secondary-market close 3pm, published next business day"
2018-08-15,-0.118,https://www.mof.go.jp/english/policy/jgbs/reference/interest_rate/historical/jgbcme_all.csv,"MOF constant-maturity JGB secondary-market close 3pm, published next business day"
2018-08-16,-0.124,https://www.mof.go.jp/english/policy/jgbs/reference/interest_rate/historical/jgbcme_all.csv,"MOF constant-maturity JGB secondary-market close 3pm, published next business day"
2018-08-17,-0.129,https://www.mof.go.jp/english/policy/jgbs/reference/interest_rate/historical/jgbcme_all.csv,"MOF constant-maturity JGB secondary-market close 3pm, published next business day"
2018-08-20,-0.127,https://www.mof.go.jp/english/policy/jgbs/reference/interest_rate/historical/jgbcme_all.csv,"MOF constant-maturity JGB secondary-market close 3pm, published next business day"
2018-08-21,-0.127,https://www.mof.go.jp/english/policy/jgbs/reference/interest_rate/historical/jgbcme_all.csv,"MOF constant-maturity JGB secondary-market close 3pm, published next business day"
2018-08-22,-0.12,https://www.mof.go.jp/english/policy/jgbs/reference/interest_rate/historical/jgbcme_all.csv,"MOF constant-maturity JGB secondary-market close 3pm, published next business day"
2018-08-23,-0.123,https://www.mof.go.jp/english/policy/jgbs/reference/interest_rate/historical/jgbcme_all.csv,"MOF constant-maturity JGB secondary-market close 3pm, published next business day"
2018-08-24,-0.116,https://www.mof.go.jp/english/policy/jgbs/reference/interest_rate/historical/jgbcme_all.csv,"MOF constant-maturity JGB secondary-market close 3pm, published next business day"
2018-08-27,-0.116,https://www.mof.go.jp/english/policy/jgbs/reference/interest_rate/historical/jgbcme_all.csv,"MOF constant-maturity JGB secondary-market close 3pm, published next business day"
2018-08-28,-0.116,https://www.mof.go.jp/english/policy/jgbs/reference/interest_rate/historical/jgbcme_all.csv,"MOF constant-maturity JGB secondary-market close 3pm, published next business day"
2018-08-29,-0.117,https://www.mof.go.jp/english/policy/jgbs/reference/interest_rate/historical/jgbcme_all.csv,"MOF constant-maturity JGB secondary-market close 3pm, published next business day"
2018-08-30,-0.114,https://www.mof.go.jp/english/policy/jgbs/reference/interest_rate/historical/jgbcme_all.csv,"MOF constant-maturity JGB secondary-market close 3pm, published next business day"
2018-08-31,-0.119,https://www.mof.go.jp/english/policy/jgbs/reference/interest_rate/historical/jgbcme_all.csv,"MOF constant-maturity JGB secondary-market close 3pm, published next business day"
2018-09-03,-0.11,https://www.mof.go.jp/english/policy/jgbs/reference/interest_rate/historical/jgbcme_all.csv,"MOF constant-maturity JGB secondary-market close 3pm, published next business day"
2018-09-04,-0.116,https://www.mof.go.jp/english/policy/jgbs/reference/interest_rate/historical/jgbcme_all.csv,"MOF constant-maturity JGB secondary-market close 3pm, published next business day"
2018-09-05,-0.116,https://www.mof.go.jp/english/policy/jgbs/reference/interest_rate/historical/jgbcme_all.csv,"MOF constant-maturity JGB secondary-market close 3pm, published next business day"
2018-09-06,-0.116,https://www.mof.go.jp/english/policy/jgbs/reference/interest_rate/historical/jgbcme_all.csv,"MOF constant-maturity JGB secondary-market close 3pm, published next business day"
2018-09-07,-0.112,https://www.mof.go.jp/english/policy/jgbs/reference/interest_rate/historical/jgbcme_all.csv,"MOF constant-maturity JGB secondary-market close 3pm, published next business day"
2018-09-10,-0.112,https://www.mof.go.jp/english/policy/jgbs/reference/interest_rate/historical/jgbcme_all.csv,"MOF constant-maturity JGB secondary-market close 3pm, published next business day"
2018-09-11,-0.112,https://www.mof.go.jp/english/policy/jgbs/reference/interest_rate/historical/jgbcme_all.csv,"MOF constant-maturity JGB secondary-market close 3pm, published next business day"
2018-09-12,-0.112,https://www.mof.go.jp/english/policy/jgbs/reference/interest_rate/historical/jgbcme_all.csv,"MOF constant-maturity JGB secondary-market close 3pm, published next business day"
2018-09-13,-0.113,https://www.mof.go.jp/english/policy/jgbs/reference/interest_rate/historical/jgbcme_all.csv,"MOF constant-maturity JGB secondary-market close 3pm, published next business day"
2018-09-14,-0.113,https://www.mof.go.jp/english/policy/jgbs/reference/interest_rate/historical/jgbcme_all.csv,"MOF constant-maturity JGB secondary-market close 3pm, published next business day"
2018-09-18,-0.114,https://www.mof.go.jp/english/policy/jgbs/reference/interest_rate/historical/jgbcme_all.csv,"MOF constant-maturity JGB secondary-market close 3pm, published next business day"
2018-09-19,-0.109,https://www.mof.go.jp/english/policy/jgbs/reference/interest_rate/historical/jgbcme_all.csv,"MOF constant-maturity JGB secondary-market close 3pm, published next business day"
2018-09-20,-0.104,https://www.mof.go.jp/english/policy/jgbs/reference/interest_rate/historical/jgbcme_all.csv,"MOF constant-maturity JGB secondary-market close 3pm, published next business day"
2018-09-21,-0.104,https://www.mof.go.jp/english/policy/jgbs/reference/interest_rate/historical/jgbcme_all.csv,"MOF constant-maturity JGB secondary-market close 3pm, published next business day"
2018-09-25,-0.105,https://www.mof.go.jp/english/policy/jgbs/reference/interest_rate/historical/jgbcme_all.csv,"MOF constant-maturity JGB secondary-market close 3pm, published next business day"
2018-09-26,-0.11,https://www.mof.go.jp/english/policy/jgbs/reference/interest_rate/historical/jgbcme_all.csv,"MOF constant-maturity JGB secondary-market close 3pm, published next business day"
2018-09-27,-0.118,https://www.mof.go.jp/english/policy/jgbs/reference/interest_rate/historical/jgbcme_all.csv,"MOF constant-maturity JGB secondary-market close 3pm, published next business day"
2018-09-28,-0.114,https://www.mof.go.jp/english/policy/jgbs/reference/interest_rate/historical/jgbcme_all.csv,"MOF constant-maturity JGB secondary-market close 3pm, published next business day"
2018-10-01,-0.115,https://www.mof.go.jp/english/policy/jgbs/reference/interest_rate/historical/jgbcme_all.csv,"MOF constant-maturity JGB secondary-market close 3pm, published next business day"
2018-10-02,-0.115,https://www.mof.go.jp/english/policy/jgbs/reference/interest_rate/historical/jgbcme_all.csv,"MOF constant-maturity JGB secondary-market close 3pm, published next business day"
2018-10-03,-0.115,https://www.mof.go.jp/english/policy/jgbs/reference/interest_rate/historical/jgbcme_all.csv,"MOF constant-maturity JGB secondary-market close 3pm, published next business day"
2018-10-04,-0.11,https://www.mof.go.jp/english/policy/jgbs/reference/interest_rate/historical/jgbcme_all.csv,"MOF constant-maturity JGB secondary-market close 3pm, published next business day"
2018-10-05,-0.121,https://www.mof.go.jp/english/policy/jgbs/reference/interest_rate/historical/jgbcme_all.csv,"MOF constant-maturity JGB secondary-market close 3pm, published next business day"
2018-10-09,-0.116,https://www.mof.go.jp/english/policy/jgbs/reference/interest_rate/historical/jgbcme_all.csv,"MOF constant-maturity JGB secondary-market close 3pm, published next business day"
2018-10-10,-0.117,https://www.mof.go.jp/english/policy/jgbs/reference/interest_rate/historical/jgbcme_all.csv,"MOF constant-maturity JGB secondary-market close 3pm, published next business day"
2018-10-11,-0.117,https://www.mof.go.jp/english/policy/jgbs/reference/interest_rate/historical/jgbcme_all.csv,"MOF constant-maturity JGB secondary-market close 3pm, published next business day"
2018-10-12,-0.117,https://www.mof.go.jp/english/policy/jgbs/reference/interest_rate/historical/jgbcme_all.csv,"MOF constant-maturity JGB secondary-market close 3pm, published next business day"
2018-10-15,-0.118,https://www.mof.go.jp/english/policy/jgbs/reference/interest_rate/historical/jgbcme_all.csv,"MOF constant-maturity JGB secondary-market close 3pm, published next business day"
2018-10-16,-0.118,https://www.mof.go.jp/english/policy/jgbs/reference/interest_rate/historical/jgbcme_all.csv,"MOF constant-maturity JGB secondary-market close 3pm, published next business day"
2018-10-17,-0.12,https://www.mof.go.jp/english/policy/jgbs/reference/interest_rate/historical/jgbcme_all.csv,"MOF constant-maturity JGB secondary-market close 3pm, published next business day"
2018-10-18,-0.12,https://www.mof.go.jp/english/policy/jgbs/reference/interest_rate/historical/jgbcme_all.csv,"MOF constant-maturity JGB secondary-market close 3pm, published next business day"
2018-10-19,-0.119,https://www.mof.go.jp/english/policy/jgbs/reference/interest_rate/historical/jgbcme_all.csv,"MOF constant-maturity JGB secondary-market close 3pm, published next business day"
2018-10-22,-0.114,https://www.mof.go.jp/english/policy/jgbs/reference/interest_rate/historical/jgbcme_all.csv,"MOF constant-maturity JGB secondary-market close 3pm, published next business day"
2018-10-23,-0.114,https://www.mof.go.jp/english/policy/jgbs/reference/interest_rate/historical/jgbcme_all.csv,"MOF constant-maturity JGB secondary-market close 3pm, published next business day"
2018-10-24,-0.115,https://www.mof.go.jp/english/policy/jgbs/reference/interest_rate/historical/jgbcme_all.csv,"MOF constant-maturity JGB secondary-market close 3pm, published next business day"
2018-10-25,-0.119,https://www.mof.go.jp/english/policy/jgbs/reference/interest_rate/historical/jgbcme_all.csv,"MOF constant-maturity JGB secondary-market close 3pm, published next business day"
2018-10-26,-0.124,https://www.mof.go.jp/english/policy/jgbs/reference/interest_rate/historical/jgbcme_all.csv,"MOF constant-maturity JGB secondary-market close 3pm, published next business day"
2018-10-29,-0.124,https://www.mof.go.jp/english/policy/jgbs/reference/interest_rate/historical/jgbcme_all.csv,"MOF constant-maturity JGB secondary-market close 3pm, published next business day"
2018-10-30,-0.125,https://www.mof.go.jp/english/policy/jgbs/reference/interest_rate/historical/jgbcme_all.csv,"MOF constant-maturity JGB secondary-market close 3pm, published next business day"
2018-10-31,-0.125,https://www.mof.go.jp/english/policy/jgbs/reference/interest_rate/historical/jgbcme_all.csv,"MOF constant-maturity JGB secondary-market close 3pm, published next business day"
2018-11-01,-0.125,https://www.mof.go.jp/english/policy/jgbs/reference/interest_rate/historical/jgbcme_all.csv,"MOF constant-maturity JGB secondary-market close 3pm, published next business day"
2018-11-02,-0.13,https://www.mof.go.jp/english/policy/jgbs/reference/interest_rate/historical/jgbcme_all.csv,"MOF constant-maturity JGB secondary-market close 3pm, published next business day"
2018-11-05,-0.131,https://www.mof.go.jp/english/policy/jgbs/reference/interest_rate/historical/jgbcme_all.csv,"MOF constant-maturity JGB secondary-market close 3pm, published next business day"
2018-11-06,-0.131,https://www.mof.go.jp/english/policy/jgbs/reference/interest_rate/historical/jgbcme_all.csv,"MOF constant-maturity JGB secondary-market close 3pm, published next business day"
2018-11-07,-0.126,https://www.mof.go.jp/english/policy/jgbs/reference/interest_rate/historical/jgbcme_all.csv,"MOF constant-maturity JGB secondary-market close 3pm, published next business day"
2018-11-08,-0.132,https://www.mof.go.jp/english/policy/jgbs/reference/interest_rate/historical/jgbcme_all.csv,"MOF constant-maturity JGB secondary-market close 3pm, published next business day"
2018-11-09,-0.137,https://www.mof.go.jp/english/policy/jgbs/reference/interest_rate/historical/jgbcme_all.csv,"MOF constant-maturity JGB secondary-market close 3pm, published next business day"
2018-11-12,-0.138,https://www.mof.go.jp/english/policy/jgbs/reference/interest_rate/historical/jgbcme_all.csv,"MOF constant-maturity JGB secondary-market close 3pm, published next business day"
2018-11-13,-0.137,https://www.mof.go.jp/english/policy/jgbs/reference/interest_rate/historical/jgbcme_all.csv,"MOF constant-maturity JGB secondary-market close 3pm, published next business day"
2018-11-14,-0.143,https://www.mof.go.jp/english/policy/jgbs/reference/interest_rate/historical/jgbcme_all.csv,"MOF constant-maturity JGB secondary-market close 3pm, published next business day"
2018-11-15,-0.138,https://www.mof.go.jp/english/policy/jgbs/reference/interest_rate/historical/jgbcme_all.csv,"MOF constant-maturity JGB secondary-market close 3pm, published next business day"
2018-11-16,-0.144,https://www.mof.go.jp/english/policy/jgbs/reference/interest_rate/historical/jgbcme_all.csv,"MOF constant-maturity JGB secondary-market close 3pm, published next business day"
2018-11-19,-0.145,https://www.mof.go.jp/english/policy/jgbs/reference/interest_rate/historical/jgbcme_all.csv,"MOF constant-maturity JGB secondary-market close 3pm, published next business day"
2018-11-20,-0.142,https://www.mof.go.jp/english/policy/jgbs/reference/interest_rate/historical/jgbcme_all.csv,"MOF constant-maturity JGB secondary-market close 3pm, published next business day"
2018-11-21,-0.142,https://www.mof.go.jp/english/policy/jgbs/reference/interest_rate/historical/jgbcme_all.csv,"MOF constant-maturity JGB secondary-market close 3pm, published next business day"
2018-11-22,-0.142,https://www.mof.go.jp/english/policy/jgbs/reference/interest_rate/historical/jgbcme_all.csv,"MOF constant-maturity JGB secondary-market close 3pm, published next business day"
2018-11-26,-0.142,https://www.mof.go.jp/english/policy/jgbs/reference/interest_rate/historical/jgbcme_all.csv,"MOF constant-maturity JGB secondary-market close 3pm, published next business day"
2018-11-27,-0.142,https://www.mof.go.jp/english/policy/jgbs/reference/interest_rate/historical/jgbcme_all.csv,"MOF constant-maturity JGB secondary-market close 3pm, published next business day"
2018-11-28,-0.132,https://www.mof.go.jp/english/policy/jgbs/reference/interest_rate/historical/jgbcme_all.csv,"MOF constant-maturity JGB secondary-market close 3pm, published next business day"
2018-11-29,-0.139,https://www.mof.go.jp/english/policy/jgbs/reference/interest_rate/historical/jgbcme_all.csv,"MOF constant-maturity JGB secondary-market close 3pm, published next business day"
2018-11-30,-0.135,https://www.mof.go.jp/english/policy/jgbs/reference/interest_rate/historical/jgbcme_all.csv,"MOF constant-maturity JGB secondary-market close 3pm, published next business day"
2018-12-03,-0.13,https://www.mof.go.jp/english/policy/jgbs/reference/interest_rate/historical/jgbcme_all.csv,"MOF constant-maturity JGB secondary-market close 3pm, published next business day"
2018-12-04,-0.13,https://www.mof.go.jp/english/policy/jgbs/reference/interest_rate/historical/jgbcme_all.csv,"MOF constant-maturity JGB secondary-market close 3pm, published next business day"
2018-12-05,-0.136,https://www.mof.go.jp/english/policy/jgbs/reference/interest_rate/historical/jgbcme_all.csv,"MOF constant-maturity JGB secondary-market close 3pm, published next business day"
2018-12-06,-0.151,https://www.mof.go.jp/english/policy/jgbs/reference/interest_rate/historical/jgbcme_all.csv,"MOF constant-maturity JGB secondary-market close 3pm, published next business day"
2018-12-07,-0.141,https://www.mof.go.jp/english/policy/jgbs/reference/interest_rate/historical/jgbcme_all.csv,"MOF constant-maturity JGB secondary-market close 3pm, published next business day"
2018-12-10,-0.147,https://www.mof.go.jp/english/policy/jgbs/reference/interest_rate/historical/jgbcme_all.csv,"MOF constant-maturity JGB secondary-market close 3pm, published next business day"
2018-12-11,-0.142,https://www.mof.go.jp/english/policy/jgbs/reference/interest_rate/historical/jgbcme_all.csv,"MOF constant-maturity JGB secondary-market close 3pm, published next business day"
2018-12-12,-0.142,https://www.mof.go.jp/english/policy/jgbs/reference/interest_rate/historical/jgbcme_all.csv,"MOF constant-maturity JGB secondary-market close 3pm, published next business day"
2018-12-13,-0.147,https://www.mof.go.jp/english/policy/jgbs/reference/interest_rate/historical/jgbcme_all.csv,"MOF constant-maturity JGB secondary-market close 3pm, published next business day"
2018-12-14,-0.153,https://www.mof.go.jp/english/policy/jgbs/reference/interest_rate/historical/jgbcme_all.csv,"MOF constant-maturity JGB secondary-market close 3pm, published next business day"
2018-12-17,-0.157,https://www.mof.go.jp/english/policy/jgbs/reference/interest_rate/historical/jgbcme_all.csv,"MOF constant-maturity JGB secondary-market close 3pm, published next business day"
2018-12-18,-0.157,https://www.mof.go.jp/english/policy/jgbs/reference/interest_rate/historical/jgbcme_all.csv,"MOF constant-maturity JGB secondary-market close 3pm, published next business day"
2018-12-19,-0.151,https://www.mof.go.jp/english/policy/jgbs/reference/interest_rate/historical/jgbcme_all.csv,"MOF constant-maturity JGB secondary-market close 3pm, published next business day"
2018-12-20,-0.146,https://www.mof.go.jp/english/policy/jgbs/reference/interest_rate/historical/jgbcme_all.csv,"MOF constant-maturity JGB secondary-market close 3pm, published next business day"
2018-12-21,-0.143,https://www.mof.go.jp/english/policy/jgbs/reference/interest_rate/historical/jgbcme_all.csv,"MOF constant-maturity JGB secondary-market close 3pm, published next business day"
2018-12-25,-0.147,https://www.mof.go.jp/english/policy/jgbs/reference/interest_rate/historical/jgbcme_all.csv,"MOF constant-maturity JGB secondary-market close 3pm, published next business day"
2018-12-26,-0.124,https://www.mof.go.jp/english/policy/jgbs/reference/interest_rate/historical/jgbcme_all.csv,"MOF constant-maturity JGB secondary-market close 3pm, published next business day"
2018-12-27,-0.124,https://www.mof.go.jp/english/policy/jgbs/reference/interest_rate/historical/jgbcme_all.csv,"MOF constant-maturity JGB secondary-market close 3pm, published next business day"
2018-12-28,-0.139,https://www.mof.go.jp/english/policy/jgbs/reference/interest_rate/historical/jgbcme_all.csv,"MOF constant-maturity JGB secondary-market close 3pm, published next business day"
2019-01-04,-0.176,https://www.mof.go.jp/english/policy/jgbs/reference/interest_rate/historical/jgbcme_all.csv,"MOF constant-maturity JGB secondary-market close 3pm, published next business day"
2019-01-07,-0.166,https://www.mof.go.jp/english/policy/jgbs/reference/interest_rate/historical/jgbcme_all.csv,"MOF constant-maturity JGB secondary-market close 3pm, published next business day"
2019-01-08,-0.147,https://www.mof.go.jp/english/policy/jgbs/reference/interest_rate/historical/jgbcme_all.csv,"MOF constant-maturity JGB secondary-market close 3pm, published next business day"
2019-01-09,-0.147,https://www.mof.go.jp/english/policy/jgbs/reference/interest_rate/historical/jgbcme_all.csv,"MOF constant-maturity JGB secondary-market close 3pm, published next business day"
2019-01-10,-0.148,https://www.mof.go.jp/english/policy/jgbs/reference/interest_rate/historical/jgbcme_all.csv,"MOF constant-maturity JGB secondary-market close 3pm, published next business day"
2019-01-11,-0.153,https://www.mof.go.jp/english/policy/jgbs/reference/interest_rate/historical/jgbcme_all.csv,"MOF constant-maturity JGB secondary-market close 3pm, published next business day"
2019-01-15,-0.153,https://www.mof.go.jp/english/policy/jgbs/reference/interest_rate/historical/jgbcme_all.csv,"MOF constant-maturity JGB secondary-market close 3pm, published next business day"
2019-01-16,-0.164,https://www.mof.go.jp/english/policy/jgbs/reference/interest_rate/historical/jgbcme_all.csv,"MOF constant-maturity JGB secondary-market close 3pm, published next business day"
2019-01-17,-0.169,https://www.mof.go.jp/english/policy/jgbs/reference/interest_rate/historical/jgbcme_all.csv,"MOF constant-maturity JGB secondary-market close 3pm, published next business day"
2019-01-18,-0.17,https://www.mof.go.jp/english/policy/jgbs/reference/interest_rate/historical/jgbcme_all.csv,"MOF constant-maturity JGB secondary-market close 3pm, published next business day"
2019-01-21,-0.167,https://www.mof.go.jp/english/policy/jgbs/reference/interest_rate/historical/jgbcme_all.csv,"MOF constant-maturity JGB secondary-market close 3pm, published next business day"
2019-01-22,-0.167,https://www.mof.go.jp/english/policy/jgbs/reference/interest_rate/historical/jgbcme_all.csv,"MOF constant-maturity JGB secondary-market close 3pm, published next business day"
2019-01-23,-0.168,https://www.mof.go.jp/english/policy/jgbs/reference/interest_rate/historical/jgbcme_all.csv,"MOF constant-maturity JGB secondary-market close 3pm, published next business day"
2019-01-24,-0.162,https://www.mof.go.jp/english/policy/jgbs/reference/interest_rate/historical/jgbcme_all.csv,"MOF constant-maturity JGB secondary-market close 3pm, published next business day"
2019-01-25,-0.168,https://www.mof.go.jp/english/policy/jgbs/reference/interest_rate/historical/jgbcme_all.csv,"MOF constant-maturity JGB secondary-market close 3pm, published next business day"
2019-01-28,-0.164,https://www.mof.go.jp/english/policy/jgbs/reference/interest_rate/historical/jgbcme_all.csv,"MOF constant-maturity JGB secondary-market close 3pm, published next business day"
2019-01-29,-0.159,https://www.mof.go.jp/english/policy/jgbs/reference/interest_rate/historical/jgbcme_all.csv,"MOF constant-maturity JGB secondary-market close 3pm, published next business day"
2019-01-30,-0.159,https://www.mof.go.jp/english/policy/jgbs/reference/interest_rate/historical/jgbcme_all.csv,"MOF constant-maturity JGB secondary-market close 3pm, published next business day"
2019-01-31,-0.169,https://www.mof.go.jp/english/policy/jgbs/reference/interest_rate/historical/jgbcme_all.csv,"MOF constant-maturity JGB secondary-market close 3pm, published next business day"
2019-02-01,-0.179,https://www.mof.go.jp/english/policy/jgbs/reference/interest_rate/historical/jgbcme_all.csv,"MOF constant-maturity JGB secondary-market close 3pm, published next business day"
2019-02-04,-0.171,https://www.mof.go.jp/english/policy/jgbs/reference/interest_rate/historical/jgbcme_all.csv,"MOF constant-maturity JGB secondary-market close 3pm, published next business day"
2019-02-05,-0.166,https://www.mof.go.jp/english/policy/jgbs/reference/interest_rate/historical/jgbcme_all.csv,"MOF constant-maturity JGB secondary-market close 3pm, published next business day"
2019-02-06,-0.161,https://www.mof.go.jp/english/policy/jgbs/reference/interest_rate/historical/jgbcme_all.csv,"MOF constant-maturity JGB secondary-market close 3pm, published next business day"
2019-02-07,-0.156,https://www.mof.go.jp/english/policy/jgbs/reference/interest_rate/historical/jgbcme_all.csv,"MOF constant-maturity JGB secondary-market close 3pm, published next business day"
2019-02-08,-0.166,https://www.mof.go.jp/english/policy/jgbs/reference/interest_rate/historical/jgbcme_all.csv,"MOF constant-maturity JGB secondary-market close 3pm, published next business day"
2019-02-12,-0.163,https://www.mof.go.jp/english/policy/jgbs/reference/interest_rate/historical/jgbcme_all.csv,"MOF constant-maturity JGB secondary-market close 3pm, published next business day"
2019-02-13,-0.168,https://www.mof.go.jp/english/policy/jgbs/reference/interest_rate/historical/jgbcme_all.csv,"MOF constant-maturity JGB secondary-market close 3pm, published next business day"
2019-02-14,-0.168,https://www.mof.go.jp/english/policy/jgbs/reference/interest_rate/historical/jgbcme_all.csv,"MOF constant-maturity JGB secondary-market close 3pm, published next business day"
2019-02-15,-0.169,https://www.mof.go.jp/english/policy/jgbs/reference/interest_rate/historical/jgbcme_all.csv,"MOF constant-maturity JGB secondary-market close 3pm, published next business day"
2019-02-18,-0.176,https://www.mof.go.jp/english/policy/jgbs/reference/interest_rate/historical/jgbcme_all.csv,"MOF constant-maturity JGB secondary-market close 3pm, published next business day"
2019-02-19,-0.183,https://www.mof.go.jp/english/policy/jgbs/reference/interest_rate/historical/jgbcme_all.csv,"MOF constant-maturity JGB secondary-market close 3pm, published next business day"
2019-02-20,-0.182,https://www.mof.go.jp/english/policy/jgbs/reference/interest_rate/historical/jgbcme_all.csv,"MOF constant-maturity JGB secondary-market close 3pm, published next business day"
2019-02-21,-0.182,https://www.mof.go.jp/english/policy/jgbs/reference/interest_rate/historical/jgbcme_all.csv,"MOF constant-maturity JGB secondary-market close 3pm, published next business day"
2019-02-22,-0.178,https://www.mof.go.jp/english/policy/jgbs/reference/interest_rate/historical/jgbcme_all.csv,"MOF constant-maturity JGB secondary-market close 3pm, published next business day"
2019-02-25,-0.174,https://www.mof.go.jp/english/policy/jgbs/reference/interest_rate/historical/jgbcme_all.csv,"MOF constant-maturity JGB secondary-market close 3pm, published next business day"
2019-02-26,-0.169,https://www.mof.go.jp/english/policy/jgbs/reference/interest_rate/historical/jgbcme_all.csv,"MOF constant-maturity JGB secondary-market close 3pm, published next business day"
2019-02-27,-0.164,https://www.mof.go.jp/english/policy/jgbs/reference/interest_rate/historical/jgbcme_all.csv,"MOF constant-maturity JGB secondary-market close 3pm, published next business day"
2019-02-28,-0.154,https://www.mof.go.jp/english/policy/jgbs/reference/interest_rate/historical/jgbcme_all.csv,"MOF constant-maturity JGB secondary-market close 3pm, published next business day"
2019-03-01,-0.15,https://www.mof.go.jp/english/policy/jgbs/reference/interest_rate/historical/jgbcme_all.csv,"MOF constant-maturity JGB secondary-market close 3pm, published next business day"
2019-03-04,-0.146,https://www.mof.go.jp/english/policy/jgbs/reference/interest_rate/historical/jgbcme_all.csv,"MOF constant-maturity JGB secondary-market close 3pm, published next business day"
2019-03-05,-0.141,https://www.mof.go.jp/english/policy/jgbs/reference/interest_rate/historical/jgbcme_all.csv,"MOF constant-maturity JGB secondary-market close 3pm, published next business day"
2019-03-06,-0.146,https://www.mof.go.jp/english/policy/jgbs/reference/interest_rate/historical/jgbcme_all.csv,"MOF constant-maturity JGB secondary-market close 3pm, published next business day"
2019-03-07,-0.147,https://www.mof.go.jp/english/policy/jgbs/reference/interest_rate/historical/jgbcme_all.csv,"MOF constant-maturity JGB secondary-market close 3pm, published next business day"
2019-03-08,-0.147,https://www.mof.go.jp/english/policy/jgbs/reference/interest_rate/historical/jgbcme_all.csv,"MOF constant-maturity JGB secondary-market close 3pm, published next business day"
2019-03-11,-0.147,https://www.mof.go.jp/english/policy/jgbs/reference/interest_rate/historical/jgbcme_all.csv,"MOF constant-maturity JGB secondary-market close 3pm, published next business day"
2019-03-12,-0.153,https://www.mof.go.jp/english/policy/jgbs/reference/interest_rate/historical/jgbcme_all.csv,"MOF constant-maturity JGB secondary-market close 3pm, published next business day"
2019-03-13,-0.158,https://www.mof.go.jp/english/policy/jgbs/reference/interest_rate/historical/jgbcme_all.csv,"MOF constant-maturity JGB secondary-market close 3pm, published next business day"
2019-03-14,-0.163,https://www.mof.go.jp/english/policy/jgbs/reference/interest_rate/historical/jgbcme_all.csv,"MOF constant-maturity JGB secondary-market close 3pm, published next business day"
2019-03-15,-0.165,https://www.mof.go.jp/english/policy/jgbs/reference/interest_rate/historical/jgbcme_all.csv,"MOF constant-maturity JGB secondary-market close 3pm, published next business day"
2019-03-18,-0.161,https://www.mof.go.jp/english/policy/jgbs/reference/interest_rate/historical/jgbcme_all.csv,"MOF constant-maturity JGB secondary-market close 3pm, published next business day"
2019-03-19,-0.161,https://www.mof.go.jp/english/policy/jgbs/reference/interest_rate/historical/jgbcme_all.csv,"MOF constant-maturity JGB secondary-market close 3pm, published next business day"
2019-03-20,-0.162,https://www.mof.go.jp/english/policy/jgbs/reference/interest_rate/historical/jgbcme_all.csv,"MOF constant-maturity JGB secondary-market close 3pm, published next business day"
2019-03-22,-0.178,https://www.mof.go.jp/english/policy/jgbs/reference/interest_rate/historical/jgbcme_all.csv,"MOF constant-maturity JGB secondary-market close 3pm, published next business day"
2019-03-25,-0.182,https://www.mof.go.jp/english/policy/jgbs/reference/interest_rate/historical/jgbcme_all.csv,"MOF constant-maturity JGB secondary-market close 3pm, published next business day"
2019-03-26,-0.169,https://www.mof.go.jp/english/policy/jgbs/reference/interest_rate/historical/jgbcme_all.csv,"MOF constant-maturity JGB secondary-market close 3pm, published next business day"
2019-03-27,-0.17,https://www.mof.go.jp/english/policy/jgbs/reference/interest_rate/historical/jgbcme_all.csv,"MOF constant-maturity JGB secondary-market close 3pm, published next business day"
2019-03-28,-0.178,https://www.mof.go.jp/english/policy/jgbs/reference/interest_rate/historical/jgbcme_all.csv,"MOF constant-maturity JGB secondary-market close 3pm, published next business day"
2019-03-29,-0.183,https://www.mof.go.jp/english/policy/jgbs/reference/interest_rate/historical/jgbcme_all.csv,"MOF constant-maturity JGB secondary-market close 3pm, published next business day"
2019-04-01,-0.174,https://www.mof.go.jp/english/policy/jgbs/reference/interest_rate/historical/jgbcme_all.csv,"MOF constant-maturity JGB secondary-market close 3pm, published next business day"
2019-04-02,-0.16,https://www.mof.go.jp/english/policy/jgbs/reference/interest_rate/historical/jgbcme_all.csv,"MOF constant-maturity JGB secondary-market close 3pm, published next business day"
2019-04-03,-0.16,https://www.mof.go.jp/english/policy/jgbs/reference/interest_rate/historical/jgbcme_all.csv,"MOF constant-maturity JGB secondary-market close 3pm, published next business day"
2019-04-04,-0.156,https://www.mof.go.jp/english/policy/jgbs/reference/interest_rate/historical/jgbcme_all.csv,"MOF constant-maturity JGB secondary-market close 3pm, published next business day"
2019-04-05,-0.156,https://www.mof.go.jp/english/policy/jgbs/reference/interest_rate/historical/jgbcme_all.csv,"MOF constant-maturity JGB secondary-market close 3pm, published next business day"
2019-04-08,-0.157,https://www.mof.go.jp/english/policy/jgbs/reference/interest_rate/historical/jgbcme_all.csv,"MOF constant-maturity JGB secondary-market close 3pm, published next business day"
2019-04-09,-0.163,https://www.mof.go.jp/english/policy/jgbs/reference/interest_rate/historical/jgbcme_all.csv,"MOF constant-maturity JGB secondary-market close 3pm, published next business day"
2019-04-10,-0.168,https://www.mof.go.jp/english/policy/jgbs/reference/interest_rate/historical/jgbcme_all.csv,"MOF constant-maturity JGB secondary-market close 3pm, published next business day"
2019-04-11,-0.168,https://www.mof.go.jp/english/policy/jgbs/reference/interest_rate/historical/jgbcme_all.csv,"MOF constant-maturity JGB secondary-market close 3pm, published next business day"
2019-04-12,-0.169,https://www.mof.go.jp/english/policy/jgbs/reference/interest_rate/historical/jgbcme_all.csv,"MOF constant-maturity JGB secondary-market close 3pm, published next business day"
2019-04-15,-0.165,https://www.mof.go.jp/english/policy/jgbs/reference/interest_rate/historical/jgbcme_all.csv,"MOF constant-maturity JGB secondary-market close 3pm, published next business day"
2019-04-16,-0.155,https://www.mof.go.jp/english/policy/jgbs/reference/interest_rate/historical/jgbcme_all.csv,"MOF constant-maturity JGB secondary-market close 3pm, published next business day"
2019-04-17,-0.15,https://www.mof.go.jp/english/policy/jgbs/reference/interest_rate/historical/jgbcme_all.csv,"MOF constant-maturity JGB secondary-market close 3pm, published next business day"
2019-04-18,-0.156,https://www.mof.go.jp/english/policy/jgbs/reference/interest_rate/historical/jgbcme_all.csv,"MOF constant-maturity JGB secondary-market close 3pm, published next business day"
2019-04-19,-0.151,https://www.mof.go.jp/english/policy/jgbs/reference/interest_rate/historical/jgbcme_all.csv,"MOF constant-maturity JGB secondary-market close 3pm, published next business day"
2019-04-22,-0.152,https://www.mof.go.jp/english/policy/jgbs/reference/interest_rate/historical/jgbcme_all.csv,"MOF constant-maturity JGB secondary-market close 3pm, published next business day"
2019-04-23,-0.148,https://www.mof.go.jp/english/policy/jgbs/reference/interest_rate/historical/jgbcme_all.csv,"MOF constant-maturity JGB secondary-market close 3pm, published next business day"
2019-04-24,-0.152,https://www.mof.go.jp/english/policy/jgbs/reference/interest_rate/historical/jgbcme_all.csv,"MOF constant-maturity JGB secondary-market close 3pm, published next business day"
2019-04-25,-0.147,https://www.mof.go.jp/english/policy/jgbs/reference/interest_rate/historical/jgbcme_all.csv,"MOF constant-maturity JGB secondary-market close 3pm, published next business day"
2019-04-26,-0.153,https://www.mof.go.jp/english/policy/jgbs/reference/interest_rate/historical/jgbcme_all.csv,"MOF constant-maturity JGB secondary-market close 3pm, published next business day"
2019-05-07,-0.156,https://www.mof.go.jp/english/policy/jgbs/reference/interest_rate/historical/jgbcme_all.csv,"MOF constant-maturity JGB secondary-market close 3pm, published next business day"
2019-05-08,-0.156,https://www.mof.go.jp/english/policy/jgbs/reference/interest_rate/historical/jgbcme_all.csv,"MOF constant-maturity JGB secondary-market close 3pm, published next business day"
2019-05-09,-0.158,https://www.mof.go.jp/english/policy/jgbs/reference/interest_rate/historical/jgbcme_all.csv,"MOF constant-maturity JGB secondary-market close 3pm, published next business day"
2019-05-10,-0.158,https://www.mof.go.jp/english/policy/jgbs/reference/interest_rate/historical/jgbcme_all.csv,"MOF constant-maturity JGB secondary-market close 3pm, published next business day"
2019-05-13,-0.159,https://www.mof.go.jp/english/policy/jgbs/reference/interest_rate/historical/jgbcme_all.csv,"MOF constant-maturity JGB secondary-market close 3pm, published next business day"
2019-05-14,-0.159,https://www.mof.go.jp/english/policy/jgbs/reference/interest_rate/historical/jgbcme_all.csv,"MOF constant-maturity JGB secondary-market close 3pm, published next business day"
2019-05-15,-0.16,https://www.mof.go.jp/english/policy/jgbs/reference/interest_rate/historical/jgbcme_all.csv,"MOF constant-maturity JGB secondary-market close 3pm, published next business day"
2019-05-16,-0.166,https://www.mof.go.jp/english/policy/jgbs/reference/interest_rate/historical/jgbcme_all.csv,"MOF constant-maturity JGB secondary-market close 3pm, published next business day"
2019-05-17,-0.164,https://www.mof.go.jp/english/policy/jgbs/reference/interest_rate/historical/jgbcme_all.csv,"MOF constant-maturity JGB secondary-market close 3pm, published next business day"
2019-05-20,-0.154,https://www.mof.go.jp/english/policy/jgbs/reference/interest_rate/historical/jgbcme_all.csv,"MOF constant-maturity JGB secondary-market close 3pm, published next business day"
2019-05-21,-0.154,https://www.mof.go.jp/english/policy/jgbs/reference/interest_rate/historical/jgbcme_all.csv,"MOF constant-maturity JGB secondary-market close 3pm, published next business day"
2019-05-22,-0.152,https://www.mof.go.jp/english/policy/jgbs/reference/interest_rate/historical/jgbcme_all.csv,"MOF constant-maturity JGB secondary-market close 3pm, published next business day"
2019-05-23,-0.153,https://www.mof.go.jp/english/policy/jgbs/reference/interest_rate/historical/jgbcme_all.csv,"MOF constant-maturity JGB secondary-market close 3pm, published next business day"
2019-05-24,-0.155,https://www.mof.go.jp/english/policy/jgbs/reference/interest_rate/historical/jgbcme_all.csv,"MOF constant-maturity JGB secondary-market close 3pm, published next business day"
2019-05-27,-0.156,https://www.mof.go.jp/english/policy/jgbs/reference/interest_rate/historical/jgbcme_all.csv,"MOF constant-maturity JGB secondary-market close 3pm, published next business day"
2019-05-28,-0.162,https://www.mof.go.jp/english/policy/jgbs/reference/interest_rate/historical/jgbcme_all.csv,"MOF constant-maturity JGB secondary-market close 3pm, published next business day"
2019-05-29,-0.173,https://www.mof.go.jp/english/policy/jgbs/reference/interest_rate/historical/jgbcme_all.csv,"MOF constant-maturity JGB secondary-market close 3pm, published next business day"
2019-05-30,-0.169,https://www.mof.go.jp/english/policy/jgbs/reference/interest_rate/historical/jgbcme_all.csv,"MOF constant-maturity JGB secondary-market close 3pm, published next business day"
2019-05-31,-0.179,https://www.mof.go.jp/english/policy/jgbs/reference/interest_rate/historical/jgbcme_all.csv,"MOF constant-maturity JGB secondary-market close 3pm, published next business day"
2019-06-03,-0.18,https://www.mof.go.jp/english/policy/jgbs/reference/interest_rate/historical/jgbcme_all.csv,"MOF constant-maturity JGB secondary-market close 3pm, published next business day"
2019-06-04,-0.186,https://www.mof.go.jp/english/policy/jgbs/reference/interest_rate/historical/jgbcme_all.csv,"MOF constant-maturity JGB secondary-market close 3pm, published next business day"
2019-06-05,-0.221,https://www.mof.go.jp/english/policy/jgbs/reference/interest_rate/historical/jgbcme_all.csv,"MOF constant-maturity JGB secondary-market close 3pm, published next business day"
2019-06-06,-0.207,https://www.mof.go.jp/english/policy/jgbs/reference/interest_rate/historical/jgbcme_all.csv,"MOF constant-maturity JGB secondary-market close 3pm, published next business day"
2019-06-07,-0.197,https://www.mof.go.jp/english/policy/jgbs/reference/interest_rate/historical/jgbcme_all.csv,"MOF constant-maturity JGB secondary-market close 3pm, published next business day"
2019-06-10,-0.199,https://www.mof.go.jp/english/policy/jgbs/reference/interest_rate/historical/jgbcme_all.csv,"MOF constant-maturity JGB secondary-market close 3pm, published next business day"
2019-06-11,-0.194,https://www.mof.go.jp/english/policy/jgbs/reference/interest_rate/historical/jgbcme_all.csv,"MOF constant-maturity JGB secondary-market close 3pm, published next business day"
2019-06-12,-0.195,https://www.mof.go.jp/english/policy/jgbs/reference/interest_rate/historical/jgbcme_all.csv,"MOF constant-maturity JGB secondary-market close 3pm, published next business day"
2019-06-13,-0.2,https://www.mof.go.jp/english/policy/jgbs/reference/interest_rate/historical/jgbcme_all.csv,"MOF constant-maturity JGB secondary-market close 3pm, published next business day"
2019-06-14,-0.206,https://www.mof.go.jp/english/policy/jgbs/reference/interest_rate/historical/jgbcme_all.csv,"MOF constant-maturity JGB secondary-market close 3pm, published next business day"
2019-06-17,-0.196,https://www.mof.go.jp/english/policy/jgbs/reference/interest_rate/historical/jgbcme_all.csv,"MOF constant-maturity JGB secondary-market close 3pm, published next business day"
2019-06-18,-0.203,https://www.mof.go.jp/english/policy/jgbs/reference/interest_rate/historical/jgbcme_all.csv,"MOF constant-maturity JGB secondary-market close 3pm, published next business day"
2019-06-19,-0.214,https://www.mof.go.jp/english/policy/jgbs/reference/interest_rate/historical/jgbcme_all.csv,"MOF constant-maturity JGB secondary-market close 3pm, published next business day"
2019-06-20,-0.235,https://www.mof.go.jp/english/policy/jgbs/reference/interest_rate/historical/jgbcme_all.csv,"MOF constant-maturity JGB secondary-market close 3pm, published next business day"
2019-06-21,-0.239,https://www.mof.go.jp/english/policy/jgbs/reference/interest_rate/historical/jgbcme_all.csv,"MOF constant-maturity JGB secondary-market close 3pm, published next business day"
2019-06-24,-0.232,https://www.mof.go.jp/english/policy/jgbs/reference/interest_rate/historical/jgbcme_all.csv,"MOF constant-maturity JGB secondary-market close 3pm, published next business day"
2019-06-25,-0.228,https://www.mof.go.jp/english/policy/jgbs/reference/interest_rate/historical/jgbcme_all.csv,"MOF constant-maturity JGB secondary-market close 3pm, published next business day"
2019-06-26,-0.217,https://www.mof.go.jp/english/policy/jgbs/reference/interest_rate/historical/jgbcme_all.csv,"MOF constant-maturity JGB secondary-market close 3pm, published next business day"
2019-06-27,-0.213,https://www.mof.go.jp/english/policy/jgbs/reference/interest_rate/historical/jgbcme_all.csv,"MOF constant-maturity JGB secondary-market close 3pm, published next business day"
2019-06-28,-0.222,https://www.mof.go.jp/english/policy/jgbs/reference/interest_rate/historical/jgbcme_all.csv,"MOF constant-maturity JGB secondary-market close 3pm, published next business day"
2019-07-01,-0.224,https://www.mof.go.jp/english/policy/jgbs/reference/interest_rate/historical/jgbcme_all.csv,"MOF constant-maturity JGB secondary-market close 3pm, published next business day"
2019-07-02,-0.22,https://www.mof.go.jp/english/policy/jgbs/reference/interest_rate/historical/jgbcme_all.csv,"MOF constant-maturity JGB secondary-market close 3pm, published next business day"
2019-07-03,-0.225,https://www.mof.go.jp/english/policy/jgbs/reference/interest_rate/historical/jgbcme_all.csv,"MOF constant-maturity JGB secondary-market close 3pm, published next business day"
2019-07-04,-0.221,https://www.mof.go.jp/english/policy/jgbs/reference/interest_rate/historical/jgbcme_all.csv,"MOF constant-maturity JGB secondary-market close 3pm, published next business day"
2019-07-05,-0.211,https://www.mof.go.jp/english/policy/jgbs/reference/interest_rate/historical/jgbcme_all.csv,"MOF constant-maturity JGB secondary-market close 3pm, published next business day"
2019-07-08,-0.202,https://www.mof.go.jp/english/policy/jgbs/reference/interest_rate/historical/jgbcme_all.csv,"MOF constant-maturity JGB secondary-market close 3pm, published next business day"
2019-07-09,-0.197,https://www.mof.go.jp/english/policy/jgbs/reference/interest_rate/historical/jgbcme_all.csv,"MOF constant-maturity JGB secondary-market close 3pm, published next business day"
2019-07-10,-0.188,https://www.mof.go.jp/english/policy/jgbs/reference/interest_rate/historical/jgbcme_all.csv,"MOF constant-maturity JGB secondary-market close 3pm, published next business day"
2019-07-11,-0.194,https://www.mof.go.jp/english/policy/jgbs/reference/interest_rate/historical/jgbcme_all.csv,"MOF constant-maturity JGB secondary-market close 3pm, published next business day"
2019-07-12,-0.184,https://www.mof.go.jp/english/policy/jgbs/reference/interest_rate/historical/jgbcme_all.csv,"MOF constant-maturity JGB secondary-market close 3pm, published next business day"
2019-07-16,-0.191,https://www.mof.go.jp/english/policy/jgbs/reference/interest_rate/historical/jgbcme_all.csv,"MOF constant-maturity JGB secondary-market close 3pm, published next business day"
2019-07-17,-0.186,https://www.mof.go.jp/english/policy/jgbs/reference/interest_rate/historical/jgbcme_all.csv,"MOF constant-maturity JGB secondary-market close 3pm, published next business day"
2019-07-18,-0.197,https://www.mof.go.jp/english/policy/jgbs/reference/interest_rate/historical/jgbcme_all.csv,"MOF constant-maturity JGB secondary-market close 3pm, published next business day"
2019-07-19,-0.203,https://www.mof.go.jp/english/policy/jgbs/reference/interest_rate/historical/jgbcme_all.csv,"MOF constant-maturity JGB secondary-market close 3pm, published next business day"
2019-07-22,-0.204,https://www.mof.go.jp/english/policy/jgbs/reference/interest_rate/historical/jgbcme_all.csv,"MOF constant-maturity JGB secondary-market close 3pm, published next business day"
2019-07-23,-0.205,https://www.mof.go.jp/english/policy/jgbs/reference/interest_rate/historical/jgbcme_all.csv,"MOF constant-maturity JGB secondary-market close 3pm, published next business day"
2019-07-24,-0.206,https://www.mof.go.jp/english/policy/jgbs/reference/interest_rate/historical/jgbcme_all.csv,"MOF constant-maturity JGB secondary-market close 3pm, published next business day"
2019-07-25,-0.207,https://www.mof.go.jp/english/policy/jgbs/reference/interest_rate/historical/jgbcme_all.csv,"MOF constant-maturity JGB secondary-market close 3pm, published next business day"
2019-07-26,-0.212,https://www.mof.go.jp/english/policy/jgbs/reference/interest_rate/historical/jgbcme_all.csv,"MOF constant-maturity JGB secondary-market close 3pm, published next business day"
2019-07-29,-0.213,https://www.mof.go.jp/english/policy/jgbs/reference/interest_rate/historical/jgbcme_all.csv,"MOF constant-maturity JGB secondary-market close 3pm, published next business day"
2019-07-30,-0.213,https://www.mof.go.jp/english/policy/jgbs/reference/interest_rate/historical/jgbcme_all.csv,"MOF constant-maturity JGB secondary-market close 3pm, published next business day"
2019-07-31,-0.209,https://www.mof.go.jp/english/policy/jgbs/reference/interest_rate/historical/jgbcme_all.csv,"MOF constant-maturity JGB secondary-market close 3pm, published next business day"
2019-08-01,-0.189,https://www.mof.go.jp/english/policy/jgbs/reference/interest_rate/historical/jgbcme_all.csv,"MOF constant-maturity JGB secondary-market close 3pm, published next business day"
2019-08-02,-0.205,https://www.mof.go.jp/english/policy/jgbs/reference/interest_rate/historical/jgbcme_all.csv,"MOF constant-maturity JGB secondary-market close 3pm, published next business day"
2019-08-05,-0.216,https://www.mof.go.jp/english/policy/jgbs/reference/interest_rate/historical/jgbcme_all.csv,"MOF constant-maturity JGB secondary-market close 3pm, published next business day"
2019-08-06,-0.221,https://www.mof.go.jp/english/policy/jgbs/reference/interest_rate/historical/jgbcme_all.csv,"MOF constant-maturity JGB secondary-market close 3pm, published next business day"
2019-08-07,-0.237,https://www.mof.go.jp/english/policy/jgbs/reference/interest_rate/historical/jgbcme_all.csv,"MOF constant-maturity JGB secondary-market close 3pm, published next business day"
2019-08-08,-0.243,https://www.mof.go.jp/english/policy/jgbs/reference/interest_rate/historical/jgbcme_all.csv,"MOF constant-maturity JGB secondary-market close 3pm, published next business day"
2019-08-09,-0.273,https://www.mof.go.jp/english/policy/jgbs/reference/interest_rate/historical/jgbcme_all.csv,"MOF constant-maturity JGB secondary-market close 3pm, published next business day"
2019-08-13,-0.291,https://www.mof.go.jp/english/policy/jgbs/reference/interest_rate/historical/jgbcme_all.csv,"MOF constant-maturity JGB secondary-market close 3pm, published next business day"
2019-08-14,-0.277,https://www.mof.go.jp/english/policy/jgbs/reference/interest_rate/historical/jgbcme_all.csv,"MOF constant-maturity JGB secondary-market close 3pm, published next business day"
2019-08-15,-0.282,https://www.mof.go.jp/english/policy/jgbs/reference/interest_rate/historical/jgbcme_all.csv,"MOF constant-maturity JGB secondary-market close 3pm, published next business day"
2019-08-16,-0.279,https://www.mof.go.jp/english/policy/jgbs/reference/interest_rate/historical/jgbcme_all.csv,"MOF constant-maturity JGB secondary-market close 3pm, published next business day"
2019-08-19,-0.285,https://www.mof.go.jp/english/policy/jgbs/reference/interest_rate/historical/jgbcme_all.csv,"MOF constant-maturity JGB secondary-market close 3pm, published next business day"
2019-08-20,-0.295,https://www.mof.go.jp/english/policy/jgbs/reference/interest_rate/historical/jgbcme_all.csv,"MOF constant-maturity JGB secondary-market close 3pm, published next business day"
2019-08-21,-0.305,https://www.mof.go.jp/english/policy/jgbs/reference/interest_rate/historical/jgbcme_all.csv,"MOF constant-maturity JGB secondary-market close 3pm, published next business day"
2019-08-22,-0.313,https://www.mof.go.jp/english/policy/jgbs/reference/interest_rate/historical/jgbcme_all.csv,"MOF constant-maturity JGB secondary-market close 3pm, published next business day"
2019-08-23,-0.301,https://www.mof.go.jp/english/policy/jgbs/reference/interest_rate/historical/jgbcme_all.csv,"MOF constant-maturity JGB secondary-market close 3pm, published next business day"
2019-08-26,-0.323,https://www.mof.go.jp/english/policy/jgbs/reference/interest_rate/historical/jgbcme_all.csv,"MOF constant-maturity JGB secondary-market close 3pm, published next business day"
2019-08-27,-0.303,https://www.mof.go.jp/english/policy/jgbs/reference/interest_rate/historical/jgbcme_all.csv,"MOF constant-maturity JGB secondary-market close 3pm, published next business day"
2019-08-28,-0.304,https://www.mof.go.jp/english/policy/jgbs/reference/interest_rate/historical/jgbcme_all.csv,"MOF constant-maturity JGB secondary-market close 3pm, published next business day"
2019-08-29,-0.317,https://www.mof.go.jp/english/policy/jgbs/reference/interest_rate/historical/jgbcme_all.csv,"MOF constant-maturity JGB secondary-market close 3pm, published next business day"
2019-08-30,-0.307,https://www.mof.go.jp/english/policy/jgbs/reference/interest_rate/historical/jgbcme_all.csv,"MOF constant-maturity JGB secondary-market close 3pm, published next business day"
2019-09-02,-0.299,https://www.mof.go.jp/english/policy/jgbs/reference/interest_rate/historical/jgbcme_all.csv,"MOF constant-maturity JGB secondary-market close 3pm, published next business day"
2019-09-03,-0.295,https://www.mof.go.jp/english/policy/jgbs/reference/interest_rate/historical/jgbcme_all.csv,"MOF constant-maturity JGB secondary-market close 3pm, published next business day"
2019-09-04,-0.305,https://www.mof.go.jp/english/policy/jgbs/reference/interest_rate/historical/jgbcme_all.csv,"MOF constant-maturity JGB secondary-market close 3pm, published next business day"
2019-09-05,-0.296,https://www.mof.go.jp/english/policy/jgbs/reference/interest_rate/historical/jgbcme_all.csv,"MOF constant-maturity JGB secondary-market close 3pm, published next business day"
2019-09-06,-0.302,https://www.mof.go.jp/english/policy/jgbs/reference/interest_rate/historical/jgbcme_all.csv,"MOF constant-maturity JGB secondary-market close 3pm, published next business day"
2019-09-09,-0.319,https://www.mof.go.jp/english/policy/jgbs/reference/interest_rate/historical/jgbcme_all.csv,"MOF constant-maturity JGB secondary-market close 3pm, published next business day"
2019-09-10,-0.294,https://www.mof.go.jp/english/policy/jgbs/reference/interest_rate/historical/jgbcme_all.csv,"MOF constant-maturity JGB secondary-market close 3pm, published next business day"
2019-09-11,-0.279,https://www.mof.go.jp/english/policy/jgbs/reference/interest_rate/historical/jgbcme_all.csv,"MOF constant-maturity JGB secondary-market close 3pm, published next business day"
2019-09-12,-0.285,https://www.mof.go.jp/english/policy/jgbs/reference/interest_rate/historical/jgbcme_all.csv,"MOF constant-maturity JGB secondary-market close 3pm, published next business day"
2019-09-13,-0.251,https://www.mof.go.jp/english/policy/jgbs/reference/interest_rate/historical/jgbcme_all.csv,"MOF constant-maturity JGB secondary-market close 3pm, published next business day"
2019-09-17,-0.248,https://www.mof.go.jp/english/policy/jgbs/reference/interest_rate/historical/jgbcme_all.csv,"MOF constant-maturity JGB secondary-market close 3pm, published next business day"
2019-09-18,-0.269,https://www.mof.go.jp/english/policy/jgbs/reference/interest_rate/historical/jgbcme_all.csv,"MOF constant-maturity JGB secondary-market close 3pm, published next business day"
2019-09-19,-0.305,https://www.mof.go.jp/english/policy/jgbs/reference/interest_rate/historical/jgbcme_all.csv,"MOF constant-maturity JGB secondary-market close 3pm, published next business day"
2019-09-20,-0.31,https://www.mof.go.jp/english/policy/jgbs/reference/interest_rate/historical/jgbcme_all.csv,"MOF constant-maturity JGB secondary-market close 3pm, published next business day"
2019-09-24,-0.324,https://www.mof.go.jp/english/policy/jgbs/reference/interest_rate/historical/jgbcme_all.csv,"MOF constant-maturity JGB secondary-market close 3pm, published next business day"
2019-09-25,-0.346,https://www.mof.go.jp/english/policy/jgbs/reference/interest_rate/historical/jgbcme_all.csv,"MOF constant-maturity JGB secondary-market close 3pm, published next business day"
2019-09-26,-0.331,https://www.mof.go.jp/english/policy/jgbs/reference/interest_rate/historical/jgbcme_all.csv,"MOF constant-maturity JGB secondary-market close 3pm, published next business day"
2019-09-27,-0.321,https://www.mof.go.jp/english/policy/jgbs/reference/interest_rate/historical/jgbcme_all.csv,"MOF constant-maturity JGB secondary-market close 3pm, published next business day"
2019-09-30,-0.323,https://www.mof.go.jp/english/policy/jgbs/reference/interest_rate/historical/jgbcme_all.csv,"MOF constant-maturity JGB secondary-market close 3pm, published next business day"
2019-10-01,-0.294,https://www.mof.go.jp/english/policy/jgbs/reference/interest_rate/historical/jgbcme_all.csv,"MOF constant-maturity JGB secondary-market close 3pm, published next business day"
2019-10-02,-0.309,https://www.mof.go.jp/english/policy/jgbs/reference/interest_rate/historical/jgbcme_all.csv,"MOF constant-maturity JGB secondary-market close 3pm, published next business day"
2019-10-03,-0.325,https://www.mof.go.jp/english/policy/jgbs/reference/interest_rate/historical/jgbcme_all.csv,"MOF constant-maturity JGB secondary-market close 3pm, published next business day"
2019-10-04,-0.335,https://www.mof.go.jp/english/policy/jgbs/reference/interest_rate/historical/jgbcme_all.csv,"MOF constant-maturity JGB secondary-market close 3pm, published next business day"
2019-10-07,-0.338,https://www.mof.go.jp/english/policy/jgbs/reference/interest_rate/historical/jgbcme_all.csv,"MOF constant-maturity JGB secondary-market close 3pm, published next business day"
2019-10-08,-0.323,https://www.mof.go.jp/english/policy/jgbs/reference/interest_rate/historical/jgbcme_all.csv,"MOF constant-maturity JGB secondary-market close 3pm, published next business day"
2019-10-09,-0.324,https://www.mof.go.jp/english/policy/jgbs/reference/interest_rate/historical/jgbcme_all.csv,"MOF constant-maturity JGB secondary-market close 3pm, published next business day"
2019-10-10,-0.315,https://www.mof.go.jp/english/policy/jgbs/reference/interest_rate/historical/jgbcme_all.csv,"MOF constant-maturity JGB secondary-market close 3pm, published next business day"
2019-10-11,-0.295,https://www.mof.go.jp/english/policy/jgbs/reference/interest_rate/historical/jgbcme_all.csv,"MOF constant-maturity JGB secondary-market close 3pm, published next business day"
2019-10-15,-0.281,https://www.mof.go.jp/english/policy/jgbs/reference/interest_rate/historical/jgbcme_all.csv,"MOF constant-maturity JGB secondary-market close 3pm, published next business day"
2019-10-16,-0.267,https://www.mof.go.jp/english/policy/jgbs/reference/interest_rate/historical/jgbcme_all.csv,"MOF constant-maturity JGB secondary-market close 3pm, published next business day"
2019-10-17,-0.254,https://www.mof.go.jp/english/policy/jgbs/reference/interest_rate/historical/jgbcme_all.csv,"MOF constant-maturity JGB secondary-market close 3pm, published next business day"
2019-10-18,-0.244,https://www.mof.go.jp/english/policy/jgbs/reference/interest_rate/historical/jgbcme_all.csv,"MOF constant-maturity JGB secondary-market close 3pm, published next business day"
2019-10-21,-0.245,https://www.mof.go.jp/english/policy/jgbs/reference/interest_rate/historical/jgbcme_all.csv,"MOF constant-maturity JGB secondary-market close 3pm, published next business day"
2019-10-23,-0.252,https://www.mof.go.jp/english/policy/jgbs/reference/interest_rate/historical/jgbcme_all.csv,"MOF constant-maturity JGB secondary-market close 3pm, published next business day"
2019-10-24,-0.256,https://www.mof.go.jp/english/policy/jgbs/reference/interest_rate/historical/jgbcme_all.csv,"MOF constant-maturity JGB secondary-market close 3pm, published next business day"
2019-10-25,-0.243,https://www.mof.go.jp/english/policy/jgbs/reference/interest_rate/historical/jgbcme_all.csv,"MOF constant-maturity JGB secondary-market close 3pm, published next business day"
2019-10-28,-0.219,https://www.mof.go.jp/english/policy/jgbs/reference/interest_rate/historical/jgbcme_all.csv,"MOF constant-maturity JGB secondary-market close 3pm, published next business day"
2019-10-29,-0.208,https://www.mof.go.jp/english/policy/jgbs/reference/interest_rate/historical/jgbcme_all.csv,"MOF constant-maturity JGB secondary-market close 3pm, published next business day"
2019-10-30,-0.218,https://www.mof.go.jp/english/policy/jgbs/reference/interest_rate/historical/jgbcme_all.csv,"MOF constant-maturity JGB secondary-market close 3pm, published next business day"
2019-10-31,-0.239,https://www.mof.go.jp/english/policy/jgbs/reference/interest_rate/historical/jgbcme_all.csv,"MOF constant-maturity JGB secondary-market close 3pm, published next business day"
2019-11-01,-0.274,https://www.mof.go.jp/english/policy/jgbs/reference/interest_rate/historical/jgbcme_all.csv,"MOF constant-maturity JGB secondary-market close 3pm, published next business day"
2019-11-05,-0.241,https://www.mof.go.jp/english/policy/jgbs/reference/interest_rate/historical/jgbcme_all.csv,"MOF constant-maturity JGB secondary-market close 3pm, published next business day"
2019-11-06,-0.192,https://www.mof.go.jp/english/policy/jgbs/reference/interest_rate/historical/jgbcme_all.csv,"MOF constant-maturity JGB secondary-market close 3pm, published next business day"
2019-11-07,-0.192,https://www.mof.go.jp/english/policy/jgbs/reference/interest_rate/historical/jgbcme_all.csv,"MOF constant-maturity JGB secondary-market close 3pm, published next business day"
2019-11-08,-0.177,https://www.mof.go.jp/english/policy/jgbs/reference/interest_rate/historical/jgbcme_all.csv,"MOF constant-maturity JGB secondary-market close 3pm, published next business day"
2019-11-11,-0.194,https://www.mof.go.jp/english/policy/jgbs/reference/interest_rate/historical/jgbcme_all.csv,"MOF constant-maturity JGB secondary-market close 3pm, published next business day"
2019-11-12,-0.174,https://www.mof.go.jp/english/policy/jgbs/reference/interest_rate/historical/jgbcme_all.csv,"MOF constant-maturity JGB secondary-market close 3pm, published next business day"
2019-11-13,-0.195,https://www.mof.go.jp/english/policy/jgbs/reference/interest_rate/historical/jgbcme_all.csv,"MOF constant-maturity JGB secondary-market close 3pm, published next business day"
2019-11-14,-0.205,https://www.mof.go.jp/english/policy/jgbs/reference/interest_rate/historical/jgbcme_all.csv,"MOF constant-maturity JGB secondary-market close 3pm, published next business day"
2019-11-15,-0.2,https://www.mof.go.jp/english/policy/jgbs/reference/interest_rate/historical/jgbcme_all.csv,"MOF constant-maturity JGB secondary-market close 3pm, published next business day"
2019-11-18,-0.206,https://www.mof.go.jp/english/policy/jgbs/reference/interest_rate/historical/jgbcme_all.csv,"MOF constant-maturity JGB secondary-market close 3pm, published next business day"
2019-11-19,-0.208,https://www.mof.go.jp/english/policy/jgbs/reference/interest_rate/historical/jgbcme_all.csv,"MOF constant-maturity JGB secondary-market close 3pm, published next business day"
2019-11-20,-0.214,https://www.mof.go.jp/english/policy/jgbs/reference/interest_rate/historical/jgbcme_all.csv,"MOF constant-maturity JGB secondary-market close 3pm, published next business day"
2019-11-21,-0.199,https://www.mof.go.jp/english/policy/jgbs/reference/interest_rate/historical/jgbcme_all.csv,"MOF constant-maturity JGB secondary-market close 3pm, published next business day"
2019-11-22,-0.191,https://www.mof.go.jp/english/policy/jgbs/reference/interest_rate/historical/jgbcme_all.csv,"MOF constant-maturity JGB secondary-market close 3pm, published next business day"
2019-11-25,-0.191,https://www.mof.go.jp/english/policy/jgbs/reference/interest_rate/historical/jgbcme_all.csv,"MOF constant-maturity JGB secondary-market close 3pm, published next business day"
2019-11-26,-0.194,https://www.mof.go.jp/english/policy/jgbs/reference/interest_rate/historical/jgbcme_all.csv,"MOF constant-maturity JGB secondary-market close 3pm, published next business day"
2019-11-27,-0.2,https://www.mof.go.jp/english/policy/jgbs/reference/interest_rate/historical/jgbcme_all.csv,"MOF constant-maturity JGB secondary-market close 3pm, published next business day"
2019-11-28,-0.179,https://www.mof.go.jp/english/policy/jgbs/reference/interest_rate/historical/jgbcme_all.csv,"MOF constant-maturity JGB secondary-market close 3pm, published next business day"
2019-11-29,-0.179,https://www.mof.go.jp/english/policy/jgbs/reference/interest_rate/historical/jgbcme_all.csv,"MOF constant-maturity JGB secondary-market close 3pm, published next business day"
2019-12-02,-0.17,https://www.mof.go.jp/english/policy/jgbs/reference/interest_rate/historical/jgbcme_all.csv,"MOF constant-maturity JGB secondary-market close 3pm, published next business day"
2019-12-03,-0.156,https://www.mof.go.jp/english/policy/jgbs/reference/interest_rate/historical/jgbcme_all.csv,"MOF constant-maturity JGB secondary-market close 3pm, published next business day"
2019-12-04,-0.156,https://www.mof.go.jp/english/policy/jgbs/reference/interest_rate/historical/jgbcme_all.csv,"MOF constant-maturity JGB secondary-market close 3pm, published next business day"
2019-12-05,-0.152,https://www.mof.go.jp/english/policy/jgbs/reference/interest_rate/historical/jgbcme_all.csv,"MOF constant-maturity JGB secondary-market close 3pm, published next business day"
2019-12-06,-0.132,https://www.mof.go.jp/english/policy/jgbs/reference/interest_rate/historical/jgbcme_all.csv,"MOF constant-maturity JGB secondary-market close 3pm, published next business day"
2019-12-09,-0.117,https://www.mof.go.jp/english/policy/jgbs/reference/interest_rate/historical/jgbcme_all.csv,"MOF constant-maturity JGB secondary-market close 3pm, published next business day"
2019-12-10,-0.118,https://www.mof.go.jp/english/policy/jgbs/reference/interest_rate/historical/jgbcme_all.csv,"MOF constant-maturity JGB secondary-market close 3pm, published next business day"
2019-12-11,-0.108,https://www.mof.go.jp/english/policy/jgbs/reference/interest_rate/historical/jgbcme_all.csv,"MOF constant-maturity JGB secondary-market close 3pm, published next business day"
2019-12-12,-0.129,https://www.mof.go.jp/english/policy/jgbs/reference/interest_rate/historical/jgbcme_all.csv,"MOF constant-maturity JGB secondary-market close 3pm, published next business day"
2019-12-13,-0.13,https://www.mof.go.jp/english/policy/jgbs/reference/interest_rate/historical/jgbcme_all.csv,"MOF constant-maturity JGB secondary-market close 3pm, published next business day"
2019-12-16,-0.137,https://www.mof.go.jp/english/policy/jgbs/reference/interest_rate/historical/jgbcme_all.csv,"MOF constant-maturity JGB secondary-market close 3pm, published next business day"
2019-12-17,-0.125,https://www.mof.go.jp/english/policy/jgbs/reference/interest_rate/historical/jgbcme_all.csv,"MOF constant-maturity JGB secondary-market close 3pm, published next business day"
2019-12-18,-0.127,https://www.mof.go.jp/english/policy/jgbs/reference/interest_rate/historical/jgbcme_all.csv,"MOF constant-maturity JGB secondary-market close 3pm, published next business day"
2019-12-19,-0.113,https://www.mof.go.jp/english/policy/jgbs/reference/interest_rate/historical/jgbcme_all.csv,"MOF constant-maturity JGB secondary-market close 3pm, published next business day"
2019-12-20,-0.103,https://www.mof.go.jp/english/policy/jgbs/reference/interest_rate/historical/jgbcme_all.csv,"MOF constant-maturity JGB secondary-market close 3pm, published next business day"
2019-12-23,-0.098,https://www.mof.go.jp/english/policy/jgbs/reference/interest_rate/historical/jgbcme_all.csv,"MOF constant-maturity JGB secondary-market close 3pm, published next business day"
2019-12-24,-0.097,https://www.mof.go.jp/english/policy/jgbs/reference/interest_rate/historical/jgbcme_all.csv,"MOF constant-maturity JGB secondary-market close 3pm, published next business day"
2019-12-25,-0.113,https://www.mof.go.jp/english/policy/jgbs/reference/interest_rate/historical/jgbcme_all.csv,"MOF constant-maturity JGB secondary-market close 3pm, published next business day"
2019-12-26,-0.119,https://www.mof.go.jp/english/policy/jgbs/reference/interest_rate/historical/jgbcme_all.csv,"MOF constant-maturity JGB secondary-market close 3pm, published next business day"
2019-12-27,-0.124,https://www.mof.go.jp/english/policy/jgbs/reference/interest_rate/historical/jgbcme_all.csv,"MOF constant-maturity JGB secondary-market close 3pm, published next business day"
2019-12-30,-0.134,https://www.mof.go.jp/english/policy/jgbs/reference/interest_rate/historical/jgbcme_all.csv,"MOF constant-maturity JGB secondary-market close 3pm, published next business day"
2020-01-06,-0.136,https://www.mof.go.jp/english/policy/jgbs/reference/interest_rate/historical/jgbcme_all.csv,"MOF constant-maturity JGB secondary-market close 3pm, published next business day"
2020-01-07,-0.121,https://www.mof.go.jp/english/policy/jgbs/reference/interest_rate/historical/jgbcme_all.csv,"MOF constant-maturity JGB secondary-market close 3pm, published next business day"
2020-01-08,-0.127,https://www.mof.go.jp/english/policy/jgbs/reference/interest_rate/historical/jgbcme_all.csv,"MOF constant-maturity JGB secondary-market close 3pm, published next business day"
2020-01-09,-0.132,https://www.mof.go.jp/english/policy/jgbs/reference/interest_rate/historical/jgbcme_all.csv,"MOF constant-maturity JGB secondary-market close 3pm, published next business day"
2020-01-10,-0.137,https://www.mof.go.jp/english/policy/jgbs/reference/interest_rate/historical/jgbcme_all.csv,"MOF constant-maturity JGB secondary-market close 3pm, published next business day"
2020-01-14,-0.129,https://www.mof.go.jp/english/policy/jgbs/reference/interest_rate/historical/jgbcme_all.csv,"MOF constant-maturity JGB secondary-market close 3pm, published next business day"
2020-01-15,-0.124,https://www.mof.go.jp/english/policy/jgbs/reference/interest_rate/historical/jgbcme_all.csv,"MOF constant-maturity JGB secondary-market close 3pm, published next business day"
2020-01-16,-0.128,https://www.mof.go.jp/english/policy/jgbs/reference/interest_rate/historical/jgbcme_all.csv,"MOF constant-maturity JGB secondary-market close 3pm, published next business day"
2020-01-17,-0.135,https://www.mof.go.jp/english/policy/jgbs/reference/interest_rate/historical/jgbcme_all.csv,"MOF constant-maturity JGB secondary-market close 3pm, published next business day"
2020-01-20,-0.126,https://www.mof.go.jp/english/policy/jgbs/reference/interest_rate/historical/jgbcme_all.csv,"MOF constant-maturity JGB secondary-market close 3pm, published next business day"
2020-01-21,-0.126,https://www.mof.go.jp/english/policy/jgbs/reference/interest_rate/historical/jgbcme_all.csv,"MOF constant-maturity JGB secondary-market close 3pm, published next business day"
2020-01-22,-0.121,https://www.mof.go.jp/english/policy/jgbs/reference/interest_rate/historical/jgbcme_all.csv,"MOF constant-maturity JGB secondary-market close 3pm, published next business day"
2020-01-23,-0.132,https://www.mof.go.jp/english/policy/jgbs/reference/interest_rate/historical/jgbcme_all.csv,"MOF constant-maturity JGB secondary-market close 3pm, published next business day"
2020-01-24,-0.133,https://www.mof.go.jp/english/policy/jgbs/reference/interest_rate/historical/jgbcme_all.csv,"MOF constant-maturity JGB secondary-market close 3pm, published next business day"
2020-01-27,-0.144,https://www.mof.go.jp/english/policy/jgbs/reference/interest_rate/historical/jgbcme_all.csv,"MOF constant-maturity JGB secondary-market close 3pm, published next business day"
2020-01-28,-0.136,https://www.mof.go.jp/english/policy/jgbs/reference/interest_rate/historical/jgbcme_all.csv,"MOF constant-maturity JGB secondary-market close 3pm, published next business day"
2020-01-29,-0.134,https://www.mof.go.jp/english/policy/jgbs/reference/interest_rate/historical/jgbcme_all.csv,"MOF constant-maturity JGB secondary-market close 3pm, published next business day"
2020-01-30,-0.149,https://www.mof.go.jp/english/policy/jgbs/reference/interest_rate/historical/jgbcme_all.csv,"MOF constant-maturity JGB secondary-market close 3pm, published next business day"
2020-01-31,-0.159,https://www.mof.go.jp/english/policy/jgbs/reference/interest_rate/historical/jgbcme_all.csv,"MOF constant-maturity JGB secondary-market close 3pm, published next business day"
2020-02-03,-0.165,https://www.mof.go.jp/english/policy/jgbs/reference/interest_rate/historical/jgbcme_all.csv,"MOF constant-maturity JGB secondary-market close 3pm, published next business day"
2020-02-04,-0.15,https://www.mof.go.jp/english/policy/jgbs/reference/interest_rate/historical/jgbcme_all.csv,"MOF constant-maturity JGB secondary-market close 3pm, published next business day"
2020-02-05,-0.141,https://www.mof.go.jp/english/policy/jgbs/reference/interest_rate/historical/jgbcme_all.csv,"MOF constant-maturity JGB secondary-market close 3pm, published next business day"
2020-02-06,-0.131,https://www.mof.go.jp/english/policy/jgbs/reference/interest_rate/historical/jgbcme_all.csv,"MOF constant-maturity JGB secondary-market close 3pm, published next business day"
2020-02-07,-0.147,https://www.mof.go.jp/english/policy/jgbs/reference/interest_rate/historical/jgbcme_all.csv,"MOF constant-maturity JGB secondary-market close 3pm, published next business day"
2020-02-10,-0.158,https://www.mof.go.jp/english/policy/jgbs/reference/interest_rate/historical/jgbcme_all.csv,"MOF constant-maturity JGB secondary-market close 3pm, published next business day"
2020-02-12,-0.153,https://www.mof.go.jp/english/policy/jgbs/reference/interest_rate/historical/jgbcme_all.csv,"MOF constant-maturity JGB secondary-market close 3pm, published next business day"
2020-02-13,-0.154,https://www.mof.go.jp/english/policy/jgbs/reference/interest_rate/historical/jgbcme_all.csv,"MOF constant-maturity JGB secondary-market close 3pm, published next business day"
2020-02-14,-0.144,https://www.mof.go.jp/english/policy/jgbs/reference/interest_rate/historical/jgbcme_all.csv,"MOF constant-maturity JGB secondary-market close 3pm, published next business day"
2020-02-17,-0.147,https://www.mof.go.jp/english/policy/jgbs/reference/interest_rate/historical/jgbcme_all.csv,"MOF constant-maturity JGB secondary-market close 3pm, published next business day"
2020-02-18,-0.151,https://www.mof.go.jp/english/policy/jgbs/reference/interest_rate/historical/jgbcme_all.csv,"MOF constant-maturity JGB secondary-market close 3pm, published next business day"
2020-02-19,-0.156,https://www.mof.go.jp/english/policy/jgbs/reference/interest_rate/historical/jgbcme_all.csv,"MOF constant-maturity JGB secondary-market close 3pm, published next business day"
2020-02-20,-0.153,https://www.mof.go.jp/english/policy/jgbs/reference/interest_rate/historical/jgbcme_all.csv,"MOF constant-maturity JGB secondary-market close 3pm, published next business day"
2020-02-21,-0.165,https://www.mof.go.jp/english/policy/jgbs/reference/interest_rate/historical/jgbcme_all.csv,"MOF constant-maturity JGB secondary-market close 3pm, published next business day"
2020-02-25,-0.201,https://www.mof.go.jp/english/policy/jgbs/reference/interest_rate/historical/jgbcme_all.csv,"MOF constant-maturity JGB secondary-market close 3pm, published next business day"
2020-02-26,-0.201,https://www.mof.go.jp/english/policy/jgbs/reference/interest_rate/historical/jgbcme_all.csv,"MOF constant-maturity JGB secondary-market close 3pm, published next business day"
2020-02-27,-0.21,https://www.mof.go.jp/english/policy/jgbs/reference/interest_rate/historical/jgbcme_all.csv,"MOF constant-maturity JGB secondary-market close 3pm, published next business day"
2020-02-28,-0.258,https://www.mof.go.jp/english/policy/jgbs/reference/interest_rate/historical/jgbcme_all.csv,"MOF constant-maturity JGB secondary-market close 3pm, published next business day"
2020-03-02,-0.264,https://www.mof.go.jp/english/policy/jgbs/reference/interest_rate/historical/jgbcme_all.csv,"MOF constant-maturity JGB secondary-market close 3pm, published next business day"
2020-03-03,-0.25,https://www.mof.go.jp/english/policy/jgbs/reference/interest_rate/historical/jgbcme_all.csv,"MOF constant-maturity JGB secondary-market close 3pm, published next business day"
2020-03-04,-0.28,https://www.mof.go.jp/english/policy/jgbs/reference/interest_rate/historical/jgbcme_all.csv,"MOF constant-maturity JGB secondary-market close 3pm, published next business day"
2020-03-05,-0.251,https://www.mof.go.jp/english/policy/jgbs/reference/interest_rate/historical/jgbcme_all.csv,"MOF constant-maturity JGB secondary-market close 3pm, published next business day"
2020-03-06,-0.287,https://www.mof.go.jp/english/policy/jgbs/reference/interest_rate/historical/jgbcme_all.csv,"MOF constant-maturity JGB secondary-market close 3pm, published next business day"
2020-03-09,-0.314,https://www.mof.go.jp/english/policy/jgbs/reference/interest_rate/historical/jgbcme_all.csv,"MOF constant-maturity JGB secondary-market close 3pm, published next business day"
2020-03-10,-0.248,https://www.mof.go.jp/english/policy/jgbs/reference/interest_rate/historical/jgbcme_all.csv,"MOF constant-maturity JGB secondary-market close 3pm, published next business day"
2020-03-11,-0.234,https://www.mof.go.jp/english/policy/jgbs/reference/interest_rate/historical/jgbcme_all.csv,"MOF constant-maturity JGB secondary-market close 3pm, published next business day"
2020-03-12,-0.225,https://www.mof.go.jp/english/policy/jgbs/reference/interest_rate/historical/jgbcme_all.csv,"MOF constant-maturity JGB secondary-market close 3pm, published next business day"
2020-03-13,-0.205,https://www.mof.go.jp/english/policy/jgbs/reference/interest_rate/historical/jgbcme_all.csv,"MOF constant-maturity JGB secondary-market close 3pm, published next business day"
2020-03-16,-0.195,https://www.mof.go.jp/english/policy/jgbs/reference/interest_rate/historical/jgbcme_all.csv,"MOF constant-maturity JGB secondary-market close 3pm, published next business day"
2020-03-17,-0.191,https://www.mof.go.jp/english/policy/jgbs/reference/interest_rate/historical/jgbcme_all.csv,"MOF constant-maturity JGB secondary-market close 3pm, published next business day"
2020-03-18,-0.165,https://www.mof.go.jp/english/policy/jgbs/reference/interest_rate/historical/jgbcme_all.csv,"MOF constant-maturity JGB secondary-market close 3pm, published next business day"
2020-03-19,-0.165,https://www.mof.go.jp/english/policy/jgbs/reference/interest_rate/historical/jgbcme_all.csv,"MOF constant-maturity JGB secondary-market close 3pm, published next business day"
2020-03-23,-0.21,https://www.mof.go.jp/english/policy/jgbs/reference/interest_rate/historical/jgbcme_all.csv,"MOF constant-maturity JGB secondary-market close 3pm, published next business day"
2020-03-24,-0.23,https://www.mof.go.jp/english/policy/jgbs/reference/interest_rate/historical/jgbcme_all.csv,"MOF constant-maturity JGB secondary-market close 3pm, published next business day"
2020-03-25,-0.241,https://www.mof.go.jp/english/policy/jgbs/reference/interest_rate/historical/jgbcme_all.csv,"MOF constant-maturity JGB secondary-market close 3pm, published next business day"
2020-03-26,-0.241,https://www.mof.go.jp/english/policy/jgbs/reference/interest_rate/historical/jgbcme_all.csv,"MOF constant-maturity JGB secondary-market close 3pm, published next business day"
2020-03-27,-0.177,https://www.mof.go.jp/english/policy/jgbs/reference/interest_rate/historical/jgbcme_all.csv,"MOF constant-maturity JGB secondary-market close 3pm, published next business day"
2020-03-30,-0.174,https://www.mof.go.jp/english/policy/jgbs/reference/interest_rate/historical/jgbcme_all.csv,"MOF constant-maturity JGB secondary-market close 3pm, published next business day"
2020-03-31,-0.13,https://www.mof.go.jp/english/policy/jgbs/reference/interest_rate/historical/jgbcme_all.csv,"MOF constant-maturity JGB secondary-market close 3pm, published next business day"
2020-04-01,-0.14,https://www.mof.go.jp/english/policy/jgbs/reference/interest_rate/historical/jgbcme_all.csv,"MOF constant-maturity JGB secondary-market close 3pm, published next business day"
2020-04-02,-0.135,https://www.mof.go.jp/english/policy/jgbs/reference/interest_rate/historical/jgbcme_all.csv,"MOF constant-maturity JGB secondary-market close 3pm, published next business day"
2020-04-03,-0.14,https://www.mof.go.jp/english/policy/jgbs/reference/interest_rate/historical/jgbcme_all.csv,"MOF constant-maturity JGB secondary-market close 3pm, published next business day"
2020-04-06,-0.131,https://www.mof.go.jp/english/policy/jgbs/reference/interest_rate/historical/jgbcme_all.csv,"MOF constant-maturity JGB secondary-market close 3pm, published next business day"
2020-04-07,-0.132,https://www.mof.go.jp/english/policy/jgbs/reference/interest_rate/historical/jgbcme_all.csv,"MOF constant-maturity JGB secondary-market close 3pm, published next business day"
2020-04-08,-0.132,https://www.mof.go.jp/english/policy/jgbs/reference/interest_rate/historical/jgbcme_all.csv,"MOF constant-maturity JGB secondary-market close 3pm, published next business day"
2020-04-09,-0.147,https://www.mof.go.jp/english/policy/jgbs/reference/interest_rate/historical/jgbcme_all.csv,"MOF constant-maturity JGB secondary-market close 3pm, published next business day"
2020-04-10,-0.177,https://www.mof.go.jp/english/policy/jgbs/reference/interest_rate/historical/jgbcme_all.csv,"MOF constant-maturity JGB secondary-market close 3pm, published next business day"
2020-04-13,-0.18,https://www.mof.go.jp/english/policy/jgbs/reference/interest_rate/historical/jgbcme_all.csv,"MOF constant-maturity JGB secondary-market close 3pm, published next business day"
2020-04-14,-0.17,https://www.mof.go.jp/english/policy/jgbs/reference/interest_rate/historical/jgbcme_all.csv,"MOF constant-maturity JGB secondary-market close 3pm, published next business day"
2020-04-15,-0.16,https://www.mof.go.jp/english/policy/jgbs/reference/interest_rate/historical/jgbcme_all.csv,"MOF constant-maturity JGB secondary-market close 3pm, published next business day"
2020-04-16,-0.16,https://www.mof.go.jp/english/policy/jgbs/reference/interest_rate/historical/jgbcme_all.csv,"MOF constant-maturity JGB secondary-market close 3pm, published next business day"
2020-04-17,-0.146,https://www.mof.go.jp/english/policy/jgbs/reference/interest_rate/historical/jgbcme_all.csv,"MOF constant-maturity JGB secondary-market close 3pm, published next business day"
2020-04-20,-0.135,https://www.mof.go.jp/english/policy/jgbs/reference/interest_rate/historical/jgbcme_all.csv,"MOF constant-maturity JGB secondary-market close 3pm, published next business day"
2020-04-21,-0.133,https://www.mof.go.jp/english/policy/jgbs/reference/interest_rate/historical/jgbcme_all.csv,"MOF constant-maturity JGB secondary-market close 3pm, published next business day"
2020-04-22,-0.142,https://www.mof.go.jp/english/policy/jgbs/reference/interest_rate/historical/jgbcme_all.csv,"MOF constant-maturity JGB secondary-market close 3pm, published next business day"
2020-04-23,-0.148,https://www.mof.go.jp/english/policy/jgbs/reference/interest_rate/historical/jgbcme_all.csv,"MOF constant-maturity JGB secondary-market close 3pm, published next business day"
2020-04-24,-0.168,https://www.mof.go.jp/english/policy/jgbs/reference/interest_rate/historical/jgbcme_all.csv,"MOF constant-maturity JGB secondary-market close 3pm, published next business day"
2020-04-27,-0.174,https://www.mof.go.jp/english/policy/jgbs/reference/interest_rate/historical/jgbcme_all.csv,"MOF constant-maturity JGB secondary-market close 3pm, published next business day"
2020-04-28,-0.179,https://www.mof.go.jp/english/policy/jgbs/reference/interest_rate/historical/jgbcme_all.csv,"MOF constant-maturity JGB secondary-market close 3pm, published next business day"
2020-04-30,-0.184,https://www.mof.go.jp/english/policy/jgbs/reference/interest_rate/historical/jgbcme_all.csv,"MOF constant-maturity JGB secondary-market close 3pm, published next business day"
2020-05-01,-0.164,https://www.mof.go.jp/english/policy/jgbs/reference/interest_rate/historical/jgbcme_all.csv,"MOF constant-maturity JGB secondary-market close 3pm, published next business day"
2020-05-07,-0.152,https://www.mof.go.jp/english/policy/jgbs/reference/interest_rate/historical/jgbcme_all.csv,"MOF constant-maturity JGB secondary-market close 3pm, published next business day"
2020-05-08,-0.172,https://www.mof.go.jp/english/policy/jgbs/reference/interest_rate/historical/jgbcme_all.csv,"MOF constant-maturity JGB secondary-market close 3pm, published next business day"
2020-05-11,-0.173,https://www.mof.go.jp/english/policy/jgbs/reference/interest_rate/historical/jgbcme_all.csv,"MOF constant-maturity JGB secondary-market close 3pm, published next business day"
2020-05-12,-0.169,https://www.mof.go.jp/english/policy/jgbs/reference/interest_rate/historical/jgbcme_all.csv,"MOF constant-maturity JGB secondary-market close 3pm, published next business day"
2020-05-13,-0.169,https://www.mof.go.jp/english/policy/jgbs/reference/interest_rate/historical/jgbcme_all.csv,"MOF constant-maturity JGB secondary-market close 3pm, published next business day"
2020-05-14,-0.17,https://www.mof.go.jp/english/policy/jgbs/reference/interest_rate/historical/jgbcme_all.csv,"MOF constant-maturity JGB secondary-market close 3pm, published next business day"
2020-05-15,-0.169,https://www.mof.go.jp/english/policy/jgbs/reference/interest_rate/historical/jgbcme_all.csv,"MOF constant-maturity JGB secondary-market close 3pm, published next business day"
2020-05-18,-0.176,https://www.mof.go.jp/english/policy/jgbs/reference/interest_rate/historical/jgbcme_all.csv,"MOF constant-maturity JGB secondary-market close 3pm, published next business day"
2020-05-19,-0.161,https://www.mof.go.jp/english/policy/jgbs/reference/interest_rate/historical/jgbcme_all.csv,"MOF constant-maturity JGB secondary-market close 3pm, published next business day"
2020-05-20,-0.166,https://www.mof.go.jp/english/policy/jgbs/reference/interest_rate/historical/jgbcme_all.csv,"MOF constant-maturity JGB secondary-market close 3pm, published next business day"
2020-05-21,-0.176,https://www.mof.go.jp/english/policy/jgbs/reference/interest_rate/historical/jgbcme_all.csv,"MOF constant-maturity JGB secondary-market close 3pm, published next business day"
2020-05-22,-0.181,https://www.mof.go.jp/english/policy/jgbs/reference/interest_rate/historical/jgbcme_all.csv,"MOF constant-maturity JGB secondary-market close 3pm, published next business day"
2020-05-25,-0.172,https://www.mof.go.jp/english/policy/jgbs/reference/interest_rate/historical/jgbcme_all.csv,"MOF constant-maturity JGB secondary-market close 3pm, published next business day"
2020-05-26,-0.162,https://www.mof.go.jp/english/policy/jgbs/reference/interest_rate/historical/jgbcme_all.csv,"MOF constant-maturity JGB secondary-market close 3pm, published next business day"
2020-05-27,-0.155,https://www.mof.go.jp/english/policy/jgbs/reference/interest_rate/historical/jgbcme_all.csv,"MOF constant-maturity JGB secondary-market close 3pm, published next business day"
2020-05-28,-0.169,https://www.mof.go.jp/english/policy/jgbs/reference/interest_rate/historical/jgbcme_all.csv,"MOF constant-maturity JGB secondary-market close 3pm, published next business day"
2020-05-29,-0.164,https://www.mof.go.jp/english/policy/jgbs/reference/interest_rate/historical/jgbcme_all.csv,"MOF constant-maturity JGB secondary-market close 3pm, published next business day"
2020-06-01,-0.169,https://www.mof.go.jp/english/policy/jgbs/reference/interest_rate/historical/jgbcme_all.csv,"MOF constant-maturity JGB secondary-market close 3pm, published next business day"
2020-06-02,-0.17,https://www.mof.go.jp/english/policy/jgbs/reference/interest_rate/historical/jgbcme_all.csv,"MOF constant-maturity JGB secondary-market close 3pm, published next business day"
2020-06-03,-0.17,https://www.mof.go.jp/english/policy/jgbs/reference/interest_rate/historical/jgbcme_all.csv,"MOF constant-maturity JGB secondary-market close 3pm, published next business day"
2020-06-04,-0.166,https://www.mof.go.jp/english/policy/jgbs/reference/interest_rate/historical/jgbcme_all.csv,"MOF constant-maturity JGB secondary-market close 3pm, published next business day"
2020-06-05,-0.151,https://www.mof.go.jp/english/policy/jgbs/reference/interest_rate/historical/jgbcme_all.csv,"MOF constant-maturity JGB secondary-market close 3pm, published next business day"
2020-06-08,-0.152,https://www.mof.go.jp/english/policy/jgbs/reference/interest_rate/historical/jgbcme_all.csv,"MOF constant-maturity JGB secondary-market close 3pm, published next business day"
2020-06-09,-0.162,https://www.mof.go.jp/english/policy/jgbs/reference/interest_rate/historical/jgbcme_all.csv,"MOF constant-maturity JGB secondary-market close 3pm, published next business day"
2020-06-10,-0.157,https://www.mof.go.jp/english/policy/jgbs/reference/interest_rate/historical/jgbcme_all.csv,"MOF constant-maturity JGB secondary-market close 3pm, published next business day"
2020-06-11,-0.162,https://www.mof.go.jp/english/policy/jgbs/reference/interest_rate/historical/jgbcme_all.csv,"MOF constant-maturity JGB secondary-market close 3pm, published next business day"
2020-06-12,-0.158,https://www.mof.go.jp/english/policy/jgbs/reference/interest_rate/historical/jgbcme_all.csv,"MOF constant-maturity JGB secondary-market close 3pm, published next business day"
2020-06-15,-0.17,https://www.mof.go.jp/english/policy/jgbs/reference/interest_rate/historical/jgbcme_all.csv,"MOF constant-maturity JGB secondary-market close 3pm, published next business day"
2020-06-16,-0.165,https://www.mof.go.jp/english/policy/jgbs/reference/interest_rate/historical/jgbcme_all.csv,"MOF constant-maturity JGB secondary-market close 3pm, published next business day"
2020-06-17,-0.165,https://www.mof.go.jp/english/policy/jgbs/reference/interest_rate/historical/jgbcme_all.csv,"MOF constant-maturity JGB secondary-market close 3pm, published next business day"
2020-06-18,-0.165,https://www.mof.go.jp/english/policy/jgbs/reference/interest_rate/historical/jgbcme_all.csv,"MOF constant-maturity JGB secondary-market close 3pm, published next business day"
2020-06-19,-0.161,https://www.mof.go.jp/english/policy/jgbs/reference/interest_rate/historical/jgbcme_all.csv,"MOF constant-maturity JGB secondary-market close 3pm, published next business day"
2020-06-22,-0.162,https://www.mof.go.jp/english/policy/jgbs/reference/interest_rate/historical/jgbcme_all.csv,"MOF constant-maturity JGB secondary-market close 3pm, published next business day"
2020-06-23,-0.157,https://www.mof.go.jp/english/policy/jgbs/reference/interest_rate/historical/jgbcme_all.csv,"MOF constant-maturity JGB secondary-market close 3pm, published next business day"
2020-06-24,-0.152,https://www.mof.go.jp/english/policy/jgbs/reference/interest_rate/historical/jgbcme_all.csv,"MOF constant-maturity JGB secondary-market close 3pm, published next business day"
2020-06-25,-0.145,https://www.mof.go.jp/english/policy/jgbs/reference/interest_rate/historical/jgbcme_all.csv,"MOF constant-maturity JGB secondary-market close 3pm, published next business day"
2020-06-26,-0.142,https://www.mof.go.jp/english/policy/jgbs/reference/interest_rate/historical/jgbcme_all.csv,"MOF constant-maturity JGB secondary-market close 3pm, published next business day"
2020-06-29,-0.148,https://www.mof.go.jp/english/policy/jgbs/reference/interest_rate/historical/jgbcme_all.csv,"MOF constant-maturity JGB secondary-market close 3pm, published next business day"
2020-06-30,-0.14,https://www.mof.go.jp/english/policy/jgbs/reference/interest_rate/historical/jgbcme_all.csv,"MOF constant-maturity JGB secondary-market close 3pm, published next business day"
2020-07-01,-0.145,https://www.mof.go.jp/english/policy/jgbs/reference/interest_rate/historical/jgbcme_all.csv,"MOF constant-maturity JGB secondary-market close 3pm, published next business day"
2020-07-02,-0.14,https://www.mof.go.jp/english/policy/jgbs/reference/interest_rate/historical/jgbcme_all.csv,"MOF constant-maturity JGB secondary-market close 3pm, published next business day"
2020-07-03,-0.145,https://www.mof.go.jp/english/policy/jgbs/reference/interest_rate/historical/jgbcme_all.csv,"MOF constant-maturity JGB secondary-market close 3pm, published next business day"
2020-07-06,-0.137,https://www.mof.go.jp/english/policy/jgbs/reference/interest_rate/historical/jgbcme_all.csv,"MOF constant-maturity JGB secondary-market close 3pm, published next business day"
2020-07-07,-0.132,https://www.mof.go.jp/english/policy/jgbs/reference/interest_rate/historical/jgbcme_all.csv,"MOF constant-maturity JGB secondary-market close 3pm, published next business day"
2020-07-08,-0.133,https://www.mof.go.jp/english/policy/jgbs/reference/interest_rate/historical/jgbcme_all.csv,"MOF constant-maturity JGB secondary-market close 3pm, published next business day"
2020-07-09,-0.138,https://www.mof.go.jp/english/policy/jgbs/reference/interest_rate/historical/jgbcme_all.csv,"MOF constant-maturity JGB secondary-market close 3pm, published next business day"
2020-07-10,-0.143,https://www.mof.go.jp/english/policy/jgbs/reference/interest_rate/historical/jgbcme_all.csv,"MOF constant-maturity JGB secondary-market close 3pm, published next business day"
2020-07-13,-0.139,https://www.mof.go.jp/english/policy/jgbs/reference/interest_rate/historical/jgbcme_all.csv,"MOF constant-maturity JGB secondary-market close 3pm, published next business day"
2020-07-14,-0.145,https://www.mof.go.jp/english/policy/jgbs/reference/interest_rate/historical/jgbcme_all.csv,"MOF constant-maturity JGB secondary-market close 3pm, published next business day"
2020-07-15,-0.144,https://www.mof.go.jp/english/policy/jgbs/reference/interest_rate/historical/jgbcme_all.csv,"MOF constant-maturity JGB secondary-market close 3pm, published next business day"
2020-07-16,-0.15,https://www.mof.go.jp/english/policy/jgbs/reference/interest_rate/historical/jgbcme_all.csv,"MOF constant-maturity JGB secondary-market close 3pm, published next business day"
2020-07-17,-0.15,https://www.mof.go.jp/english/policy/jgbs/reference/interest_rate/historical/jgbcme_all.csv,"MOF constant-maturity JGB secondary-market close 3pm, published next business day"
2020-07-20,-0.142,https://www.mof.go.jp/english/policy/jgbs/reference/interest_rate/historical/jgbcme_all.csv,"MOF constant-maturity JGB secondary-market close 3pm, published next business day"
2020-07-21,-0.143,https://www.mof.go.jp/english/policy/jgbs/reference/interest_rate/historical/jgbcme_all.csv,"MOF constant-maturity JGB secondary-market close 3pm, published next business day"
2020-07-22,-0.136,https://www.mof.go.jp/english/policy/jgbs/reference/interest_rate/historical/jgbcme_all.csv,"MOF constant-maturity JGB secondary-market close 3pm, published next business day"
2020-07-27,-0.135,https://www.mof.go.jp/english/policy/jgbs/reference/interest_rate/historical/jgbcme_all.csv,"MOF constant-maturity JGB secondary-market close 3pm, published next business day"
2020-07-28,-0.135,https://www.mof.go.jp/english/policy/jgbs/reference/interest_rate/historical/jgbcme_all.csv,"MOF constant-maturity JGB secondary-market close 3pm, published next business day"
2020-07-29,-0.133,https://www.mof.go.jp/english/policy/jgbs/reference/interest_rate/historical/jgbcme_all.csv,"MOF constant-maturity JGB secondary-market close 3pm, published next business day"
2020-07-30,-0.134,https://www.mof.go.jp/english/policy/jgbs/reference/interest_rate/historical/jgbcme_all.csv,"MOF constant-maturity JGB secondary-market close 3pm, published next business day"
2020-07-31,-0.144,https://www.mof.go.jp/english/policy/jgbs/reference/interest_rate/historical/jgbcme_all.csv,"MOF constant-maturity JGB secondary-market close 3pm, published next business day"
2020-08-03,-0.14,https://www.mof.go.jp/english/policy/jgbs/reference/interest_rate/historical/jgbcme_all.csv,"MOF constant-maturity JGB secondary-market close 3pm, published next business day"
2020-08-04,-0.136,https://www.mof.go.jp/english/policy/jgbs/reference/interest_rate/historical/jgbcme_all.csv,"MOF constant-maturity JGB secondary-market close 3pm, published next business day"
2020-08-05,-0.131,https://www.mof.go.jp/english/policy/jgbs/reference/interest_rate/historical/jgbcme_all.csv,"MOF constant-maturity JGB secondary-market close 3pm, published next business day"
2020-08-06,-0.126,https://www.mof.go.jp/english/policy/jgbs/reference/interest_rate/historical/jgbcme_all.csv,"MOF constant-maturity JGB secondary-market close 3pm, published next business day"
2020-08-07,-0.126,https://www.mof.go.jp/english/policy/jgbs/reference/interest_rate/historical/jgbcme_all.csv,"MOF constant-maturity JGB secondary-market close 3pm, published next business day"
2020-08-11,-0.118,https://www.mof.go.jp/english/policy/jgbs/reference/interest_rate/historical/jgbcme_all.csv,"MOF constant-maturity JGB secondary-market close 3pm, published next business day"
2020-08-12,-0.112,https://www.mof.go.jp/english/policy/jgbs/reference/interest_rate/historical/jgbcme_all.csv,"MOF constant-maturity JGB secondary-market close 3pm, published next business day"
2020-08-13,-0.123,https://www.mof.go.jp/english/policy/jgbs/reference/interest_rate/historical/jgbcme_all.csv,"MOF constant-maturity JGB secondary-market close 3pm, published next business day"
2020-08-14,-0.117,https://www.mof.go.jp/english/policy/jgbs/reference/interest_rate/historical/jgbcme_all.csv,"MOF constant-maturity JGB secondary-market close 3pm, published next business day"
2020-08-17,-0.119,https://www.mof.go.jp/english/policy/jgbs/reference/interest_rate/historical/jgbcme_all.csv,"MOF constant-maturity JGB secondary-market close 3pm, published next business day"
2020-08-18,-0.124,https://www.mof.go.jp/english/policy/jgbs/reference/interest_rate/historical/jgbcme_all.csv,"MOF constant-maturity JGB secondary-market close 3pm, published next business day"
2020-08-19,-0.119,https://www.mof.go.jp/english/policy/jgbs/reference/interest_rate/historical/jgbcme_all.csv,"MOF constant-maturity JGB secondary-market close 3pm, published next business day"
2020-08-20,-0.115,https://www.mof.go.jp/english/policy/jgbs/reference/interest_rate/historical/jgbcme_all.csv,"MOF constant-maturity JGB secondary-market close 3pm, published next business day"
2020-08-21,-0.115,https://www.mof.go.jp/english/policy/jgbs/reference/interest_rate/historical/jgbcme_all.csv,"MOF constant-maturity JGB secondary-market close 3pm, published next business day"
2020-08-24,-0.117,https://www.mof.go.jp/english/policy/jgbs/reference/interest_rate/historical/jgbcme_all.csv,"MOF constant-maturity JGB secondary-market close 3pm, published next business day"
2020-08-25,-0.114,https://www.mof.go.jp/english/policy/jgbs/reference/interest_rate/historical/jgbcme_all.csv,"MOF constant-maturity JGB secondary-market close 3pm, published next business day"
2020-08-26,-0.112,https://www.mof.go.jp/english/policy/jgbs/reference/interest_rate/historical/jgbcme_all.csv,"MOF constant-maturity JGB secondary-market close 3pm, published next business day"
2020-08-27,-0.115,https://www.mof.go.jp/english/policy/jgbs/reference/interest_rate/historical/jgbcme_all.csv,"MOF constant-maturity JGB secondary-market close 3pm, published next business day"
2020-08-28,-0.115,https://www.mof.go.jp/english/policy/jgbs/reference/interest_rate/historical/jgbcme_all.csv,"MOF constant-maturity JGB secondary-market close 3pm, published next business day"
2020-08-31,-0.115,https://www.mof.go.jp/english/policy/jgbs/reference/interest_rate/historical/jgbcme_all.csv,"MOF constant-maturity JGB secondary-market close 3pm, published next business day"
2020-09-01,-0.12,https://www.mof.go.jp/english/policy/jgbs/reference/interest_rate/historical/jgbcme_all.csv,"MOF constant-maturity JGB secondary-market close 3pm, published next business day"
2020-09-02,-0.12,https://www.mof.go.jp/english/policy/jgbs/reference/interest_rate/historical/jgbcme_all.csv,"MOF constant-maturity JGB secondary-market close 3pm, published next business day"
2020-09-03,-0.12,https://www.mof.go.jp/english/policy/jgbs/reference/interest_rate/historical/jgbcme_all.csv,"MOF constant-maturity JGB secondary-market close 3pm, published next business day"
2020-09-04,-0.125,https://www.mof.go.jp/english/policy/jgbs/reference/interest_rate/historical/jgbcme_all.csv,"MOF constant-maturity JGB secondary-market close 3pm, published next business day"
2020-09-07,-0.126,https://www.mof.go.jp/english/policy/jgbs/reference/interest_rate/historical/jgbcme_all.csv,"MOF constant-maturity JGB secondary-market close 3pm, published next business day"
2020-09-08,-0.131,https://www.mof.go.jp/english/policy/jgbs/reference/interest_rate/historical/jgbcme_all.csv,"MOF constant-maturity JGB secondary-market close 3pm, published next business day"
2020-09-09,-0.131,https://www.mof.go.jp/english/policy/jgbs/reference/interest_rate/historical/jgbcme_all.csv,"MOF constant-maturity JGB secondary-market close 3pm, published next business day"
2020-09-10,-0.132,https://www.mof.go.jp/english/policy/jgbs/reference/interest_rate/historical/jgbcme_all.csv,"MOF constant-maturity JGB secondary-market close 3pm, published next business day"
2020-09-11,-0.142,https://www.mof.go.jp/english/policy/jgbs/reference/interest_rate/historical/jgbcme_all.csv,"MOF constant-maturity JGB secondary-market close 3pm, published next business day"
2020-09-14,-0.143,https://www.mof.go.jp/english/policy/jgbs/reference/interest_rate/historical/jgbcme_all.csv,"MOF constant-maturity JGB secondary-market close 3pm, published next business day"
2020-09-15,-0.143,https://www.mof.go.jp/english/policy/jgbs/reference/interest_rate/historical/jgbcme_all.csv,"MOF constant-maturity JGB secondary-market close 3pm, published next business day"
2020-09-16,-0.143,https://www.mof.go.jp/english/policy/jgbs/reference/interest_rate/historical/jgbcme_all.csv,"MOF constant-maturity JGB secondary-market close 3pm, published next business day"
2020-09-17,-0.144,https://www.mof.go.jp/english/policy/jgbs/reference/interest_rate/historical/jgbcme_all.csv,"MOF constant-maturity JGB secondary-market close 3pm, published next business day"
2020-09-18,-0.144,https://www.mof.go.jp/english/policy/jgbs/reference/interest_rate/historical/jgbcme_all.csv,"MOF constant-maturity JGB secondary-market close 3pm, published next business day"
2020-09-23,-0.148,https://www.mof.go.jp/english/policy/jgbs/reference/interest_rate/historical/jgbcme_all.csv,"MOF constant-maturity JGB secondary-market close 3pm, published next business day"
2020-09-24,-0.148,https://www.mof.go.jp/english/policy/jgbs/reference/interest_rate/historical/jgbcme_all.csv,"MOF constant-maturity JGB secondary-market close 3pm, published next business day"
2020-09-25,-0.156,https://www.mof.go.jp/english/policy/jgbs/reference/interest_rate/historical/jgbcme_all.csv,"MOF constant-maturity JGB secondary-market close 3pm, published next business day"
2020-09-28,-0.145,https://www.mof.go.jp/english/policy/jgbs/reference/interest_rate/historical/jgbcme_all.csv,"MOF constant-maturity JGB secondary-market close 3pm, published next business day"
2020-09-29,-0.144,https://www.mof.go.jp/english/policy/jgbs/reference/interest_rate/historical/jgbcme_all.csv,"MOF constant-maturity JGB secondary-market close 3pm, published next business day"
2020-09-30,-0.14,https://www.mof.go.jp/english/policy/jgbs/reference/interest_rate/historical/jgbcme_all.csv,"MOF constant-maturity JGB secondary-market close 3pm, published next business day"
2020-10-01,-0.13,https://www.mof.go.jp/english/policy/jgbs/reference/interest_rate/historical/jgbcme_all.csv,"MOF constant-maturity JGB secondary-market close 3pm, published next business day"
2020-10-02,-0.14,https://www.mof.go.jp/english/policy/jgbs/reference/interest_rate/historical/jgbcme_all.csv,"MOF constant-maturity JGB secondary-market close 3pm, published next business day"
2020-10-05,-0.136,https://www.mof.go.jp/english/policy/jgbs/reference/interest_rate/historical/jgbcme_all.csv,"MOF constant-maturity JGB secondary-market close 3pm, published next business day"
2020-10-06,-0.126,https://www.mof.go.jp/english/policy/jgbs/reference/interest_rate/historical/jgbcme_all.csv,"MOF constant-maturity JGB secondary-market close 3pm, published next business day"
2020-10-07,-0.126,https://www.mof.go.jp/english/policy/jgbs/reference/interest_rate/historical/jgbcme_all.csv,"MOF constant-maturity JGB secondary-market close 3pm, published next business day"
2020-10-08,-0.132,https://www.mof.go.jp/english/policy/jgbs/reference/interest_rate/historical/jgbcme_all.csv,"MOF constant-maturity JGB secondary-market close 3pm, published next business day"
2020-10-09,-0.127,https://www.mof.go.jp/english/policy/jgbs/reference/interest_rate/historical/jgbcme_all.csv,"MOF constant-maturity JGB secondary-market close 3pm, published next business day"
2020-10-12,-0.138,https://www.mof.go.jp/english/policy/jgbs/reference/interest_rate/historical/jgbcme_all.csv,"MOF constant-maturity JGB secondary-market close 3pm, published next business day"
2020-10-13,-0.144,https://www.mof.go.jp/english/policy/jgbs/reference/interest_rate/historical/jgbcme_all.csv,"MOF constant-maturity JGB secondary-market close 3pm, published next business day"
2020-10-14,-0.139,https://www.mof.go.jp/english/policy/jgbs/reference/interest_rate/historical/jgbcme_all.csv,"MOF constant-maturity JGB secondary-market close 3pm, published next business day"
2020-10-15,-0.145,https://www.mof.go.jp/english/policy/jgbs/reference/interest_rate/historical/jgbcme_all.csv,"MOF constant-maturity JGB secondary-market close 3pm, published next business day"
2020-10-16,-0.145,https://www.mof.go.jp/english/policy/jgbs/reference/interest_rate/historical/jgbcme_all.csv,"MOF constant-maturity JGB secondary-market close 3pm, published next business day"
2020-10-19,-0.141,https://www.mof.go.jp/english/policy/jgbs/reference/interest_rate/historical/jgbcme_all.csv,"MOF constant-maturity JGB secondary-market close 3pm, published next business day"
2020-10-20,-0.141,https://www.mof.go.jp/english/policy/jgbs/reference/interest_rate/historical/jgbcme_all.csv,"MOF constant-maturity JGB secondary-market close 3pm, published next business day"
2020-10-21,-0.131,https://www.mof.go.jp/english/policy/jgbs/reference/interest_rate/historical/jgbcme_all.csv,"MOF constant-maturity JGB secondary-market close 3pm, published next business day"
2020-10-22,-0.137,https://www.mof.go.jp/english/policy/jgbs/reference/interest_rate/historical/jgbcme_all.csv,"MOF constant-maturity JGB secondary-market close 3pm, published next business day"
2020-10-23,-0.131,https://www.mof.go.jp/english/policy/jgbs/reference/interest_rate/historical/jgbcme_all.csv,"MOF constant-maturity JGB secondary-market close 3pm, published next business day"
2020-10-26,-0.133,https://www.mof.go.jp/english/policy/jgbs/reference/interest_rate/historical/jgbcme_all.csv,"MOF constant-maturity JGB secondary-market close 3pm, published next business day"
2020-10-27,-0.13,https://www.mof.go.jp/english/policy/jgbs/reference/interest_rate/historical/jgbcme_all.csv,"MOF constant-maturity JGB secondary-market close 3pm, published next business day"
2020-10-28,-0.13,https://www.mof.go.jp/english/policy/jgbs/reference/interest_rate/historical/jgbcme_all.csv,"MOF constant-maturity JGB secondary-market close 3pm, published next business day"
2020-10-29,-0.13,https://www.mof.go.jp/english/policy/jgbs/reference/interest_rate/historical/jgbcme_all.csv,"MOF constant-maturity JGB secondary-market close 3pm, published next business day"
2020-10-30,-0.125,https://www.mof.go.jp/english/policy/jgbs/reference/interest_rate/historical/jgbcme_all.csv,"MOF constant-maturity JGB secondary-market close 3pm, published next business day"
2020-11-02,-0.125,https://www.mof.go.jp/english/policy/jgbs/reference/interest_rate/historical/jgbcme_all.csv,"MOF constant-maturity JGB secondary-market close 3pm, published next business day"
2020-11-04,-0.121,https://www.mof.go.jp/english/policy/jgbs/reference/interest_rate/historical/jgbcme_all.csv,"MOF constant-maturity JGB secondary-market close 3pm, published next business day"
2020-11-05,-0.136,https://www.mof.go.jp/english/policy/jgbs/reference/interest_rate/historical/jgbcme_all.csv,"MOF constant-maturity JGB secondary-market close 3pm, published next business day"
2020-11-06,-0.146,https://www.mof.go.jp/english/policy/jgbs/reference/interest_rate/historical/jgbcme_all.csv,"MOF constant-maturity JGB secondary-market close 3pm, published next business day"
2020-11-09,-0.147,https://www.mof.go.jp/english/policy/jgbs/reference/interest_rate/historical/jgbcme_all.csv,"MOF constant-maturity JGB secondary-market close 3pm, published next business day"
2020-11-10,-0.143,https://www.mof.go.jp/english/policy/jgbs/reference/interest_rate/historical/jgbcme_all.csv,"MOF constant-maturity JGB secondary-market close 3pm, published next business day"
2020-11-11,-0.138,https://www.mof.go.jp/english/policy/jgbs/reference/interest_rate/historical/jgbcme_all.csv,"MOF constant-maturity JGB secondary-market close 3pm, published next business day"
2020-11-12,-0.143,https://www.mof.go.jp/english/policy/jgbs/reference/interest_rate/historical/jgbcme_all.csv,"MOF constant-maturity JGB secondary-market close 3pm, published next business day"
2020-11-13,-0.149,https://www.mof.go.jp/english/policy/jgbs/reference/interest_rate/historical/jgbcme_all.csv,"MOF constant-maturity JGB secondary-market close 3pm, published next business day"
2020-11-16,-0.149,https://www.mof.go.jp/english/policy/jgbs/reference/interest_rate/historical/jgbcme_all.csv,"MOF constant-maturity JGB secondary-market close 3pm, published next business day"
2020-11-17,-0.15,https://www.mof.go.jp/english/policy/jgbs/reference/interest_rate/historical/jgbcme_all.csv,"MOF constant-maturity JGB secondary-market close 3pm, published next business day"
2020-11-18,-0.15,https://www.mof.go.jp/english/policy/jgbs/reference/interest_rate/historical/jgbcme_all.csv,"MOF constant-maturity JGB secondary-market close 3pm, published next business day"
2020-11-19,-0.145,https://www.mof.go.jp/english/policy/jgbs/reference/interest_rate/historical/jgbcme_all.csv,"MOF constant-maturity JGB secondary-market close 3pm, published next business day"
2020-11-20,-0.151,https://www.mof.go.jp/english/policy/jgbs/reference/interest_rate/historical/jgbcme_all.csv,"MOF constant-maturity JGB secondary-market close 3pm, published next business day"
2020-11-24,-0.145,https://www.mof.go.jp/english/policy/jgbs/reference/interest_rate/historical/jgbcme_all.csv,"MOF constant-maturity JGB secondary-market close 3pm, published next business day"
2020-11-25,-0.148,https://www.mof.go.jp/english/policy/jgbs/reference/interest_rate/historical/jgbcme_all.csv,"MOF constant-maturity JGB secondary-market close 3pm, published next business day"
2020-11-26,-0.153,https://www.mof.go.jp/english/policy/jgbs/reference/interest_rate/historical/jgbcme_all.csv,"MOF constant-maturity JGB secondary-market close 3pm, published next business day"
2020-11-27,-0.13,https://www.mof.go.jp/english/policy/jgbs/reference/interest_rate/historical/jgbcme_all.csv,"MOF constant-maturity JGB secondary-market close 3pm, published next business day"
2020-11-30,-0.13,https://www.mof.go.jp/english/policy/jgbs/reference/interest_rate/historical/jgbcme_all.csv,"MOF constant-maturity JGB secondary-market close 3pm, published next business day"
2020-12-01,-0.13,https://www.mof.go.jp/english/policy/jgbs/reference/interest_rate/historical/jgbcme_all.csv,"MOF constant-maturity JGB secondary-market close 3pm, published next business day"
2020-12-02,-0.13,https://www.mof.go.jp/english/policy/jgbs/reference/interest_rate/historical/jgbcme_all.csv,"MOF constant-maturity JGB secondary-market close 3pm, published next business day"
2020-12-03,-0.125,https://www.mof.go.jp/english/policy/jgbs/reference/interest_rate/historical/jgbcme_all.csv,"MOF constant-maturity JGB secondary-market close 3pm, published next business day"
2020-12-04,-0.131,https://www.mof.go.jp/english/policy/jgbs/reference/interest_rate/historical/jgbcme_all.csv,"MOF constant-maturity JGB secondary-market close 3pm, published next business day"
2020-12-07,-0.137,https://www.mof.go.jp/english/policy/jgbs/reference/interest_rate/historical/jgbcme_all.csv,"MOF constant-maturity JGB secondary-market close 3pm, published next business day"
2020-12-08,-0.137,https://www.mof.go.jp/english/policy/jgbs/reference/interest_rate/historical/jgbcme_all.csv,"MOF constant-maturity JGB secondary-market close 3pm, published next business day"
2020-12-09,-0.137,https://www.mof.go.jp/english/policy/jgbs/reference/interest_rate/historical/jgbcme_all.csv,"MOF constant-maturity JGB secondary-market close 3pm, published next business day"
2020-12-10,-0.137,https://www.mof.go.jp/english/policy/jgbs/reference/interest_rate/historical/jgbcme_all.csv,"MOF constant-maturity JGB secondary-market close 3pm, published next business day"
2020-12-11,-0.142,https://www.mof.go.jp/english/policy/jgbs/reference/interest_rate/historical/jgbcme_all.csv,"MOF constant-maturity JGB secondary-market close 3pm, published next business day"
2020-12-14,-0.143,https://www.mof.go.jp/english/policy/jgbs/reference/interest_rate/historical/jgbcme_all.csv,"MOF constant-maturity JGB secondary-market close 3pm, published next business day"
2020-12-15,-0.144,https://www.mof.go.jp/english/policy/jgbs/reference/interest_rate/historical/jgbcme_all.csv,"MOF constant-maturity JGB secondary-market close 3pm, published next business day"
2020-12-16,-0.134,https://www.mof.go.jp/english/policy/jgbs/reference/interest_rate/historical/jgbcme_all.csv,"MOF constant-maturity JGB secondary-market close 3pm, published next business day"
2020-12-17,-0.134,https://www.mof.go.jp/english/policy/jgbs/reference/interest_rate/historical/jgbcme_all.csv,"MOF constant-maturity JGB secondary-market close 3pm, published next business day"
2020-12-18,-0.139,https://www.mof.go.jp/english/policy/jgbs/reference/interest_rate/historical/jgbcme_all.csv,"MOF constant-maturity JGB secondary-market close 3pm, published next business day"
2020-12-21,-0.132,https://www.mof.go.jp/english/policy/jgbs/reference/interest_rate/historical/jgbcme_all.csv,"MOF constant-maturity JGB secondary-market close 3pm, published next business day"
2020-12-22,-0.137,https://www.mof.go.jp/english/policy/jgbs/reference/interest_rate/historical/jgbcme_all.csv,"MOF constant-maturity JGB secondary-market close 3pm, published next business day"
2020-12-23,-0.138,https://www.mof.go.jp/english/policy/jgbs/reference/interest_rate/historical/jgbcme_all.csv,"MOF constant-maturity JGB secondary-market close 3pm, published next business day"
2020-12-24,-0.13,https://www.mof.go.jp/english/policy/jgbs/reference/interest_rate/historical/jgbcme_all.csv,"MOF constant-maturity JGB secondary-market close 3pm, published next business day"
2020-12-25,-0.13,https://www.mof.go.jp/english/policy/jgbs/reference/interest_rate/historical/jgbcme_all.csv,"MOF constant-maturity JGB secondary-market close 3pm, published next business day"
2020-12-28,-0.13,https://www.mof.go.jp/english/policy/jgbs/reference/interest_rate/historical/jgbcme_all.csv,"MOF constant-maturity JGB secondary-market close 3pm, published next business day"
2020-12-29,-0.124,https://www.mof.go.jp/english/policy/jgbs/reference/interest_rate/historical/jgbcme_all.csv,"MOF constant-maturity JGB secondary-market close 3pm, published next business day"
2020-12-30,-0.125,https://www.mof.go.jp/english/policy/jgbs/reference/interest_rate/historical/jgbcme_all.csv,"MOF constant-maturity JGB secondary-market close 3pm, published next business day"
2021-01-04,-0.121,https://www.mof.go.jp/english/policy/jgbs/reference/interest_rate/historical/jgbcme_all.csv,"MOF constant-maturity JGB secondary-market close 3pm, published next business day"
2021-01-05,-0.126,https://www.mof.go.jp/english/policy/jgbs/reference/interest_rate/historical/jgbcme_all.csv,"MOF constant-maturity JGB secondary-market close 3pm, published next business day"
2021-01-06,-0.121,https://www.mof.go.jp/english/policy/jgbs/reference/interest_rate/historical/jgbcme_all.csv,"MOF constant-maturity JGB secondary-market close 3pm, published next business day"
2021-01-07,-0.117,https://www.mof.go.jp/english/policy/jgbs/reference/interest_rate/historical/jgbcme_all.csv,"MOF constant-maturity JGB secondary-market close 3pm, published next business day"
2021-01-08,-0.122,https://www.mof.go.jp/english/policy/jgbs/reference/interest_rate/historical/jgbcme_all.csv,"MOF constant-maturity JGB secondary-market close 3pm, published next business day"
2021-01-12,-0.128,https://www.mof.go.jp/english/policy/jgbs/reference/interest_rate/historical/jgbcme_all.csv,"MOF constant-maturity JGB secondary-market close 3pm, published next business day"
2021-01-13,-0.13,https://www.mof.go.jp/english/policy/jgbs/reference/interest_rate/historical/jgbcme_all.csv,"MOF constant-maturity JGB secondary-market close 3pm, published next business day"
2021-01-14,-0.124,https://www.mof.go.jp/english/policy/jgbs/reference/interest_rate/historical/jgbcme_all.csv,"MOF constant-maturity JGB secondary-market close 3pm, published next business day"
2021-01-15,-0.129,https://www.mof.go.jp/english/policy/jgbs/reference/interest_rate/historical/jgbcme_all.csv,"MOF constant-maturity JGB secondary-market close 3pm, published next business day"
2021-01-18,-0.13,https://www.mof.go.jp/english/policy/jgbs/reference/interest_rate/historical/jgbcme_all.csv,"MOF constant-maturity JGB secondary-market close 3pm, published next business day"
2021-01-19,-0.125,https://www.mof.go.jp/english/policy/jgbs/reference/interest_rate/historical/jgbcme_all.csv,"MOF constant-maturity JGB secondary-market close 3pm, published next business day"
2021-01-20,-0.131,https://www.mof.go.jp/english/policy/jgbs/reference/interest_rate/historical/jgbcme_all.csv,"MOF constant-maturity JGB secondary-market close 3pm, published next business day"
2021-01-21,-0.136,https://www.mof.go.jp/english/policy/jgbs/reference/interest_rate/historical/jgbcme_all.csv,"MOF constant-maturity JGB secondary-market close 3pm, published next business day"
2021-01-22,-0.137,https://www.mof.go.jp/english/policy/jgbs/reference/interest_rate/historical/jgbcme_all.csv,"MOF constant-maturity JGB secondary-market close 3pm, published next business day"
2021-01-25,-0.138,https://www.mof.go.jp/english/policy/jgbs/reference/interest_rate/historical/jgbcme_all.csv,"MOF constant-maturity JGB secondary-market close 3pm, published next business day"
2021-01-26,-0.138,https://www.mof.go.jp/english/policy/jgbs/reference/interest_rate/historical/jgbcme_all.csv,"MOF constant-maturity JGB secondary-market close 3pm, published next business day"
2021-01-27,-0.133,https://www.mof.go.jp/english/policy/jgbs/reference/interest_rate/historical/jgbcme_all.csv,"MOF constant-maturity JGB secondary-market close 3pm, published next business day"
2021-01-28,-0.129,https://www.mof.go.jp/english/policy/jgbs/reference/interest_rate/historical/jgbcme_all.csv,"MOF constant-maturity JGB secondary-market close 3pm, published next business day"
2021-01-29,-0.129,https://www.mof.go.jp/english/policy/jgbs/reference/interest_rate/historical/jgbcme_all.csv,"MOF constant-maturity JGB secondary-market close 3pm, published next business day"
2021-02-01,-0.125,https://www.mof.go.jp/english/policy/jgbs/reference/interest_rate/historical/jgbcme_all.csv,"MOF constant-maturity JGB secondary-market close 3pm, published next business day"
2021-02-02,-0.125,https://www.mof.go.jp/english/policy/jgbs/reference/interest_rate/historical/jgbcme_all.csv,"MOF constant-maturity JGB secondary-market close 3pm, published next business day"
2021-02-03,-0.125,https://www.mof.go.jp/english/policy/jgbs/reference/interest_rate/historical/jgbcme_all.csv,"MOF constant-maturity JGB secondary-market close 3pm, published next business day"
2021-02-04,-0.131,https://www.mof.go.jp/english/policy/jgbs/reference/interest_rate/historical/jgbcme_all.csv,"MOF constant-maturity JGB secondary-market close 3pm, published next business day"
2021-02-05,-0.131,https://www.mof.go.jp/english/policy/jgbs/reference/interest_rate/historical/jgbcme_all.csv,"MOF constant-maturity JGB secondary-market close 3pm, published next business day"
2021-02-08,-0.127,https://www.mof.go.jp/english/policy/jgbs/reference/interest_rate/historical/jgbcme_all.csv,"MOF constant-maturity JGB secondary-market close 3pm, published next business day"
2021-02-09,-0.127,https://www.mof.go.jp/english/policy/jgbs/reference/interest_rate/historical/jgbcme_all.csv,"MOF constant-maturity JGB secondary-market close 3pm, published next business day"
2021-02-10,-0.123,https://www.mof.go.jp/english/policy/jgbs/reference/interest_rate/historical/jgbcme_all.csv,"MOF constant-maturity JGB secondary-market close 3pm, published next business day"
2021-02-12,-0.133,https://www.mof.go.jp/english/policy/jgbs/reference/interest_rate/historical/jgbcme_all.csv,"MOF constant-maturity JGB secondary-market close 3pm, published next business day"
2021-02-15,-0.13,https://www.mof.go.jp/english/policy/jgbs/reference/interest_rate/historical/jgbcme_all.csv,"MOF constant-maturity JGB secondary-market close 3pm, published next business day"
2021-02-16,-0.131,https://www.mof.go.jp/english/policy/jgbs/reference/interest_rate/historical/jgbcme_all.csv,"MOF constant-maturity JGB secondary-market close 3pm, published next business day"
2021-02-17,-0.119,https://www.mof.go.jp/english/policy/jgbs/reference/interest_rate/historical/jgbcme_all.csv,"MOF constant-maturity JGB secondary-market close 3pm, published next business day"
2021-02-18,-0.126,https://www.mof.go.jp/english/policy/jgbs/reference/interest_rate/historical/jgbcme_all.csv,"MOF constant-maturity JGB secondary-market close 3pm, published next business day"
2021-02-19,-0.12,https://www.mof.go.jp/english/policy/jgbs/reference/interest_rate/historical/jgbcme_all.csv,"MOF constant-maturity JGB secondary-market close 3pm, published next business day"
2021-02-22,-0.112,https://www.mof.go.jp/english/policy/jgbs/reference/interest_rate/historical/jgbcme_all.csv,"MOF constant-maturity JGB secondary-market close 3pm, published next business day"
2021-02-24,-0.113,https://www.mof.go.jp/english/policy/jgbs/reference/interest_rate/historical/jgbcme_all.csv,"MOF constant-maturity JGB secondary-market close 3pm, published next business day"
2021-02-25,-0.1,https://www.mof.go.jp/english/policy/jgbs/reference/interest_rate/historical/jgbcme_all.csv,"MOF constant-maturity JGB secondary-market close 3pm, published next business day"
2021-02-26,-0.114,https://www.mof.go.jp/english/policy/jgbs/reference/interest_rate/historical/jgbcme_all.csv,"MOF constant-maturity JGB secondary-market close 3pm, published next business day"
2021-03-01,-0.12,https://www.mof.go.jp/english/policy/jgbs/reference/interest_rate/historical/jgbcme_all.csv,"MOF constant-maturity JGB secondary-market close 3pm, published next business day"
2021-03-02,-0.125,https://www.mof.go.jp/english/policy/jgbs/reference/interest_rate/historical/jgbcme_all.csv,"MOF constant-maturity JGB secondary-market close 3pm, published next business day"
2021-03-03,-0.115,https://www.mof.go.jp/english/policy/jgbs/reference/interest_rate/historical/jgbcme_all.csv,"MOF constant-maturity JGB secondary-market close 3pm, published next business day"
2021-03-04,-0.121,https://www.mof.go.jp/english/policy/jgbs/reference/interest_rate/historical/jgbcme_all.csv,"MOF constant-maturity JGB secondary-market close 3pm, published next business day"
2021-03-05,-0.131,https://www.mof.go.jp/english/policy/jgbs/reference/interest_rate/historical/jgbcme_all.csv,"MOF constant-maturity JGB secondary-market close 3pm, published next business day"
2021-03-08,-0.122,https://www.mof.go.jp/english/policy/jgbs/reference/interest_rate/historical/jgbcme_all.csv,"MOF constant-maturity JGB secondary-market close 3pm, published next business day"
2021-03-09,-0.118,https://www.mof.go.jp/english/policy/jgbs/reference/interest_rate/historical/jgbcme_all.csv,"MOF constant-maturity JGB secondary-market close 3pm, published next business day"
2021-03-10,-0.117,https://www.mof.go.jp/english/policy/jgbs/reference/interest_rate/historical/jgbcme_all.csv,"MOF constant-maturity JGB secondary-market close 3pm, published next business day"
2021-03-11,-0.124,https://www.mof.go.jp/english/policy/jgbs/reference/interest_rate/historical/jgbcme_all.csv,"MOF constant-maturity JGB secondary-market close 3pm, published next business day"
2021-03-12,-0.128,https://www.mof.go.jp/english/policy/jgbs/reference/interest_rate/historical/jgbcme_all.csv,"MOF constant-maturity JGB secondary-market close 3pm, published next business day"
2021-03-15,-0.139,https://www.mof.go.jp/english/policy/jgbs/reference/interest_rate/historical/jgbcme_all.csv,"MOF constant-maturity JGB secondary-market close 3pm, published next business day"
2021-03-16,-0.15,https://www.mof.go.jp/english/policy/jgbs/reference/interest_rate/historical/jgbcme_all.csv,"MOF constant-maturity JGB secondary-market close 3pm, published next business day"
2021-03-17,-0.145,https://www.mof.go.jp/english/policy/jgbs/reference/interest_rate/historical/jgbcme_all.csv,"MOF constant-maturity JGB secondary-market close 3pm, published next business day"
2021-03-18,-0.14,https://www.mof.go.jp/english/policy/jgbs/reference/interest_rate/historical/jgbcme_all.csv,"MOF constant-maturity JGB secondary-market close 3pm, published next business day"
2021-03-19,-0.136,https://www.mof.go.jp/english/policy/jgbs/reference/interest_rate/historical/jgbcme_all.csv,"MOF constant-maturity JGB secondary-market close 3pm, published next business day"
2021-03-22,-0.142,https://www.mof.go.jp/english/policy/jgbs/reference/interest_rate/historical/jgbcme_all.csv,"MOF constant-maturity JGB secondary-market close 3pm, published next business day"
2021-03-23,-0.137,https://www.mof.go.jp/english/policy/jgbs/reference/interest_rate/historical/jgbcme_all.csv,"MOF constant-maturity JGB secondary-market close 3pm, published next business day"
2021-03-24,-0.141,https://www.mof.go.jp/english/policy/jgbs/reference/interest_rate/historical/jgbcme_all.csv,"MOF constant-maturity JGB secondary-market close 3pm, published next business day"
2021-03-25,-0.133,https://www.mof.go.jp/english/policy/jgbs/reference/interest_rate/historical/jgbcme_all.csv,"MOF constant-maturity JGB secondary-market close 3pm, published next business day"
2021-03-26,-0.138,https://www.mof.go.jp/english/policy/jgbs/reference/interest_rate/historical/jgbcme_all.csv,"MOF constant-maturity JGB secondary-market close 3pm, published next business day"
2021-03-29,-0.139,https://www.mof.go.jp/english/policy/jgbs/reference/interest_rate/historical/jgbcme_all.csv,"MOF constant-maturity JGB secondary-market close 3pm, published next business day"
2021-03-30,-0.126,https://www.mof.go.jp/english/policy/jgbs/reference/interest_rate/historical/jgbcme_all.csv,"MOF constant-maturity JGB secondary-market close 3pm, published next business day"
2021-03-31,-0.13,https://www.mof.go.jp/english/policy/jgbs/reference/interest_rate/historical/jgbcme_all.csv,"MOF constant-maturity JGB secondary-market close 3pm, published next business day"
2021-04-01,-0.125,https://www.mof.go.jp/english/policy/jgbs/reference/interest_rate/historical/jgbcme_all.csv,"MOF constant-maturity JGB secondary-market close 3pm, published next business day"
2021-04-02,-0.125,https://www.mof.go.jp/english/policy/jgbs/reference/interest_rate/historical/jgbcme_all.csv,"MOF constant-maturity JGB secondary-market close 3pm, published next business day"
2021-04-05,-0.12,https://www.mof.go.jp/english/policy/jgbs/reference/interest_rate/historical/jgbcme_all.csv,"MOF constant-maturity JGB secondary-market close 3pm, published next business day"
2021-04-06,-0.121,https://www.mof.go.jp/english/policy/jgbs/reference/interest_rate/historical/jgbcme_all.csv,"MOF constant-maturity JGB secondary-market close 3pm, published next business day"
2021-04-07,-0.121,https://www.mof.go.jp/english/policy/jgbs/reference/interest_rate/historical/jgbcme_all.csv,"MOF constant-maturity JGB secondary-market close 3pm, published next business day"
2021-04-08,-0.126,https://www.mof.go.jp/english/policy/jgbs/reference/interest_rate/historical/jgbcme_all.csv,"MOF constant-maturity JGB secondary-market close 3pm, published next business day"
2021-04-09,-0.126,https://www.mof.go.jp/english/policy/jgbs/reference/interest_rate/historical/jgbcme_all.csv,"MOF constant-maturity JGB secondary-market close 3pm, published next business day"
2021-04-12,-0.126,https://www.mof.go.jp/english/policy/jgbs/reference/interest_rate/historical/jgbcme_all.csv,"MOF constant-maturity JGB secondary-market close 3pm, published next business day"
2021-04-13,-0.132,https://www.mof.go.jp/english/policy/jgbs/reference/interest_rate/historical/jgbcme_all.csv,"MOF constant-maturity JGB secondary-market close 3pm, published next business day"
2021-04-14,-0.132,https://www.mof.go.jp/english/policy/jgbs/reference/interest_rate/historical/jgbcme_all.csv,"MOF constant-maturity JGB secondary-market close 3pm, published next business day"
2021-04-15,-0.133,https://www.mof.go.jp/english/policy/jgbs/reference/interest_rate/historical/jgbcme_all.csv,"MOF constant-maturity JGB secondary-market close 3pm, published next business day"
2021-04-16,-0.133,https://www.mof.go.jp/english/policy/jgbs/reference/interest_rate/historical/jgbcme_all.csv,"MOF constant-maturity JGB secondary-market close 3pm, published next business day"
2021-04-19,-0.132,https://www.mof.go.jp/english/policy/jgbs/reference/interest_rate/historical/jgbcme_all.csv,"MOF constant-maturity JGB secondary-market close 3pm, published next business day"
2021-04-20,-0.129,https://www.mof.go.jp/english/policy/jgbs/reference/interest_rate/historical/jgbcme_all.csv,"MOF constant-maturity JGB secondary-market close 3pm, published next business day"
2021-04-21,-0.134,https://www.mof.go.jp/english/policy/jgbs/reference/interest_rate/historical/jgbcme_all.csv,"MOF constant-maturity JGB secondary-market close 3pm, published next business day"
2021-04-22,-0.135,https://www.mof.go.jp/english/policy/jgbs/reference/interest_rate/historical/jgbcme_all.csv,"MOF constant-maturity JGB secondary-market close 3pm, published next business day"
2021-04-23,-0.135,https://www.mof.go.jp/english/policy/jgbs/reference/interest_rate/historical/jgbcme_all.csv,"MOF constant-maturity JGB secondary-market close 3pm, published next business day"
2021-04-26,-0.136,https://www.mof.go.jp/english/policy/jgbs/reference/interest_rate/historical/jgbcme_all.csv,"MOF constant-maturity JGB secondary-market close 3pm, published next business day"
2021-04-27,-0.136,https://www.mof.go.jp/english/policy/jgbs/reference/interest_rate/historical/jgbcme_all.csv,"MOF constant-maturity JGB secondary-market close 3pm, published next business day"
2021-04-28,-0.13,https://www.mof.go.jp/english/policy/jgbs/reference/interest_rate/historical/jgbcme_all.csv,"MOF constant-maturity JGB secondary-market close 3pm, published next business day"
2021-04-30,-0.13,https://www.mof.go.jp/english/policy/jgbs/reference/interest_rate/historical/jgbcme_all.csv,"MOF constant-maturity JGB secondary-market close 3pm, published next business day"
2021-05-06,-0.126,https://www.mof.go.jp/english/policy/jgbs/reference/interest_rate/historical/jgbcme_all.csv,"MOF constant-maturity JGB secondary-market close 3pm, published next business day"
2021-05-07,-0.131,https://www.mof.go.jp/english/policy/jgbs/reference/interest_rate/historical/jgbcme_all.csv,"MOF constant-maturity JGB secondary-market close 3pm, published next business day"
2021-05-10,-0.132,https://www.mof.go.jp/english/policy/jgbs/reference/interest_rate/historical/jgbcme_all.csv,"MOF constant-maturity JGB secondary-market close 3pm, published next business day"
2021-05-11,-0.132,https://www.mof.go.jp/english/policy/jgbs/reference/interest_rate/historical/jgbcme_all.csv,"MOF constant-maturity JGB secondary-market close 3pm, published next business day"
2021-05-12,-0.127,https://www.mof.go.jp/english/policy/jgbs/reference/interest_rate/historical/jgbcme_all.csv,"MOF constant-maturity JGB secondary-market close 3pm, published next business day"
2021-05-13,-0.127,https://www.mof.go.jp/english/policy/jgbs/reference/interest_rate/historical/jgbcme_all.csv,"MOF constant-maturity JGB secondary-market close 3pm, published next business day"
2021-05-14,-0.128,https://www.mof.go.jp/english/policy/jgbs/reference/interest_rate/historical/jgbcme_all.csv,"MOF constant-maturity JGB secondary-market close 3pm, published next business day"
2021-05-17,-0.13,https://www.mof.go.jp/english/policy/jgbs/reference/interest_rate/historical/jgbcme_all.csv,"MOF constant-maturity JGB secondary-market close 3pm, published next business day"
2021-05-18,-0.129,https://www.mof.go.jp/english/policy/jgbs/reference/interest_rate/historical/jgbcme_all.csv,"MOF constant-maturity JGB secondary-market close 3pm, published next business day"
2021-05-19,-0.129,https://www.mof.go.jp/english/policy/jgbs/reference/interest_rate/historical/jgbcme_all.csv,"MOF constant-maturity JGB secondary-market close 3pm, published next business day"
2021-05-20,-0.129,https://www.mof.go.jp/english/policy/jgbs/reference/interest_rate/historical/jgbcme_all.csv,"MOF constant-maturity JGB secondary-market close 3pm, published next business day"
2021-05-21,-0.129,https://www.mof.go.jp/english/policy/jgbs/reference/interest_rate/historical/jgbcme_all.csv,"MOF constant-maturity JGB secondary-market close 3pm, published next business day"
2021-05-24,-0.13,https://www.mof.go.jp/english/policy/jgbs/reference/interest_rate/historical/jgbcme_all.csv,"MOF constant-maturity JGB secondary-market close 3pm, published next business day"
2021-05-25,-0.13,https://www.mof.go.jp/english/policy/jgbs/reference/interest_rate/historical/jgbcme_all.csv,"MOF constant-maturity JGB secondary-market close 3pm, published next business day"
2021-05-26,-0.13,https://www.mof.go.jp/english/policy/jgbs/reference/interest_rate/historical/jgbcme_all.csv,"MOF constant-maturity JGB secondary-market close 3pm, published next business day"
2021-05-27,-0.136,https://www.mof.go.jp/english/policy/jgbs/reference/interest_rate/historical/jgbcme_all.csv,"MOF constant-maturity JGB secondary-market close 3pm, published next business day"
2021-05-28,-0.136,https://www.mof.go.jp/english/policy/jgbs/reference/interest_rate/historical/jgbcme_all.csv,"MOF constant-maturity JGB secondary-market close 3pm, published next business day"
2021-05-31,-0.125,https://www.mof.go.jp/english/policy/jgbs/reference/interest_rate/historical/jgbcme_all.csv,"MOF constant-maturity JGB secondary-market close 3pm, published next business day"
2021-06-01,-0.125,https://www.mof.go.jp/english/policy/jgbs/reference/interest_rate/historical/jgbcme_all.csv,"MOF constant-maturity JGB secondary-market close 3pm, published next business day"
2021-06-02,-0.125,https://www.mof.go.jp/english/policy/jgbs/reference/interest_rate/historical/jgbcme_all.csv,"MOF constant-maturity JGB secondary-market close 3pm, published next business day"
2021-06-03,-0.12,https://www.mof.go.jp/english/policy/jgbs/reference/interest_rate/historical/jgbcme_all.csv,"MOF constant-maturity JGB secondary-market close 3pm, published next business day"
2021-06-04,-0.12,https://www.mof.go.jp/english/policy/jgbs/reference/interest_rate/historical/jgbcme_all.csv,"MOF constant-maturity JGB secondary-market close 3pm, published next business day"
2021-06-07,-0.12,https://www.mof.go.jp/english/policy/jgbs/reference/interest_rate/historical/jgbcme_all.csv,"MOF constant-maturity JGB secondary-market close 3pm, published next business day"
2021-06-08,-0.121,https://www.mof.go.jp/english/policy/jgbs/reference/interest_rate/historical/jgbcme_all.csv,"MOF constant-maturity JGB secondary-market close 3pm, published next business day"
2021-06-09,-0.121,https://www.mof.go.jp/english/policy/jgbs/reference/interest_rate/historical/jgbcme_all.csv,"MOF constant-maturity JGB secondary-market close 3pm, published next business day"
2021-06-10,-0.126,https://www.mof.go.jp/english/policy/jgbs/reference/interest_rate/historical/jgbcme_all.csv,"MOF constant-maturity JGB secondary-market close 3pm, published next business day"
2021-06-11,-0.126,https://www.mof.go.jp/english/policy/jgbs/reference/interest_rate/historical/jgbcme_all.csv,"MOF constant-maturity JGB secondary-market close 3pm, published next business day"
2021-06-14,-0.126,https://www.mof.go.jp/english/policy/jgbs/reference/interest_rate/historical/jgbcme_all.csv,"MOF constant-maturity JGB secondary-market close 3pm, published next business day"
2021-06-15,-0.127,https://www.mof.go.jp/english/policy/jgbs/reference/interest_rate/historical/jgbcme_all.csv,"MOF constant-maturity JGB secondary-market close 3pm, published next business day"
2021-06-16,-0.128,https://www.mof.go.jp/english/policy/jgbs/reference/interest_rate/historical/jgbcme_all.csv,"MOF constant-maturity JGB secondary-market close 3pm, published next business day"
2021-06-17,-0.123,https://www.mof.go.jp/english/policy/jgbs/reference/interest_rate/historical/jgbcme_all.csv,"MOF constant-maturity JGB secondary-market close 3pm, published next business day"
2021-06-18,-0.123,https://www.mof.go.jp/english/policy/jgbs/reference/interest_rate/historical/jgbcme_all.csv,"MOF constant-maturity JGB secondary-market close 3pm, published next business day"
2021-06-21,-0.121,https://www.mof.go.jp/english/policy/jgbs/reference/interest_rate/historical/jgbcme_all.csv,"MOF constant-maturity JGB secondary-market close 3pm, published next business day"
2021-06-22,-0.115,https://www.mof.go.jp/english/policy/jgbs/reference/interest_rate/historical/jgbcme_all.csv,"MOF constant-maturity JGB secondary-market close 3pm, published next business day"
2021-06-23,-0.116,https://www.mof.go.jp/english/policy/jgbs/reference/interest_rate/historical/jgbcme_all.csv,"MOF constant-maturity JGB secondary-market close 3pm, published next business day"
2021-06-24,-0.116,https://www.mof.go.jp/english/policy/jgbs/reference/interest_rate/historical/jgbcme_all.csv,"MOF constant-maturity JGB secondary-market close 3pm, published next business day"
2021-06-25,-0.116,https://www.mof.go.jp/english/policy/jgbs/reference/interest_rate/historical/jgbcme_all.csv,"MOF constant-maturity JGB secondary-market close 3pm, published next business day"
2021-06-28,-0.115,https://www.mof.go.jp/english/policy/jgbs/reference/interest_rate/historical/jgbcme_all.csv,"MOF constant-maturity JGB secondary-market close 3pm, published next business day"
2021-06-29,-0.114,https://www.mof.go.jp/english/policy/jgbs/reference/interest_rate/historical/jgbcme_all.csv,"MOF constant-maturity JGB secondary-market close 3pm, published next business day"
2021-06-30,-0.115,https://www.mof.go.jp/english/policy/jgbs/reference/interest_rate/historical/jgbcme_all.csv,"MOF constant-maturity JGB secondary-market close 3pm, published next business day"
2021-07-01,-0.12,https://www.mof.go.jp/english/policy/jgbs/reference/interest_rate/historical/jgbcme_all.csv,"MOF constant-maturity JGB secondary-market close 3pm, published next business day"
2021-07-02,-0.12,https://www.mof.go.jp/english/policy/jgbs/reference/interest_rate/historical/jgbcme_all.csv,"MOF constant-maturity JGB secondary-market close 3pm, published next business day"
2021-07-05,-0.116,https://www.mof.go.jp/english/policy/jgbs/reference/interest_rate/historical/jgbcme_all.csv,"MOF constant-maturity JGB secondary-market close 3pm, published next business day"
2021-07-06,-0.111,https://www.mof.go.jp/english/policy/jgbs/reference/interest_rate/historical/jgbcme_all.csv,"MOF constant-maturity JGB secondary-market close 3pm, published next business day"
2021-07-07,-0.111,https://www.mof.go.jp/english/policy/jgbs/reference/interest_rate/historical/jgbcme_all.csv,"MOF constant-maturity JGB secondary-market close 3pm, published next business day"
2021-07-08,-0.117,https://www.mof.go.jp/english/policy/jgbs/reference/interest_rate/historical/jgbcme_all.csv,"MOF constant-maturity JGB secondary-market close 3pm, published next business day"
2021-07-09,-0.117,https://www.mof.go.jp/english/policy/jgbs/reference/interest_rate/historical/jgbcme_all.csv,"MOF constant-maturity JGB secondary-market close 3pm, published next business day"
2021-07-12,-0.117,https://www.mof.go.jp/english/policy/jgbs/reference/interest_rate/historical/jgbcme_all.csv,"MOF constant-maturity JGB secondary-market close 3pm, published next business day"
2021-07-13,-0.122,https://www.mof.go.jp/english/policy/jgbs/reference/interest_rate/historical/jgbcme_all.csv,"MOF constant-maturity JGB secondary-market close 3pm, published next business day"
2021-07-14,-0.128,https://www.mof.go.jp/english/policy/jgbs/reference/interest_rate/historical/jgbcme_all.csv,"MOF constant-maturity JGB secondary-market close 3pm, published next business day"
2021-07-15,-0.128,https://www.mof.go.jp/english/policy/jgbs/reference/interest_rate/historical/jgbcme_all.csv,"MOF constant-maturity JGB secondary-market close 3pm, published next business day"
2021-07-16,-0.128,https://www.mof.go.jp/english/policy/jgbs/reference/interest_rate/historical/jgbcme_all.csv,"MOF constant-maturity JGB secondary-market close 3pm, published next business day"
2021-07-19,-0.134,https://www.mof.go.jp/english/policy/jgbs/reference/interest_rate/historical/jgbcme_all.csv,"MOF constant-maturity JGB secondary-market close 3pm, published next business day"
2021-07-20,-0.134,https://www.mof.go.jp/english/policy/jgbs/reference/interest_rate/historical/jgbcme_all.csv,"MOF constant-maturity JGB secondary-market close 3pm, published next business day"
2021-07-21,-0.134,https://www.mof.go.jp/english/policy/jgbs/reference/interest_rate/historical/jgbcme_all.csv,"MOF constant-maturity JGB secondary-market close 3pm, published next business day"
2021-07-26,-0.135,https://www.mof.go.jp/english/policy/jgbs/reference/interest_rate/historical/jgbcme_all.csv,"MOF constant-maturity JGB secondary-market close 3pm, published next business day"
2021-07-27,-0.13,https://www.mof.go.jp/english/policy/jgbs/reference/interest_rate/historical/jgbcme_all.csv,"MOF constant-maturity JGB secondary-market close 3pm, published next business day"
2021-07-28,-0.13,https://www.mof.go.jp/english/policy/jgbs/reference/interest_rate/historical/jgbcme_all.csv,"MOF constant-maturity JGB secondary-market close 3pm, published next business day"
2021-07-29,-0.125,https://www.mof.go.jp/english/policy/jgbs/reference/interest_rate/historical/jgbcme_all.csv,"MOF constant-maturity JGB secondary-market close 3pm, published next business day"
2021-07-30,-0.125,https://www.mof.go.jp/english/policy/jgbs/reference/interest_rate/historical/jgbcme_all.csv,"MOF constant-maturity JGB secondary-market close 3pm, published next business day"
2021-08-02,-0.13,https://www.mof.go.jp/english/policy/jgbs/reference/interest_rate/historical/jgbcme_all.csv,"MOF constant-maturity JGB secondary-market close 3pm, published next business day"
2021-08-03,-0.125,https://www.mof.go.jp/english/policy/jgbs/reference/interest_rate/historical/jgbcme_all.csv,"MOF constant-maturity JGB secondary-market close 3pm, published next business day"
2021-08-04,-0.13,https://www.mof.go.jp/english/policy/jgbs/reference/interest_rate/historical/jgbcme_all.csv,"MOF constant-maturity JGB secondary-market close 3pm, published next business day"
2021-08-05,-0.136,https://www.mof.go.jp/english/policy/jgbs/reference/interest_rate/historical/jgbcme_all.csv,"MOF constant-maturity JGB secondary-market close 3pm, published next business day"
2021-08-06,-0.136,https://www.mof.go.jp/english/policy/jgbs/reference/interest_rate/historical/jgbcme_all.csv,"MOF constant-maturity JGB secondary-market close 3pm, published next business day"
2021-08-10,-0.131,https://www.mof.go.jp/english/policy/jgbs/reference/interest_rate/historical/jgbcme_all.csv,"MOF constant-maturity JGB secondary-market close 3pm, published next business day"
2021-08-11,-0.131,https://www.mof.go.jp/english/policy/jgbs/reference/interest_rate/historical/jgbcme_all.csv,"MOF constant-maturity JGB secondary-market close 3pm, published next business day"
2021-08-12,-0.131,https://www.mof.go.jp/english/policy/jgbs/reference/interest_rate/historical/jgbcme_all.csv,"MOF constant-maturity JGB secondary-market close 3pm, published next business day"
2021-08-13,-0.136,https://www.mof.go.jp/english/policy/jgbs/reference/interest_rate/historical/jgbcme_all.csv,"MOF constant-maturity JGB secondary-market close 3pm, published next business day"
2021-08-16,-0.136,https://www.mof.go.jp/english/policy/jgbs/reference/interest_rate/historical/jgbcme_all.csv,"MOF constant-maturity JGB secondary-market close 3pm, published next business day"
2021-08-17,-0.142,https://www.mof.go.jp/english/policy/jgbs/reference/interest_rate/historical/jgbcme_all.csv,"MOF constant-maturity JGB secondary-market close 3pm, published next business day"
2021-08-18,-0.142,https://www.mof.go.jp/english/policy/jgbs/reference/interest_rate/historical/jgbcme_all.csv,"MOF constant-maturity JGB secondary-market close 3pm, published next business day"
2021-08-19,-0.142,https://www.mof.go.jp/english/policy/jgbs/reference/interest_rate/historical/jgbcme_all.csv,"MOF constant-maturity JGB secondary-market close 3pm, published next business day"
2021-08-20,-0.142,https://www.mof.go.jp/english/policy/jgbs/reference/interest_rate/historical/jgbcme_all.csv,"MOF constant-maturity JGB secondary-market close 3pm, published next business day"
2021-08-23,-0.139,https://www.mof.go.jp/english/policy/jgbs/reference/interest_rate/historical/jgbcme_all.csv,"MOF constant-maturity JGB secondary-market close 3pm, published next business day"
2021-08-24,-0.139,https://www.mof.go.jp/english/policy/jgbs/reference/interest_rate/historical/jgbcme_all.csv,"MOF constant-maturity JGB secondary-market close 3pm, published next business day"
2021-08-25,-0.138,https://www.mof.go.jp/english/policy/jgbs/reference/interest_rate/historical/jgbcme_all.csv,"MOF constant-maturity JGB secondary-market close 3pm, published next business day"
2021-08-26,-0.133,https://www.mof.go.jp/english/policy/jgbs/reference/interest_rate/historical/jgbcme_all.csv,"MOF constant-maturity JGB secondary-market close 3pm, published next business day"
2021-08-27,-0.133,https://www.mof.go.jp/english/policy/jgbs/reference/interest_rate/historical/jgbcme_all.csv,"MOF constant-maturity JGB secondary-market close 3pm, published next business day"
2021-08-30,-0.128,https://www.mof.go.jp/english/policy/jgbs/reference/interest_rate/historical/jgbcme_all.csv,"MOF constant-maturity JGB secondary-market close 3pm, published next business day"
2021-08-31,-0.13,https://www.mof.go.jp/english/policy/jgbs/reference/interest_rate/historical/jgbcme_all.csv,"MOF constant-maturity JGB secondary-market close 3pm, published next business day"
2021-09-01,-0.13,https://www.mof.go.jp/english/policy/jgbs/reference/interest_rate/historical/jgbcme_all.csv,"MOF constant-maturity JGB secondary-market close 3pm, published next business day"
2021-09-02,-0.13,https://www.mof.go.jp/english/policy/jgbs/reference/interest_rate/historical/jgbcme_all.csv,"MOF constant-maturity JGB secondary-market close 3pm, published next business day"
2021-09-03,-0.125,https://www.mof.go.jp/english/policy/jgbs/reference/interest_rate/historical/jgbcme_all.csv,"MOF constant-maturity JGB secondary-market close 3pm, published next business day"
2021-09-06,-0.12,https://www.mof.go.jp/english/policy/jgbs/reference/interest_rate/historical/jgbcme_all.csv,"MOF constant-maturity JGB secondary-market close 3pm, published next business day"
2021-09-07,-0.125,https://www.mof.go.jp/english/policy/jgbs/reference/interest_rate/historical/jgbcme_all.csv,"MOF constant-maturity JGB secondary-market close 3pm, published next business day"
2021-09-08,-0.125,https://www.mof.go.jp/english/policy/jgbs/reference/interest_rate/historical/jgbcme_all.csv,"MOF constant-maturity JGB secondary-market close 3pm, published next business day"
2021-09-09,-0.125,https://www.mof.go.jp/english/policy/jgbs/reference/interest_rate/historical/jgbcme_all.csv,"MOF constant-maturity JGB secondary-market close 3pm, published next business day"
2021-09-10,-0.125,https://www.mof.go.jp/english/policy/jgbs/reference/interest_rate/historical/jgbcme_all.csv,"MOF constant-maturity JGB secondary-market close 3pm, published next business day"
2021-09-13,-0.126,https://www.mof.go.jp/english/policy/jgbs/reference/interest_rate/historical/jgbcme_all.csv,"MOF constant-maturity JGB secondary-market close 3pm, published next business day"
2021-09-14,-0.126,https://www.mof.go.jp/english/policy/jgbs/reference/interest_rate/historical/jgbcme_all.csv,"MOF constant-maturity JGB secondary-market close 3pm, published next business day"
2021-09-15,-0.131,https://www.mof.go.jp/english/policy/jgbs/reference/interest_rate/historical/jgbcme_all.csv,"MOF constant-maturity JGB secondary-market close 3pm, published next business day"
2021-09-16,-0.127,https://www.mof.go.jp/english/policy/jgbs/reference/interest_rate/historical/jgbcme_all.csv,"MOF constant-maturity JGB secondary-market close 3pm, published next business day"
2021-09-17,-0.127,https://www.mof.go.jp/english/policy/jgbs/reference/interest_rate/historical/jgbcme_all.csv,"MOF constant-maturity JGB secondary-market close 3pm, published next business day"
2021-09-21,-0.133,https://www.mof.go.jp/english/policy/jgbs/reference/interest_rate/historical/jgbcme_all.csv,"MOF constant-maturity JGB secondary-market close 3pm, published next business day"
2021-09-22,-0.133,https://www.mof.go.jp/english/policy/jgbs/reference/interest_rate/historical/jgbcme_all.csv,"MOF constant-maturity JGB secondary-market close 3pm, published next business day"
2021-09-24,-0.128,https://www.mof.go.jp/english/policy/jgbs/reference/interest_rate/historical/jgbcme_all.csv,"MOF constant-maturity JGB secondary-market close 3pm, published next business day"
2021-09-27,-0.129,https://www.mof.go.jp/english/policy/jgbs/reference/interest_rate/historical/jgbcme_all.csv,"MOF constant-maturity JGB secondary-market close 3pm, published next business day"
2021-09-28,-0.129,https://www.mof.go.jp/english/policy/jgbs/reference/interest_rate/historical/jgbcme_all.csv,"MOF constant-maturity JGB secondary-market close 3pm, published next business day"
2021-09-29,-0.125,https://www.mof.go.jp/english/policy/jgbs/reference/interest_rate/historical/jgbcme_all.csv,"MOF constant-maturity JGB secondary-market close 3pm, published next business day"
2021-09-30,-0.115,https://www.mof.go.jp/english/policy/jgbs/reference/interest_rate/historical/jgbcme_all.csv,"MOF constant-maturity JGB secondary-market close 3pm, published next business day"
2021-10-01,-0.125,https://www.mof.go.jp/english/policy/jgbs/reference/interest_rate/historical/jgbcme_all.csv,"MOF constant-maturity JGB secondary-market close 3pm, published next business day"
2021-10-04,-0.12,https://www.mof.go.jp/english/policy/jgbs/reference/interest_rate/historical/jgbcme_all.csv,"MOF constant-maturity JGB secondary-market close 3pm, published next business day"
2021-10-05,-0.12,https://www.mof.go.jp/english/policy/jgbs/reference/interest_rate/historical/jgbcme_all.csv,"MOF constant-maturity JGB secondary-market close 3pm, published next business day"
2021-10-06,-0.116,https://www.mof.go.jp/english/policy/jgbs/reference/interest_rate/historical/jgbcme_all.csv,"MOF constant-maturity JGB secondary-market close 3pm, published next business day"
2021-10-07,-0.121,https://www.mof.go.jp/english/policy/jgbs/reference/interest_rate/historical/jgbcme_all.csv,"MOF constant-maturity JGB secondary-market close 3pm, published next business day"
2021-10-08,-0.116,https://www.mof.go.jp/english/policy/jgbs/reference/interest_rate/historical/jgbcme_all.csv,"MOF constant-maturity JGB secondary-market close 3pm, published next business day"
2021-10-11,-0.116,https://www.mof.go.jp/english/policy/jgbs/reference/interest_rate/historical/jgbcme_all.csv,"MOF constant-maturity JGB secondary-market close 3pm, published next business day"
2021-10-12,-0.116,https://www.mof.go.jp/english/policy/jgbs/reference/interest_rate/historical/jgbcme_all.csv,"MOF constant-maturity JGB secondary-market close 3pm, published next business day"
2021-10-13,-0.117,https://www.mof.go.jp/english/policy/jgbs/reference/interest_rate/historical/jgbcme_all.csv,"MOF constant-maturity JGB secondary-market close 3pm, published next business day"
2021-10-14,-0.117,https://www.mof.go.jp/english/policy/jgbs/reference/interest_rate/historical/jgbcme_all.csv,"MOF constant-maturity JGB secondary-market close 3pm, published next business day"
2021-10-15,-0.117,https://www.mof.go.jp/english/policy/jgbs/reference/interest_rate/historical/jgbcme_all.csv,"MOF constant-maturity JGB secondary-market close 3pm, published next business day"
2021-10-18,-0.119,https://www.mof.go.jp/english/policy/jgbs/reference/interest_rate/historical/jgbcme_all.csv,"MOF constant-maturity JGB secondary-market close 3pm, published next business day"
2021-10-19,-0.12,https://www.mof.go.jp/english/policy/jgbs/reference/interest_rate/historical/jgbcme_all.csv,"MOF constant-maturity JGB secondary-market close 3pm, published next business day"
2021-10-20,-0.114,https://www.mof.go.jp/english/policy/jgbs/reference/interest_rate/historical/jgbcme_all.csv,"MOF constant-maturity JGB secondary-market close 3pm, published next business day"
2021-10-21,-0.114,https://www.mof.go.jp/english/policy/jgbs/reference/interest_rate/historical/jgbcme_all.csv,"MOF constant-maturity JGB secondary-market close 3pm, published next business day"
2021-10-22,-0.114,https://www.mof.go.jp/english/policy/jgbs/reference/interest_rate/historical/jgbcme_all.csv,"MOF constant-maturity JGB secondary-market close 3pm, published next business day"
2021-10-25,-0.108,https://www.mof.go.jp/english/policy/jgbs/reference/interest_rate/historical/jgbcme_all.csv,"MOF constant-maturity JGB secondary-market close 3pm, published next business day"
2021-10-26,-0.11,https://www.mof.go.jp/english/policy/jgbs/reference/interest_rate/historical/jgbcme_all.csv,"MOF constant-maturity JGB secondary-market close 3pm, published next business day"
2021-10-27,-0.101,https://www.mof.go.jp/english/policy/jgbs/reference/interest_rate/historical/jgbcme_all.csv,"MOF constant-maturity JGB secondary-market close 3pm, published next business day"
2021-10-28,-0.105,https://www.mof.go.jp/english/policy/jgbs/reference/interest_rate/historical/jgbcme_all.csv,"MOF constant-maturity JGB secondary-market close 3pm, published next business day"
2021-10-29,-0.105,https://www.mof.go.jp/english/policy/jgbs/reference/interest_rate/historical/jgbcme_all.csv,"MOF constant-maturity JGB secondary-market close 3pm, published next business day"
2021-11-01,-0.105,https://www.mof.go.jp/english/policy/jgbs/reference/interest_rate/historical/jgbcme_all.csv,"MOF constant-maturity JGB secondary-market close 3pm, published next business day"
2021-11-02,-0.105,https://www.mof.go.jp/english/policy/jgbs/reference/interest_rate/historical/jgbcme_all.csv,"MOF constant-maturity JGB secondary-market close 3pm, published next business day"
2021-11-04,-0.1,https://www.mof.go.jp/english/policy/jgbs/reference/interest_rate/historical/jgbcme_all.csv,"MOF constant-maturity JGB secondary-market close 3pm, published next business day"
2021-11-05,-0.11,https://www.mof.go.jp/english/policy/jgbs/reference/interest_rate/historical/jgbcme_all.csv,"MOF constant-maturity JGB secondary-market close 3pm, published next business day"
2021-11-08,-0.117,https://www.mof.go.jp/english/policy/jgbs/reference/interest_rate/historical/jgbcme_all.csv,"MOF constant-maturity JGB secondary-market close 3pm, published next business day"
2021-11-09,-0.116,https://www.mof.go.jp/english/policy/jgbs/reference/interest_rate/historical/jgbcme_all.csv,"MOF constant-maturity JGB secondary-market close 3pm, published next business day"
2021-11-10,-0.116,https://www.mof.go.jp/english/policy/jgbs/reference/interest_rate/historical/jgbcme_all.csv,"MOF constant-maturity JGB secondary-market close 3pm, published next business day"
2021-11-11,-0.116,https://www.mof.go.jp/english/policy/jgbs/reference/interest_rate/historical/jgbcme_all.csv,"MOF constant-maturity JGB secondary-market close 3pm, published next business day"
2021-11-12,-0.116,https://www.mof.go.jp/english/policy/jgbs/reference/interest_rate/historical/jgbcme_all.csv,"MOF constant-maturity JGB secondary-market close 3pm, published next business day"
2021-11-15,-0.123,https://www.mof.go.jp/english/policy/jgbs/reference/interest_rate/historical/jgbcme_all.csv,"MOF constant-maturity JGB secondary-market close 3pm, published next business day"
2021-11-16,-0.125,https://www.mof.go.jp/english/policy/jgbs/reference/interest_rate/historical/jgbcme_all.csv,"MOF constant-maturity JGB secondary-market close 3pm, published next business day"
2021-11-17,-0.128,https://www.mof.go.jp/english/policy/jgbs/reference/interest_rate/historical/jgbcme_all.csv,"MOF constant-maturity JGB secondary-market close 3pm, published next business day"
2021-11-18,-0.125,https://www.mof.go.jp/english/policy/jgbs/reference/interest_rate/historical/jgbcme_all.csv,"MOF constant-maturity JGB secondary-market close 3pm, published next business day"
2021-11-19,-0.129,https://www.mof.go.jp/english/policy/jgbs/reference/interest_rate/historical/jgbcme_all.csv,"MOF constant-maturity JGB secondary-market close 3pm, published next business day"
2021-11-22,-0.135,https://www.mof.go.jp/english/policy/jgbs/reference/interest_rate/historical/jgbcme_all.csv,"MOF constant-maturity JGB secondary-market close 3pm, published next business day"
2021-11-24,-0.13,https://www.mof.go.jp/english/policy/jgbs/reference/interest_rate/historical/jgbcme_all.csv,"MOF constant-maturity JGB secondary-market close 3pm, published next business day"
2021-11-25,-0.125,https://www.mof.go.jp/english/policy/jgbs/reference/interest_rate/historical/jgbcme_all.csv,"MOF constant-maturity JGB secondary-market close 3pm, published next business day"
2021-11-26,-0.132,https://www.mof.go.jp/english/policy/jgbs/reference/interest_rate/historical/jgbcme_all.csv,"MOF constant-maturity JGB secondary-market close 3pm, published next business day"
2021-11-29,-0.131,https://www.mof.go.jp/english/policy/jgbs/reference/interest_rate/historical/jgbcme_all.csv,"MOF constant-maturity JGB secondary-market close 3pm, published next business day"
2021-11-30,-0.12,https://www.mof.go.jp/english/policy/jgbs/reference/interest_rate/historical/jgbcme_all.csv,"MOF constant-maturity JGB secondary-market close 3pm, published next business day"
2021-12-01,-0.12,https://www.mof.go.jp/english/policy/jgbs/reference/interest_rate/historical/jgbcme_all.csv,"MOF constant-maturity JGB secondary-market close 3pm, published next business day"
2021-12-02,-0.12,https://www.mof.go.jp/english/policy/jgbs/reference/interest_rate/historical/jgbcme_all.csv,"MOF constant-maturity JGB secondary-market close 3pm, published next business day"
2021-12-03,-0.115,https://www.mof.go.jp/english/policy/jgbs/reference/interest_rate/historical/jgbcme_all.csv,"MOF constant-maturity JGB secondary-market close 3pm, published next business day"
2021-12-06,-0.116,https://www.mof.go.jp/english/policy/jgbs/reference/interest_rate/historical/jgbcme_all.csv,"MOF constant-maturity JGB secondary-market close 3pm, published next business day"
2021-12-07,-0.116,https://www.mof.go.jp/english/policy/jgbs/reference/interest_rate/historical/jgbcme_all.csv,"MOF constant-maturity JGB secondary-market close 3pm, published next business day"
2021-12-08,-0.111,https://www.mof.go.jp/english/policy/jgbs/reference/interest_rate/historical/jgbcme_all.csv,"MOF constant-maturity JGB secondary-market close 3pm, published next business day"
2021-12-09,-0.106,https://www.mof.go.jp/english/policy/jgbs/reference/interest_rate/historical/jgbcme_all.csv,"MOF constant-maturity JGB secondary-market close 3pm, published next business day"
2021-12-10,-0.107,https://www.mof.go.jp/english/policy/jgbs/reference/interest_rate/historical/jgbcme_all.csv,"MOF constant-maturity JGB secondary-market close 3pm, published next business day"
2021-12-13,-0.107,https://www.mof.go.jp/english/policy/jgbs/reference/interest_rate/historical/jgbcme_all.csv,"MOF constant-maturity JGB secondary-market close 3pm, published next business day"
2021-12-14,-0.112,https://www.mof.go.jp/english/policy/jgbs/reference/interest_rate/historical/jgbcme_all.csv,"MOF constant-maturity JGB secondary-market close 3pm, published next business day"
2021-12-15,-0.112,https://www.mof.go.jp/english/policy/jgbs/reference/interest_rate/historical/jgbcme_all.csv,"MOF constant-maturity JGB secondary-market close 3pm, published next business day"
2021-12-16,-0.113,https://www.mof.go.jp/english/policy/jgbs/reference/interest_rate/historical/jgbcme_all.csv,"MOF constant-maturity JGB secondary-market close 3pm, published next business day"
2021-12-17,-0.112,https://www.mof.go.jp/english/policy/jgbs/reference/interest_rate/historical/jgbcme_all.csv,"MOF constant-maturity JGB secondary-market close 3pm, published next business day"
2021-12-20,-0.113,https://www.mof.go.jp/english/policy/jgbs/reference/interest_rate/historical/jgbcme_all.csv,"MOF constant-maturity JGB secondary-market close 3pm, published next business day"
2021-12-21,-0.107,https://www.mof.go.jp/english/policy/jgbs/reference/interest_rate/historical/jgbcme_all.csv,"MOF constant-maturity JGB secondary-market close 3pm, published next business day"
2021-12-22,-0.103,https://www.mof.go.jp/english/policy/jgbs/reference/interest_rate/historical/jgbcme_all.csv,"MOF constant-maturity JGB secondary-market close 3pm, published next business day"
2021-12-23,-0.097,https://www.mof.go.jp/english/policy/jgbs/reference/interest_rate/historical/jgbcme_all.csv,"MOF constant-maturity JGB secondary-market close 3pm, published next business day"
2021-12-24,-0.099,https://www.mof.go.jp/english/policy/jgbs/reference/interest_rate/historical/jgbcme_all.csv,"MOF constant-maturity JGB secondary-market close 3pm, published next business day"
2021-12-27,-0.095,https://www.mof.go.jp/english/policy/jgbs/reference/interest_rate/historical/jgbcme_all.csv,"MOF constant-maturity JGB secondary-market close 3pm, published next business day"
2021-12-28,-0.095,https://www.mof.go.jp/english/policy/jgbs/reference/interest_rate/historical/jgbcme_all.csv,"MOF constant-maturity JGB secondary-market close 3pm, published next business day"
2021-12-29,-0.1,https://www.mof.go.jp/english/policy/jgbs/reference/interest_rate/historical/jgbcme_all.csv,"MOF constant-maturity JGB secondary-market close 3pm, published next business day"
2021-12-30,-0.095,https://www.mof.go.jp/english/policy/jgbs/reference/interest_rate/historical/jgbcme_all.csv,"MOF constant-maturity JGB secondary-market close 3pm, published next business day"
2022-01-04,-0.085,https://www.mof.go.jp/english/policy/jgbs/reference/interest_rate/historical/jgbcme_all.csv,"MOF constant-maturity JGB secondary-market close 3pm, published next business day"
2022-01-05,-0.086,https://www.mof.go.jp/english/policy/jgbs/reference/interest_rate/historical/jgbcme_all.csv,"MOF constant-maturity JGB secondary-market close 3pm, published next business day"
2022-01-06,-0.081,https://www.mof.go.jp/english/policy/jgbs/reference/interest_rate/historical/jgbcme_all.csv,"MOF constant-maturity JGB secondary-market close 3pm, published next business day"
2022-01-07,-0.076,https://www.mof.go.jp/english/policy/jgbs/reference/interest_rate/historical/jgbcme_all.csv,"MOF constant-maturity JGB secondary-market close 3pm, published next business day"
2022-01-11,-0.078,https://www.mof.go.jp/english/policy/jgbs/reference/interest_rate/historical/jgbcme_all.csv,"MOF constant-maturity JGB secondary-market close 3pm, published next business day"
2022-01-12,-0.083,https://www.mof.go.jp/english/policy/jgbs/reference/interest_rate/historical/jgbcme_all.csv,"MOF constant-maturity JGB secondary-market close 3pm, published next business day"
2022-01-13,-0.083,https://www.mof.go.jp/english/policy/jgbs/reference/interest_rate/historical/jgbcme_all.csv,"MOF constant-maturity JGB secondary-market close 3pm, published next business day"
2022-01-14,-0.073,https://www.mof.go.jp/english/policy/jgbs/reference/interest_rate/historical/jgbcme_all.csv,"MOF constant-maturity JGB secondary-market close 3pm, published next business day"
2022-01-17,-0.074,https://www.mof.go.jp/english/policy/jgbs/reference/interest_rate/historical/jgbcme_all.csv,"MOF constant-maturity JGB secondary-market close 3pm, published next business day"
2022-01-18,-0.075,https://www.mof.go.jp/english/policy/jgbs/reference/interest_rate/historical/jgbcme_all.csv,"MOF constant-maturity JGB secondary-market close 3pm, published next business day"
2022-01-19,-0.08,https://www.mof.go.jp/english/policy/jgbs/reference/interest_rate/historical/jgbcme_all.csv,"MOF constant-maturity JGB secondary-market close 3pm, published next business day"
2022-01-20,-0.075,https://www.mof.go.jp/english/policy/jgbs/reference/interest_rate/historical/jgbcme_all.csv,"MOF constant-maturity JGB secondary-market close 3pm, published next business day"
2022-01-21,-0.076,https://www.mof.go.jp/english/policy/jgbs/reference/interest_rate/historical/jgbcme_all.csv,"MOF constant-maturity JGB secondary-market close 3pm, published next business day"
2022-01-24,-0.071,https://www.mof.go.jp/english/policy/jgbs/reference/interest_rate/historical/jgbcme_all.csv,"MOF constant-maturity JGB secondary-market close 3pm, published next business day"
2022-01-25,-0.071,https://www.mof.go.jp/english/policy/jgbs/reference/interest_rate/historical/jgbcme_all.csv,"MOF constant-maturity JGB secondary-market close 3pm, published next business day"
2022-01-26,-0.071,https://www.mof.go.jp/english/policy/jgbs/reference/interest_rate/historical/jgbcme_all.csv,"MOF constant-maturity JGB secondary-market close 3pm, published next business day"
2022-01-27,-0.055,https://www.mof.go.jp/english/policy/jgbs/reference/interest_rate/historical/jgbcme_all.csv,"MOF constant-maturity JGB secondary-market close 3pm, published next business day"
2022-01-28,-0.055,https://www.mof.go.jp/english/policy/jgbs/reference/interest_rate/historical/jgbcme_all.csv,"MOF constant-maturity JGB secondary-market close 3pm, published next business day"
2022-01-31,-0.055,https://www.mof.go.jp/english/policy/jgbs/reference/interest_rate/historical/jgbcme_all.csv,"MOF constant-maturity JGB secondary-market close 3pm, published next business day"
2022-02-01,-0.05,https://www.mof.go.jp/english/policy/jgbs/reference/interest_rate/historical/jgbcme_all.csv,"MOF constant-maturity JGB secondary-market close 3pm, published next business day"
2022-02-02,-0.05,https://www.mof.go.jp/english/policy/jgbs/reference/interest_rate/historical/jgbcme_all.csv,"MOF constant-maturity JGB secondary-market close 3pm, published next business day"
2022-02-03,-0.05,https://www.mof.go.jp/english/policy/jgbs/reference/interest_rate/historical/jgbcme_all.csv,"MOF constant-maturity JGB secondary-market close 3pm, published next business day"
2022-02-04,-0.045,https://www.mof.go.jp/english/policy/jgbs/reference/interest_rate/historical/jgbcme_all.csv,"MOF constant-maturity JGB secondary-market close 3pm, published next business day"
2022-02-07,-0.045,https://www.mof.go.jp/english/policy/jgbs/reference/interest_rate/historical/jgbcme_all.csv,"MOF constant-maturity JGB secondary-market close 3pm, published next business day"
2022-02-08,-0.04,https://www.mof.go.jp/english/policy/jgbs/reference/interest_rate/historical/jgbcme_all.csv,"MOF constant-maturity JGB secondary-market close 3pm, published next business day"
2022-02-09,-0.04,https://www.mof.go.jp/english/policy/jgbs/reference/interest_rate/historical/jgbcme_all.csv,"MOF constant-maturity JGB secondary-market close 3pm, published next business day"
2022-02-10,-0.031,https://www.mof.go.jp/english/policy/jgbs/reference/interest_rate/historical/jgbcme_all.csv,"MOF constant-maturity JGB secondary-market close 3pm, published next business day"
2022-02-14,-0.029,https://www.mof.go.jp/english/policy/jgbs/reference/interest_rate/historical/jgbcme_all.csv,"MOF constant-maturity JGB secondary-market close 3pm, published next business day"
2022-02-15,-0.024,https://www.mof.go.jp/english/policy/jgbs/reference/interest_rate/historical/jgbcme_all.csv,"MOF constant-maturity JGB secondary-market close 3pm, published next business day"
2022-02-16,-0.019,https://www.mof.go.jp/english/policy/jgbs/reference/interest_rate/historical/jgbcme_all.csv,"MOF constant-maturity JGB secondary-market close 3pm, published next business day"
2022-02-17,-0.008,https://www.mof.go.jp/english/policy/jgbs/reference/interest_rate/historical/jgbcme_all.csv,"MOF constant-maturity JGB secondary-market close 3pm, published next business day"
2022-02-18,-0.008,https://www.mof.go.jp/english/policy/jgbs/reference/interest_rate/historical/jgbcme_all.csv,"MOF constant-maturity JGB secondary-market close 3pm, published next business day"
2022-02-21,-0.015,https://www.mof.go.jp/english/policy/jgbs/reference/interest_rate/historical/jgbcme_all.csv,"MOF constant-maturity JGB secondary-market close 3pm, published next business day"
2022-02-22,-0.026,https://www.mof.go.jp/english/policy/jgbs/reference/interest_rate/historical/jgbcme_all.csv,"MOF constant-maturity JGB secondary-market close 3pm, published next business day"
2022-02-24,-0.026,https://www.mof.go.jp/english/policy/jgbs/reference/interest_rate/historical/jgbcme_all.csv,"MOF constant-maturity JGB secondary-market close 3pm, published next business day"
2022-02-25,-0.025,https://www.mof.go.jp/english/policy/jgbs/reference/interest_rate/historical/jgbcme_all.csv,"MOF constant-maturity JGB secondary-market close 3pm, published next business day"
2022-02-28,-0.035,https://www.mof.go.jp/english/policy/jgbs/reference/interest_rate/historical/jgbcme_all.csv,"MOF constant-maturity JGB secondary-market close 3pm, published next business day"
2022-03-01,-0.035,https://www.mof.go.jp/english/policy/jgbs/reference/interest_rate/historical/jgbcme_all.csv,"MOF constant-maturity JGB secondary-market close 3pm, published next business day"
2022-03-02,-0.045,https://www.mof.go.jp/english/policy/jgbs/reference/interest_rate/historical/jgbcme_all.csv,"MOF constant-maturity JGB secondary-market close 3pm, published next business day"
2022-03-03,-0.035,https://www.mof.go.jp/english/policy/jgbs/reference/interest_rate/historical/jgbcme_all.csv,"MOF constant-maturity JGB secondary-market close 3pm, published next business day"
2022-03-04,-0.04,https://www.mof.go.jp/english/policy/jgbs/reference/interest_rate/historical/jgbcme_all.csv,"MOF constant-maturity JGB secondary-market close 3pm, published next business day"
2022-03-07,-0.05,https://www.mof.go.jp/english/policy/jgbs/reference/interest_rate/historical/jgbcme_all.csv,"MOF constant-maturity JGB secondary-market close 3pm, published next business day"
2022-03-08,-0.045,https://www.mof.go.jp/english/policy/jgbs/reference/interest_rate/historical/jgbcme_all.csv,"MOF constant-maturity JGB secondary-market close 3pm, published next business day"
2022-03-09,-0.04,https://www.mof.go.jp/english/policy/jgbs/reference/interest_rate/historical/jgbcme_all.csv,"MOF constant-maturity JGB secondary-market close 3pm, published next business day"
2022-03-10,-0.03,https://www.mof.go.jp/english/policy/jgbs/reference/interest_rate/historical/jgbcme_all.csv,"MOF constant-maturity JGB secondary-market close 3pm, published next business day"
2022-03-11,-0.03,https://www.mof.go.jp/english/policy/jgbs/reference/interest_rate/historical/jgbcme_all.csv,"MOF constant-maturity JGB secondary-market close 3pm, published next business day"
2022-03-14,-0.03,https://www.mof.go.jp/english/policy/jgbs/reference/interest_rate/historical/jgbcme_all.csv,"MOF constant-maturity JGB secondary-market close 3pm, published next business day"
2022-03-15,-0.025,https://www.mof.go.jp/english/policy/jgbs/reference/interest_rate/historical/jgbcme_all.csv,"MOF constant-maturity JGB secondary-market close 3pm, published next business day"
2022-03-16,-0.025,https://www.mof.go.jp/english/policy/jgbs/reference/interest_rate/historical/jgbcme_all.csv,"MOF constant-maturity JGB secondary-market close 3pm, published next business day"
2022-03-17,-0.025,https://www.mof.go.jp/english/policy/jgbs/reference/interest_rate/historical/jgbcme_all.csv,"MOF constant-maturity JGB secondary-market close 3pm, published next business day"
2022-03-18,-0.018,https://www.mof.go.jp/english/policy/jgbs/reference/interest_rate/historical/jgbcme_all.csv,"MOF constant-maturity JGB secondary-market close 3pm, published next business day"
2022-03-22,-0.018,https://www.mof.go.jp/english/policy/jgbs/reference/interest_rate/historical/jgbcme_all.csv,"MOF constant-maturity JGB secondary-market close 3pm, published next business day"
2022-03-23,-0.023,https://www.mof.go.jp/english/policy/jgbs/reference/interest_rate/historical/jgbcme_all.csv,"MOF constant-maturity JGB secondary-market close 3pm, published next business day"
2022-03-24,-0.023,https://www.mof.go.jp/english/policy/jgbs/reference/interest_rate/historical/jgbcme_all.csv,"MOF constant-maturity JGB secondary-market close 3pm, published next business day"
2022-03-25,-0.023,https://www.mof.go.jp/english/policy/jgbs/reference/interest_rate/historical/jgbcme_all.csv,"MOF constant-maturity JGB secondary-market close 3pm, published next business day"
2022-03-28,-0.018,https://www.mof.go.jp/english/policy/jgbs/reference/interest_rate/historical/jgbcme_all.csv,"MOF constant-maturity JGB secondary-market close 3pm, published next business day"
2022-03-29,-0.021,https://www.mof.go.jp/english/policy/jgbs/reference/interest_rate/historical/jgbcme_all.csv,"MOF constant-maturity JGB secondary-market close 3pm, published next business day"
2022-03-30,-0.031,https://www.mof.go.jp/english/policy/jgbs/reference/interest_rate/historical/jgbcme_all.csv,"MOF constant-maturity JGB secondary-market close 3pm, published next business day"
2022-03-31,-0.03,https://www.mof.go.jp/english/policy/jgbs/reference/interest_rate/historical/jgbcme_all.csv,"MOF constant-maturity JGB secondary-market close 3pm, published next business day"
2022-04-01,-0.04,https://www.mof.go.jp/english/policy/jgbs/reference/interest_rate/historical/jgbcme_all.csv,"MOF constant-maturity JGB secondary-market close 3pm, published next business day"
2022-04-04,-0.04,https://www.mof.go.jp/english/policy/jgbs/reference/interest_rate/historical/jgbcme_all.csv,"MOF constant-maturity JGB secondary-market close 3pm, published next business day"
2022-04-05,-0.04,https://www.mof.go.jp/english/policy/jgbs/reference/interest_rate/historical/jgbcme_all.csv,"MOF constant-maturity JGB secondary-market close 3pm, published next business day"
2022-04-06,-0.035,https://www.mof.go.jp/english/policy/jgbs/reference/interest_rate/historical/jgbcme_all.csv,"MOF constant-maturity JGB secondary-market close 3pm, published next business day"
2022-04-07,-0.04,https://www.mof.go.jp/english/policy/jgbs/reference/interest_rate/historical/jgbcme_all.csv,"MOF constant-maturity JGB secondary-market close 3pm, published next business day"
2022-04-08,-0.08,https://www.mof.go.jp/english/policy/jgbs/reference/interest_rate/historical/jgbcme_all.csv,"MOF constant-maturity JGB secondary-market close 3pm, published next business day"
2022-04-11,-0.086,https://www.mof.go.jp/english/policy/jgbs/reference/interest_rate/historical/jgbcme_all.csv,"MOF constant-maturity JGB secondary-market close 3pm, published next business day"
2022-04-12,-0.08,https://www.mof.go.jp/english/policy/jgbs/reference/interest_rate/historical/jgbcme_all.csv,"MOF constant-maturity JGB secondary-market close 3pm, published next business day"
2022-04-13,-0.065,https://www.mof.go.jp/english/policy/jgbs/reference/interest_rate/historical/jgbcme_all.csv,"MOF constant-maturity JGB secondary-market close 3pm, published next business day"
2022-04-14,-0.061,https://www.mof.go.jp/english/policy/jgbs/reference/interest_rate/historical/jgbcme_all.csv,"MOF constant-maturity JGB secondary-market close 3pm, published next business day"
2022-04-15,-0.061,https://www.mof.go.jp/english/policy/jgbs/reference/interest_rate/historical/jgbcme_all.csv,"MOF constant-maturity JGB secondary-market close 3pm, published next business day"
2022-04-18,-0.056,https://www.mof.go.jp/english/policy/jgbs/reference/interest_rate/historical/jgbcme_all.csv,"MOF constant-maturity JGB secondary-market close 3pm, published next business day"
2022-04-19,-0.046,https://www.mof.go.jp/english/policy/jgbs/reference/interest_rate/historical/jgbcme_all.csv,"MOF constant-maturity JGB secondary-market close 3pm, published next business day"
2022-04-20,-0.046,https://www.mof.go.jp/english/policy/jgbs/reference/interest_rate/historical/jgbcme_all.csv,"MOF constant-maturity JGB secondary-market close 3pm, published next business day"
2022-04-21,-0.049,https://www.mof.go.jp/english/policy/jgbs/reference/interest_rate/historical/jgbcme_all.csv,"MOF constant-maturity JGB secondary-market close 3pm, published next business day"
2022-04-22,-0.057,https://www.mof.go.jp/english/policy/jgbs/reference/interest_rate/historical/jgbcme_all.csv,"MOF constant-maturity JGB secondary-market close 3pm, published next business day"
2022-04-25,-0.052,https://www.mof.go.jp/english/policy/jgbs/reference/interest_rate/historical/jgbcme_all.csv,"MOF constant-maturity JGB secondary-market close 3pm, published next business day"
2022-04-26,-0.057,https://www.mof.go.jp/english/policy/jgbs/reference/interest_rate/historical/jgbcme_all.csv,"MOF constant-maturity JGB secondary-market close 3pm, published next business day"
2022-04-27,-0.056,https://www.mof.go.jp/english/policy/jgbs/reference/interest_rate/historical/jgbcme_all.csv,"MOF constant-maturity JGB secondary-market close 3pm, published next business day"
2022-04-28,-0.06,https://www.mof.go.jp/english/policy/jgbs/reference/interest_rate/historical/jgbcme_all.csv,"MOF constant-maturity JGB secondary-market close 3pm, published next business day"
2022-05-02,-0.05,https://www.mof.go.jp/english/policy/jgbs/reference/interest_rate/historical/jgbcme_all.csv,"MOF constant-maturity JGB secondary-market close 3pm, published next business day"
2022-05-06,-0.045,https://www.mof.go.jp/english/policy/jgbs/reference/interest_rate/historical/jgbcme_all.csv,"MOF constant-maturity JGB secondary-market close 3pm, published next business day"
2022-05-09,-0.046,https://www.mof.go.jp/english/policy/jgbs/reference/interest_rate/historical/jgbcme_all.csv,"MOF constant-maturity JGB secondary-market close 3pm, published next business day"
2022-05-10,-0.046,https://www.mof.go.jp/english/policy/jgbs/reference/interest_rate/historical/jgbcme_all.csv,"MOF constant-maturity JGB secondary-market close 3pm, published next business day"
2022-05-11,-0.046,https://www.mof.go.jp/english/policy/jgbs/reference/interest_rate/historical/jgbcme_all.csv,"MOF constant-maturity JGB secondary-market close 3pm, published next business day"
2022-05-12,-0.051,https://www.mof.go.jp/english/policy/jgbs/reference/interest_rate/historical/jgbcme_all.csv,"MOF constant-maturity JGB secondary-market close 3pm, published next business day"
2022-05-13,-0.057,https://www.mof.go.jp/english/policy/jgbs/reference/interest_rate/historical/jgbcme_all.csv,"MOF constant-maturity JGB secondary-market close 3pm, published next business day"
2022-05-16,-0.056,https://www.mof.go.jp/english/policy/jgbs/reference/interest_rate/historical/jgbcme_all.csv,"MOF constant-maturity JGB secondary-market close 3pm, published next business day"
2022-05-17,-0.056,https://www.mof.go.jp/english/policy/jgbs/reference/interest_rate/historical/jgbcme_all.csv,"MOF constant-maturity JGB secondary-market close 3pm, published next business day"
2022-05-18,-0.056,https://www.mof.go.jp/english/policy/jgbs/reference/interest_rate/historical/jgbcme_all.csv,"MOF constant-maturity JGB secondary-market close 3pm, published next business day"
2022-05-19,-0.056,https://www.mof.go.jp/english/policy/jgbs/reference/interest_rate/historical/jgbcme_all.csv,"MOF constant-maturity JGB secondary-market close 3pm, published next business day"
2022-05-20,-0.056,https://www.mof.go.jp/english/policy/jgbs/reference/interest_rate/historical/jgbcme_all.csv,"MOF constant-maturity JGB secondary-market close 3pm, published next business day"
2022-05-23,-0.062,https://www.mof.go.jp/english/policy/jgbs/reference/interest_rate/historical/jgbcme_all.csv,"MOF constant-maturity JGB secondary-market close 3pm, published next business day"
2022-05-24,-0.067,https://www.mof.go.jp/english/policy/jgbs/reference/interest_rate/historical/jgbcme_all.csv,"MOF constant-maturity JGB secondary-market close 3pm, published next business day"
2022-05-25,-0.075,https://www.mof.go.jp/english/policy/jgbs/reference/interest_rate/historical/jgbcme_all.csv,"MOF constant-maturity JGB secondary-market close 3pm, published next business day"
2022-05-26,-0.062,https://www.mof.go.jp/english/policy/jgbs/reference/interest_rate/historical/jgbcme_all.csv,"MOF constant-maturity JGB secondary-market close 3pm, published next business day"
2022-05-27,-0.067,https://www.mof.go.jp/english/policy/jgbs/reference/interest_rate/historical/jgbcme_all.csv,"MOF constant-maturity JGB secondary-market close 3pm, published next business day"
2022-05-30,-0.068,https://www.mof.go.jp/english/policy/jgbs/reference/interest_rate/historical/jgbcme_all.csv,"MOF constant-maturity JGB secondary-market close 3pm, published next business day"
2022-05-31,-0.07,https://www.mof.go.jp/english/policy/jgbs/reference/interest_rate/historical/jgbcme_all.csv,"MOF constant-maturity JGB secondary-market close 3pm, published next business day"
2022-06-01,-0.075,https://www.mof.go.jp/english/policy/jgbs/reference/interest_rate/historical/jgbcme_all.csv,"MOF constant-maturity JGB secondary-market close 3pm, published next business day"
2022-06-02,-0.07,https://www.mof.go.jp/english/policy/jgbs/reference/interest_rate/historical/jgbcme_all.csv,"MOF constant-maturity JGB secondary-market close 3pm, published next business day"
2022-06-03,-0.07,https://www.mof.go.jp/english/policy/jgbs/reference/interest_rate/historical/jgbcme_all.csv,"MOF constant-maturity JGB secondary-market close 3pm, published next business day"
2022-06-06,-0.065,https://www.mof.go.jp/english/policy/jgbs/reference/interest_rate/historical/jgbcme_all.csv,"MOF constant-maturity JGB secondary-market close 3pm, published next business day"
2022-06-07,-0.07,https://www.mof.go.jp/english/policy/jgbs/reference/interest_rate/historical/jgbcme_all.csv,"MOF constant-maturity JGB secondary-market close 3pm, published next business day"
2022-06-08,-0.07,https://www.mof.go.jp/english/policy/jgbs/reference/interest_rate/historical/jgbcme_all.csv,"MOF constant-maturity JGB secondary-market close 3pm, published next business day"
2022-06-09,-0.075,https://www.mof.go.jp/english/policy/jgbs/reference/interest_rate/historical/jgbcme_all.csv,"MOF constant-maturity JGB secondary-market close 3pm, published next business day"
2022-06-10,-0.081,https://www.mof.go.jp/english/policy/jgbs/reference/interest_rate/historical/jgbcme_all.csv,"MOF constant-maturity JGB secondary-market close 3pm, published next business day"
2022-06-13,-0.051,https://www.mof.go.jp/english/policy/jgbs/reference/interest_rate/historical/jgbcme_all.csv,"MOF constant-maturity JGB secondary-market close 3pm, published next business day"
2022-06-14,-0.05,https://www.mof.go.jp/english/policy/jgbs/reference/interest_rate/historical/jgbcme_all.csv,"MOF constant-maturity JGB secondary-market close 3pm, published next business day"
2022-06-15,-0.06,https://www.mof.go.jp/english/policy/jgbs/reference/interest_rate/historical/jgbcme_all.csv,"MOF constant-maturity JGB secondary-market close 3pm, published next business day"
2022-06-16,-0.084,https://www.mof.go.jp/english/policy/jgbs/reference/interest_rate/historical/jgbcme_all.csv,"MOF constant-maturity JGB secondary-market close 3pm, published next business day"
2022-06-17,-0.071,https://www.mof.go.jp/english/policy/jgbs/reference/interest_rate/historical/jgbcme_all.csv,"MOF constant-maturity JGB secondary-market close 3pm, published next business day"
2022-06-20,-0.059,https://www.mof.go.jp/english/policy/jgbs/reference/interest_rate/historical/jgbcme_all.csv,"MOF constant-maturity JGB secondary-market close 3pm, published next business day"
2022-06-21,-0.066,https://www.mof.go.jp/english/policy/jgbs/reference/interest_rate/historical/jgbcme_all.csv,"MOF constant-maturity JGB secondary-market close 3pm, published next business day"
2022-06-22,-0.079,https://www.mof.go.jp/english/policy/jgbs/reference/interest_rate/historical/jgbcme_all.csv,"MOF constant-maturity JGB secondary-market close 3pm, published next business day"
2022-06-23,-0.085,https://www.mof.go.jp/english/policy/jgbs/reference/interest_rate/historical/jgbcme_all.csv,"MOF constant-maturity JGB secondary-market close 3pm, published next business day"
2022-06-24,-0.079,https://www.mof.go.jp/english/policy/jgbs/reference/interest_rate/historical/jgbcme_all.csv,"MOF constant-maturity JGB secondary-market close 3pm, published next business day"
2022-06-27,-0.066,https://www.mof.go.jp/english/policy/jgbs/reference/interest_rate/historical/jgbcme_all.csv,"MOF constant-maturity JGB secondary-market close 3pm, published next business day"
2022-06-28,-0.045,https://www.mof.go.jp/english/policy/jgbs/reference/interest_rate/historical/jgbcme_all.csv,"MOF constant-maturity JGB secondary-market close 3pm, published next business day"
2022-06-29,-0.05,https://www.mof.go.jp/english/policy/jgbs/reference/interest_rate/historical/jgbcme_all.csv,"MOF constant-maturity JGB secondary-market close 3pm, published next business day"
2022-06-30,-0.065,https://www.mof.go.jp/english/policy/jgbs/reference/interest_rate/historical/jgbcme_all.csv,"MOF constant-maturity JGB secondary-market close 3pm, published next business day"
2022-07-01,-0.07,https://www.mof.go.jp/english/policy/jgbs/reference/interest_rate/historical/jgbcme_all.csv,"MOF constant-maturity JGB secondary-market close 3pm, published next business day"
2022-07-04,-0.065,https://www.mof.go.jp/english/policy/jgbs/reference/interest_rate/historical/jgbcme_all.csv,"MOF constant-maturity JGB secondary-market close 3pm, published next business day"
2022-07-05,-0.06,https://www.mof.go.jp/english/policy/jgbs/reference/interest_rate/historical/jgbcme_all.csv,"MOF constant-maturity JGB secondary-market close 3pm, published next business day"
2022-07-06,-0.065,https://www.mof.go.jp/english/policy/jgbs/reference/interest_rate/historical/jgbcme_all.csv,"MOF constant-maturity JGB secondary-market close 3pm, published next business day"
2022-07-07,-0.071,https://www.mof.go.jp/english/policy/jgbs/reference/interest_rate/historical/jgbcme_all.csv,"MOF constant-maturity JGB secondary-market close 3pm, published next business day"
2022-07-08,-0.07,https://www.mof.go.jp/english/policy/jgbs/reference/interest_rate/historical/jgbcme_all.csv,"MOF constant-maturity JGB secondary-market close 3pm, published next business day"
2022-07-11,-0.07,https://www.mof.go.jp/english/policy/jgbs/reference/interest_rate/historical/jgbcme_all.csv,"MOF constant-maturity JGB secondary-market close 3pm, published next business day"
2022-07-12,-0.07,https://www.mof.go.jp/english/policy/jgbs/reference/interest_rate/historical/jgbcme_all.csv,"MOF constant-maturity JGB secondary-market close 3pm, published next business day"
2022-07-13,-0.076,https://www.mof.go.jp/english/policy/jgbs/reference/interest_rate/historical/jgbcme_all.csv,"MOF constant-maturity JGB secondary-market close 3pm, published next business day"
2022-07-14,-0.06,https://www.mof.go.jp/english/policy/jgbs/reference/interest_rate/historical/jgbcme_all.csv,"MOF constant-maturity JGB secondary-market close 3pm, published next business day"
2022-07-15,-0.061,https://www.mof.go.jp/english/policy/jgbs/reference/interest_rate/historical/jgbcme_all.csv,"MOF constant-maturity JGB secondary-market close 3pm, published next business day"
2022-07-19,-0.077,https://www.mof.go.jp/english/policy/jgbs/reference/interest_rate/historical/jgbcme_all.csv,"MOF constant-maturity JGB secondary-market close 3pm, published next business day"
2022-07-20,-0.077,https://www.mof.go.jp/english/policy/jgbs/reference/interest_rate/historical/jgbcme_all.csv,"MOF constant-maturity JGB secondary-market close 3pm, published next business day"
2022-07-21,-0.075,https://www.mof.go.jp/english/policy/jgbs/reference/interest_rate/historical/jgbcme_all.csv,"MOF constant-maturity JGB secondary-market close 3pm, published next business day"
2022-07-22,-0.077,https://www.mof.go.jp/english/policy/jgbs/reference/interest_rate/historical/jgbcme_all.csv,"MOF constant-maturity JGB secondary-market close 3pm, published next business day"
2022-07-25,-0.075,https://www.mof.go.jp/english/policy/jgbs/reference/interest_rate/historical/jgbcme_all.csv,"MOF constant-maturity JGB secondary-market close 3pm, published next business day"
2022-07-26,-0.077,https://www.mof.go.jp/english/policy/jgbs/reference/interest_rate/historical/jgbcme_all.csv,"MOF constant-maturity JGB secondary-market close 3pm, published next business day"
2022-07-27,-0.078,https://www.mof.go.jp/english/policy/jgbs/reference/interest_rate/historical/jgbcme_all.csv,"MOF constant-maturity JGB secondary-market close 3pm, published next business day"
2022-07-28,-0.076,https://www.mof.go.jp/english/policy/jgbs/reference/interest_rate/historical/jgbcme_all.csv,"MOF constant-maturity JGB secondary-market close 3pm, published next business day"
2022-07-29,-0.09,https://www.mof.go.jp/english/policy/jgbs/reference/interest_rate/historical/jgbcme_all.csv,"MOF constant-maturity JGB secondary-market close 3pm, published next business day"
2022-08-01,-0.09,https://www.mof.go.jp/english/policy/jgbs/reference/interest_rate/historical/jgbcme_all.csv,"MOF constant-maturity JGB secondary-market close 3pm, published next business day"
2022-08-02,-0.09,https://www.mof.go.jp/english/policy/jgbs/reference/interest_rate/historical/jgbcme_all.csv,"MOF constant-maturity JGB secondary-market close 3pm, published next business day"
2022-08-03,-0.085,https://www.mof.go.jp/english/policy/jgbs/reference/interest_rate/historical/jgbcme_all.csv,"MOF constant-maturity JGB secondary-market close 3pm, published next business day"
2022-08-04,-0.095,https://www.mof.go.jp/english/policy/jgbs/reference/interest_rate/historical/jgbcme_all.csv,"MOF constant-maturity JGB secondary-market close 3pm, published next business day"
2022-08-05,-0.1,https://www.mof.go.jp/english/policy/jgbs/reference/interest_rate/historical/jgbcme_all.csv,"MOF constant-maturity JGB secondary-market close 3pm, published next business day"
2022-08-08,-0.101,https://www.mof.go.jp/english/policy/jgbs/reference/interest_rate/historical/jgbcme_all.csv,"MOF constant-maturity JGB secondary-market close 3pm, published next business day"
2022-08-09,-0.101,https://www.mof.go.jp/english/policy/jgbs/reference/interest_rate/historical/jgbcme_all.csv,"MOF constant-maturity JGB secondary-market close 3pm, published next business day"
2022-08-10,-0.09,https://www.mof.go.jp/english/policy/jgbs/reference/interest_rate/historical/jgbcme_all.csv,"MOF constant-maturity JGB secondary-market close 3pm, published next business day"
2022-08-12,-0.086,https://www.mof.go.jp/english/policy/jgbs/reference/interest_rate/historical/jgbcme_all.csv,"MOF constant-maturity JGB secondary-market close 3pm, published next business day"
2022-08-15,-0.085,https://www.mof.go.jp/english/policy/jgbs/reference/interest_rate/historical/jgbcme_all.csv,"MOF constant-maturity JGB secondary-market close 3pm, published next business day"
2022-08-16,-0.09,https://www.mof.go.jp/english/policy/jgbs/reference/interest_rate/historical/jgbcme_all.csv,"MOF constant-maturity JGB secondary-market close 3pm, published next business day"
2022-08-17,-0.09,https://www.mof.go.jp/english/policy/jgbs/reference/interest_rate/historical/jgbcme_all.csv,"MOF constant-maturity JGB secondary-market close 3pm, published next business day"
2022-08-18,-0.086,https://www.mof.go.jp/english/policy/jgbs/reference/interest_rate/historical/jgbcme_all.csv,"MOF constant-maturity JGB secondary-market close 3pm, published next business day"
2022-08-19,-0.086,https://www.mof.go.jp/english/policy/jgbs/reference/interest_rate/historical/jgbcme_all.csv,"MOF constant-maturity JGB secondary-market close 3pm, published next business day"
2022-08-22,-0.081,https://www.mof.go.jp/english/policy/jgbs/reference/interest_rate/historical/jgbcme_all.csv,"MOF constant-maturity JGB secondary-market close 3pm, published next business day"
2022-08-23,-0.086,https://www.mof.go.jp/english/policy/jgbs/reference/interest_rate/historical/jgbcme_all.csv,"MOF constant-maturity JGB secondary-market close 3pm, published next business day"
2022-08-24,-0.086,https://www.mof.go.jp/english/policy/jgbs/reference/interest_rate/historical/jgbcme_all.csv,"MOF constant-maturity JGB secondary-market close 3pm, published next business day"
2022-08-25,-0.087,https://www.mof.go.jp/english/policy/jgbs/reference/interest_rate/historical/jgbcme_all.csv,"MOF constant-maturity JGB secondary-market close 3pm, published next business day"
2022-08-26,-0.087,https://www.mof.go.jp/english/policy/jgbs/reference/interest_rate/historical/jgbcme_all.csv,"MOF constant-maturity JGB secondary-market close 3pm, published next business day"
2022-08-29,-0.079,https://www.mof.go.jp/english/policy/jgbs/reference/interest_rate/historical/jgbcme_all.csv,"MOF constant-maturity JGB secondary-market close 3pm, published next business day"
2022-08-30,-0.09,https://www.mof.go.jp/english/policy/jgbs/reference/interest_rate/historical/jgbcme_all.csv,"MOF constant-maturity JGB secondary-market close 3pm, published next business day"
2022-08-31,-0.085,https://www.mof.go.jp/english/policy/jgbs/reference/interest_rate/historical/jgbcme_all.csv,"MOF constant-maturity JGB secondary-market close 3pm, published next business day"
2022-09-01,-0.08,https://www.mof.go.jp/english/policy/jgbs/reference/interest_rate/historical/jgbcme_all.csv,"MOF constant-maturity JGB secondary-market close 3pm, published next business day"
2022-09-02,-0.085,https://www.mof.go.jp/english/policy/jgbs/reference/interest_rate/historical/jgbcme_all.csv,"MOF constant-maturity JGB secondary-market close 3pm, published next business day"
2022-09-05,-0.085,https://www.mof.go.jp/english/policy/jgbs/reference/interest_rate/historical/jgbcme_all.csv,"MOF constant-maturity JGB secondary-market close 3pm, published next business day"
2022-09-06,-0.081,https://www.mof.go.jp/english/policy/jgbs/reference/interest_rate/historical/jgbcme_all.csv,"MOF constant-maturity JGB secondary-market close 3pm, published next business day"
2022-09-07,-0.081,https://www.mof.go.jp/english/policy/jgbs/reference/interest_rate/historical/jgbcme_all.csv,"MOF constant-maturity JGB secondary-market close 3pm, published next business day"
2022-09-08,-0.081,https://www.mof.go.jp/english/policy/jgbs/reference/interest_rate/historical/jgbcme_all.csv,"MOF constant-maturity JGB secondary-market close 3pm, published next business day"
2022-09-09,-0.081,https://www.mof.go.jp/english/policy/jgbs/reference/interest_rate/historical/jgbcme_all.csv,"MOF constant-maturity JGB secondary-market close 3pm, published next business day"
2022-09-12,-0.076,https://www.mof.go.jp/english/policy/jgbs/reference/interest_rate/historical/jgbcme_all.csv,"MOF constant-maturity JGB secondary-market close 3pm, published next business day"
2022-09-13,-0.076,https://www.mof.go.jp/english/policy/jgbs/reference/interest_rate/historical/jgbcme_all.csv,"MOF constant-maturity JGB secondary-market close 3pm, published next business day"
2022-09-14,-0.076,https://www.mof.go.jp/english/policy/jgbs/reference/interest_rate/historical/jgbcme_all.csv,"MOF constant-maturity JGB secondary-market close 3pm, published next business day"
2022-09-15,-0.076,https://www.mof.go.jp/english/policy/jgbs/reference/interest_rate/historical/jgbcme_all.csv,"MOF constant-maturity JGB secondary-market close 3pm, published next business day"
2022-09-16,-0.071,https://www.mof.go.jp/english/policy/jgbs/reference/interest_rate/historical/jgbcme_all.csv,"MOF constant-maturity JGB secondary-market close 3pm, published next business day"
2022-09-20,-0.07,https://www.mof.go.jp/english/policy/jgbs/reference/interest_rate/historical/jgbcme_all.csv,"MOF constant-maturity JGB secondary-market close 3pm, published next business day"
2022-09-21,-0.055,https://www.mof.go.jp/english/policy/jgbs/reference/interest_rate/historical/jgbcme_all.csv,"MOF constant-maturity JGB secondary-market close 3pm, published next business day"
2022-09-22,-0.066,https://www.mof.go.jp/english/policy/jgbs/reference/interest_rate/historical/jgbcme_all.csv,"MOF constant-maturity JGB secondary-market close 3pm, published next business day"
2022-09-26,-0.056,https://www.mof.go.jp/english/policy/jgbs/reference/interest_rate/historical/jgbcme_all.csv,"MOF constant-maturity JGB secondary-market close 3pm, published next business day"
2022-09-27,-0.045,https://www.mof.go.jp/english/policy/jgbs/reference/interest_rate/historical/jgbcme_all.csv,"MOF constant-maturity JGB secondary-market close 3pm, published next business day"
2022-09-28,-0.04,https://www.mof.go.jp/english/policy/jgbs/reference/interest_rate/historical/jgbcme_all.csv,"MOF constant-maturity JGB secondary-market close 3pm, published next business day"
2022-09-29,-0.05,https://www.mof.go.jp/english/policy/jgbs/reference/interest_rate/historical/jgbcme_all.csv,"MOF constant-maturity JGB secondary-market close 3pm, published next business day"
2022-09-30,-0.05,https://www.mof.go.jp/english/policy/jgbs/reference/interest_rate/historical/jgbcme_all.csv,"MOF constant-maturity JGB secondary-market close 3pm, published next business day"
2022-10-03,-0.055,https://www.mof.go.jp/english/policy/jgbs/reference/interest_rate/historical/jgbcme_all.csv,"MOF constant-maturity JGB secondary-market close 3pm, published next business day"
2022-10-04,-0.06,https://www.mof.go.jp/english/policy/jgbs/reference/interest_rate/historical/jgbcme_all.csv,"MOF constant-maturity JGB secondary-market close 3pm, published next business day"
2022-10-05,-0.065,https://www.mof.go.jp/english/policy/jgbs/reference/interest_rate/historical/jgbcme_all.csv,"MOF constant-maturity JGB secondary-market close 3pm, published next business day"
2022-10-06,-0.07,https://www.mof.go.jp/english/policy/jgbs/reference/interest_rate/historical/jgbcme_all.csv,"MOF constant-maturity JGB secondary-market close 3pm, published next business day"
2022-10-07,-0.065,https://www.mof.go.jp/english/policy/jgbs/reference/interest_rate/historical/jgbcme_all.csv,"MOF constant-maturity JGB secondary-market close 3pm, published next business day"
2022-10-11,-0.054,https://www.mof.go.jp/english/policy/jgbs/reference/interest_rate/historical/jgbcme_all.csv,"MOF constant-maturity JGB secondary-market close 3pm, published next business day"
2022-10-12,-0.054,https://www.mof.go.jp/english/policy/jgbs/reference/interest_rate/historical/jgbcme_all.csv,"MOF constant-maturity JGB secondary-market close 3pm, published next business day"
2022-10-13,-0.05,https://www.mof.go.jp/english/policy/jgbs/reference/interest_rate/historical/jgbcme_all.csv,"MOF constant-maturity JGB secondary-market close 3pm, published next business day"
2022-10-14,-0.05,https://www.mof.go.jp/english/policy/jgbs/reference/interest_rate/historical/jgbcme_all.csv,"MOF constant-maturity JGB secondary-market close 3pm, published next business day"
2022-10-17,-0.05,https://www.mof.go.jp/english/policy/jgbs/reference/interest_rate/historical/jgbcme_all.csv,"MOF constant-maturity JGB secondary-market close 3pm, published next business day"
2022-10-18,-0.05,https://www.mof.go.jp/english/policy/jgbs/reference/interest_rate/historical/jgbcme_all.csv,"MOF constant-maturity JGB secondary-market close 3pm, published next business day"
2022-10-19,-0.034,https://www.mof.go.jp/english/policy/jgbs/reference/interest_rate/historical/jgbcme_all.csv,"MOF constant-maturity JGB secondary-market close 3pm, published next business day"
2022-10-20,-0.021,https://www.mof.go.jp/english/policy/jgbs/reference/interest_rate/historical/jgbcme_all.csv,"MOF constant-maturity JGB secondary-market close 3pm, published next business day"
2022-10-21,-0.003,https://www.mof.go.jp/english/policy/jgbs/reference/interest_rate/historical/jgbcme_all.csv,"MOF constant-maturity JGB secondary-market close 3pm, published next business day"
2022-10-24,0.001,https://www.mof.go.jp/english/policy/jgbs/reference/interest_rate/historical/jgbcme_all.csv,"MOF constant-maturity JGB secondary-market close 3pm, published next business day"
2022-10-25,-0.008,https://www.mof.go.jp/english/policy/jgbs/reference/interest_rate/historical/jgbcme_all.csv,"MOF constant-maturity JGB secondary-market close 3pm, published next business day"
2022-10-26,-0.019,https://www.mof.go.jp/english/policy/jgbs/reference/interest_rate/historical/jgbcme_all.csv,"MOF constant-maturity JGB secondary-market close 3pm, published next business day"
2022-10-27,-0.044,https://www.mof.go.jp/english/policy/jgbs/reference/interest_rate/historical/jgbcme_all.csv,"MOF constant-maturity JGB secondary-market close 3pm, published next business day"
2022-10-28,-0.049,https://www.mof.go.jp/english/policy/jgbs/reference/interest_rate/historical/jgbcme_all.csv,"MOF constant-maturity JGB secondary-market close 3pm, published next business day"
2022-10-31,-0.045,https://www.mof.go.jp/english/policy/jgbs/reference/interest_rate/historical/jgbcme_all.csv,"MOF constant-maturity JGB secondary-market close 3pm, published next business day"
2022-11-01,-0.045,https://www.mof.go.jp/english/policy/jgbs/reference/interest_rate/historical/jgbcme_all.csv,"MOF constant-maturity JGB secondary-market close 3pm, published next business day"
2022-11-02,-0.04,https://www.mof.go.jp/english/policy/jgbs/reference/interest_rate/historical/jgbcme_all.csv,"MOF constant-maturity JGB secondary-market close 3pm, published next business day"
2022-11-04,-0.04,https://www.mof.go.jp/english/policy/jgbs/reference/interest_rate/historical/jgbcme_all.csv,"MOF constant-maturity JGB secondary-market close 3pm, published next business day"
2022-11-07,-0.04,https://www.mof.go.jp/english/policy/jgbs/reference/interest_rate/historical/jgbcme_all.csv,"MOF constant-maturity JGB secondary-market close 3pm, published next business day"
2022-11-08,-0.04,https://www.mof.go.jp/english/policy/jgbs/reference/interest_rate/historical/jgbcme_all.csv,"MOF constant-maturity JGB secondary-market close 3pm, published next business day"
2022-11-09,-0.05,https://www.mof.go.jp/english/policy/jgbs/reference/interest_rate/historical/jgbcme_all.csv,"MOF constant-maturity JGB secondary-market close 3pm, published next business day"
2022-11-10,-0.05,https://www.mof.go.jp/english/policy/jgbs/reference/interest_rate/historical/jgbcme_all.csv,"MOF constant-maturity JGB secondary-market close 3pm, published next business day"
2022-11-11,-0.056,https://www.mof.go.jp/english/policy/jgbs/reference/interest_rate/historical/jgbcme_all.csv,"MOF constant-maturity JGB secondary-market close 3pm, published next business day"
2022-11-14,-0.05,https://www.mof.go.jp/english/policy/jgbs/reference/interest_rate/historical/jgbcme_all.csv,"MOF constant-maturity JGB secondary-market close 3pm, published next business day"
2022-11-15,-0.047,https://www.mof.go.jp/english/policy/jgbs/reference/interest_rate/historical/jgbcme_all.csv,"MOF constant-maturity JGB secondary-market close 3pm, published next business day"
2022-11-16,-0.042,https://www.mof.go.jp/english/policy/jgbs/reference/interest_rate/historical/jgbcme_all.csv,"MOF constant-maturity JGB secondary-market close 3pm, published next business day"
2022-11-17,-0.041,https://www.mof.go.jp/english/policy/jgbs/reference/interest_rate/historical/jgbcme_all.csv,"MOF constant-maturity JGB secondary-market close 3pm, published next business day"
2022-11-18,-0.019,https://www.mof.go.jp/english/policy/jgbs/reference/interest_rate/historical/jgbcme_all.csv,"MOF constant-maturity JGB secondary-market close 3pm, published next business day"
2022-11-21,-0.014,https://www.mof.go.jp/english/policy/jgbs/reference/interest_rate/historical/jgbcme_all.csv,"MOF constant-maturity JGB secondary-market close 3pm, published next business day"
2022-11-22,-0.019,https://www.mof.go.jp/english/policy/jgbs/reference/interest_rate/historical/jgbcme_all.csv,"MOF constant-maturity JGB secondary-market close 3pm, published next business day"
2022-11-24,-0.024,https://www.mof.go.jp/english/policy/jgbs/reference/interest_rate/historical/jgbcme_all.csv,"MOF constant-maturity JGB secondary-market close 3pm, published next business day"
2022-11-25,-0.018,https://www.mof.go.jp/english/policy/jgbs/reference/interest_rate/historical/jgbcme_all.csv,"MOF constant-maturity JGB secondary-market close 3pm, published next business day"
2022-11-28,-0.019,https://www.mof.go.jp/english/policy/jgbs/reference/interest_rate/historical/jgbcme_all.csv,"MOF constant-maturity JGB secondary-market close 3pm, published next business day"
2022-11-29,-0.03,https://www.mof.go.jp/english/policy/jgbs/reference/interest_rate/historical/jgbcme_all.csv,"MOF constant-maturity JGB secondary-market close 3pm, published next business day"
2022-11-30,-0.03,https://www.mof.go.jp/english/policy/jgbs/reference/interest_rate/historical/jgbcme_all.csv,"MOF constant-maturity JGB secondary-market close 3pm, published next business day"
2022-12-01,-0.03,https://www.mof.go.jp/english/policy/jgbs/reference/interest_rate/historical/jgbcme_all.csv,"MOF constant-maturity JGB secondary-market close 3pm, published next business day"
2022-12-02,-0.025,https://www.mof.go.jp/english/policy/jgbs/reference/interest_rate/historical/jgbcme_all.csv,"MOF constant-maturity JGB secondary-market close 3pm, published next business day"
2022-12-05,-0.02,https://www.mof.go.jp/english/policy/jgbs/reference/interest_rate/historical/jgbcme_all.csv,"MOF constant-maturity JGB secondary-market close 3pm, published next business day"
2022-12-06,-0.01,https://www.mof.go.jp/english/policy/jgbs/reference/interest_rate/historical/jgbcme_all.csv,"MOF constant-maturity JGB secondary-market close 3pm, published next business day"
2022-12-07,-0.009,https://www.mof.go.jp/english/policy/jgbs/reference/interest_rate/historical/jgbcme_all.csv,"MOF constant-maturity JGB secondary-market close 3pm, published next business day"
2022-12-08,-0.009,https://www.mof.go.jp/english/policy/jgbs/reference/interest_rate/historical/jgbcme_all.csv,"MOF constant-maturity JGB secondary-market close 3pm, published next business day"
2022-12-09,-0.015,https://www.mof.go.jp/english/policy/jgbs/reference/interest_rate/historical/jgbcme_all.csv,"MOF constant-maturity JGB secondary-market close 3pm, published next business day"
2022-12-12,-0.014,https://www.mof.go.jp/english/policy/jgbs/reference/interest_rate/historical/jgbcme_all.csv,"MOF constant-maturity JGB secondary-market close 3pm, published next business day"
2022-12-13,-0.015,https://www.mof.go.jp/english/policy/jgbs/reference/interest_rate/historical/jgbcme_all.csv,"MOF constant-maturity JGB secondary-market close 3pm, published next business day"
2022-12-14,-0.015,https://www.mof.go.jp/english/policy/jgbs/reference/interest_rate/historical/jgbcme_all.csv,"MOF constant-maturity JGB secondary-market close 3pm, published next business day"
2022-12-15,-0.015,https://www.mof.go.jp/english/policy/jgbs/reference/interest_rate/historical/jgbcme_all.csv,"MOF constant-maturity JGB secondary-market close 3pm, published next business day"
2022-12-16,-0.019,https://www.mof.go.jp/english/policy/jgbs/reference/interest_rate/historical/jgbcme_all.csv,"MOF constant-maturity JGB secondary-market close 3pm, published next business day"
2022-12-19,-0.009,https://www.mof.go.jp/english/policy/jgbs/reference/interest_rate/historical/jgbcme_all.csv,"MOF constant-maturity JGB secondary-market close 3pm, published next business day"
2022-12-20,0.011,https://www.mof.go.jp/english/policy/jgbs/reference/interest_rate/historical/jgbcme_all.csv,"MOF constant-maturity JGB secondary-market close 3pm, published next business day"
2022-12-21,-0.009,https://www.mof.go.jp/english/policy/jgbs/reference/interest_rate/historical/jgbcme_all.csv,"MOF constant-maturity JGB secondary-market close 3pm, published next business day"
2022-12-22,0.002,https://www.mof.go.jp/english/policy/jgbs/reference/interest_rate/historical/jgbcme_all.csv,"MOF constant-maturity JGB secondary-market close 3pm, published next business day"
2022-12-23,0.014,https://www.mof.go.jp/english/policy/jgbs/reference/interest_rate/historical/jgbcme_all.csv,"MOF constant-maturity JGB secondary-market close 3pm, published next business day"
2022-12-26,0.033,https://www.mof.go.jp/english/policy/jgbs/reference/interest_rate/historical/jgbcme_all.csv,"MOF constant-maturity JGB secondary-market close 3pm, published next business day"
2022-12-27,0.038,https://www.mof.go.jp/english/policy/jgbs/reference/interest_rate/historical/jgbcme_all.csv,"MOF constant-maturity JGB secondary-market close 3pm, published next business day"
2022-12-28,0.039,https://www.mof.go.jp/english/policy/jgbs/reference/interest_rate/historical/jgbcme_all.csv,"MOF constant-maturity JGB secondary-market close 3pm, published next business day"
2022-12-29,0.039,https://www.mof.go.jp/english/policy/jgbs/reference/interest_rate/historical/jgbcme_all.csv,"MOF constant-maturity JGB secondary-market close 3pm, published next business day"
2022-12-30,0.03,https://www.mof.go.jp/english/policy/jgbs/reference/interest_rate/historical/jgbcme_all.csv,"MOF constant-maturity JGB secondary-market close 3pm, published next business day"
2023-01-04,0.025,https://www.mof.go.jp/english/policy/jgbs/reference/interest_rate/historical/jgbcme_all.csv,"MOF constant-maturity JGB secondary-market close 3pm, published next business day"
2023-01-05,0.015,https://www.mof.go.jp/english/policy/jgbs/reference/interest_rate/historical/jgbcme_all.csv,"MOF constant-maturity JGB secondary-market close 3pm, published next business day"
2023-01-06,0.011,https://www.mof.go.jp/english/policy/jgbs/reference/interest_rate/historical/jgbcme_all.csv,"MOF constant-maturity JGB secondary-market close 3pm, published next business day"
2023-01-10,0.026,https://www.mof.go.jp/english/policy/jgbs/reference/interest_rate/historical/jgbcme_all.csv,"MOF constant-maturity JGB secondary-market close 3pm, published next business day"
2023-01-11,0.026,https://www.mof.go.jp/english/policy/jgbs/reference/interest_rate/historical/jgbcme_all.csv,"MOF constant-maturity JGB secondary-market close 3pm, published next business day"
2023-01-12,0.041,https://www.mof.go.jp/english/policy/jgbs/reference/interest_rate/historical/jgbcme_all.csv,"MOF constant-maturity JGB secondary-market close 3pm, published next business day"
2023-01-13,0.032,https://www.mof.go.jp/english/policy/jgbs/reference/interest_rate/historical/jgbcme_all.csv,"MOF constant-maturity JGB secondary-market close 3pm, published next business day"
2023-01-16,0.032,https://www.mof.go.jp/english/policy/jgbs/reference/interest_rate/historical/jgbcme_all.csv,"MOF constant-maturity JGB secondary-market close 3pm, published next business day"
2023-01-17,0.041,https://www.mof.go.jp/english/policy/jgbs/reference/interest_rate/historical/jgbcme_all.csv,"MOF constant-maturity JGB secondary-market close 3pm, published next business day"
2023-01-18,0.006,https://www.mof.go.jp/english/policy/jgbs/reference/interest_rate/historical/jgbcme_all.csv,"MOF constant-maturity JGB secondary-market close 3pm, published next business day"
2023-01-19,-0.001,https://www.mof.go.jp/english/policy/jgbs/reference/interest_rate/historical/jgbcme_all.csv,"MOF constant-maturity JGB secondary-market close 3pm, published next business day"
2023-01-20,-0.004,https://www.mof.go.jp/english/policy/jgbs/reference/interest_rate/historical/jgbcme_all.csv,"MOF constant-maturity JGB secondary-market close 3pm, published next business day"
2023-01-23,-0.015,https://www.mof.go.jp/english/policy/jgbs/reference/interest_rate/historical/jgbcme_all.csv,"MOF constant-maturity JGB secondary-market close 3pm, published next business day"
2023-01-24,-0.005,https://www.mof.go.jp/english/policy/jgbs/reference/interest_rate/historical/jgbcme_all.csv,"MOF constant-maturity JGB secondary-market close 3pm, published next business day"
2023-01-25,-0.01,https://www.mof.go.jp/english/policy/jgbs/reference/interest_rate/historical/jgbcme_all.csv,"MOF constant-maturity JGB secondary-market close 3pm, published next business day"
2023-01-26,-0.009,https://www.mof.go.jp/english/policy/jgbs/reference/interest_rate/historical/jgbcme_all.csv,"MOF constant-maturity JGB secondary-market close 3pm, published next business day"
2023-01-27,0.001,https://www.mof.go.jp/english/policy/jgbs/reference/interest_rate/historical/jgbcme_all.csv,"MOF constant-maturity JGB secondary-market close 3pm, published next business day"
2023-01-30,-0.004,https://www.mof.go.jp/english/policy/jgbs/reference/interest_rate/historical/jgbcme_all.csv,"MOF constant-maturity JGB secondary-market close 3pm, published next business day"
2023-01-31,-0.01,https://www.mof.go.jp/english/policy/jgbs/reference/interest_rate/historical/jgbcme_all.csv,"MOF constant-maturity JGB secondary-market close 3pm, published next business day"
2023-02-01,-0.02,https://www.mof.go.jp/english/policy/jgbs/reference/interest_rate/historical/jgbcme_all.csv,"MOF constant-maturity JGB secondary-market close 3pm, published next business day"
2023-02-02,-0.02,https://www.mof.go.jp/english/policy/jgbs/reference/interest_rate/historical/jgbcme_all.csv,"MOF constant-maturity JGB secondary-market close 3pm, published next business day"
2023-02-03,-0.03,https://www.mof.go.jp/english/policy/jgbs/reference/interest_rate/historical/jgbcme_all.csv,"MOF constant-maturity JGB secondary-market close 3pm, published next business day"
2023-02-06,-0.025,https://www.mof.go.jp/english/policy/jgbs/reference/interest_rate/historical/jgbcme_all.csv,"MOF constant-maturity JGB secondary-market close 3pm, published next business day"
2023-02-07,-0.029,https://www.mof.go.jp/english/policy/jgbs/reference/interest_rate/historical/jgbcme_all.csv,"MOF constant-maturity JGB secondary-market close 3pm, published next business day"
2023-02-08,-0.029,https://www.mof.go.jp/english/policy/jgbs/reference/interest_rate/historical/jgbcme_all.csv,"MOF constant-maturity JGB secondary-market close 3pm, published next business day"
2023-02-09,-0.035,https://www.mof.go.jp/english/policy/jgbs/reference/interest_rate/historical/jgbcme_all.csv,"MOF constant-maturity JGB secondary-market close 3pm, published next business day"
2023-02-10,-0.045,https://www.mof.go.jp/english/policy/jgbs/reference/interest_rate/historical/jgbcme_all.csv,"MOF constant-maturity JGB secondary-market close 3pm, published next business day"
2023-02-13,-0.055,https://www.mof.go.jp/english/policy/jgbs/reference/interest_rate/historical/jgbcme_all.csv,"MOF constant-maturity JGB secondary-market close 3pm, published next business day"
2023-02-14,-0.056,https://www.mof.go.jp/english/policy/jgbs/reference/interest_rate/historical/jgbcme_all.csv,"MOF constant-maturity JGB secondary-market close 3pm, published next business day"
2023-02-15,-0.051,https://www.mof.go.jp/english/policy/jgbs/reference/interest_rate/historical/jgbcme_all.csv,"MOF constant-maturity JGB secondary-market close 3pm, published next business day"
2023-02-16,-0.047,https://www.mof.go.jp/english/policy/jgbs/reference/interest_rate/historical/jgbcme_all.csv,"MOF constant-maturity JGB secondary-market close 3pm, published next business day"
2023-02-17,-0.047,https://www.mof.go.jp/english/policy/jgbs/reference/interest_rate/historical/jgbcme_all.csv,"MOF constant-maturity JGB secondary-market close 3pm, published next business day"
2023-02-20,-0.043,https://www.mof.go.jp/english/policy/jgbs/reference/interest_rate/historical/jgbcme_all.csv,"MOF constant-maturity JGB secondary-market close 3pm, published next business day"
2023-02-21,-0.029,https://www.mof.go.jp/english/policy/jgbs/reference/interest_rate/historical/jgbcme_all.csv,"MOF constant-maturity JGB secondary-market close 3pm, published next business day"
2023-02-22,-0.029,https://www.mof.go.jp/english/policy/jgbs/reference/interest_rate/historical/jgbcme_all.csv,"MOF constant-maturity JGB secondary-market close 3pm, published next business day"
2023-02-24,-0.029,https://www.mof.go.jp/english/policy/jgbs/reference/interest_rate/historical/jgbcme_all.csv,"MOF constant-maturity JGB secondary-market close 3pm, published next business day"
2023-02-27,-0.028,https://www.mof.go.jp/english/policy/jgbs/reference/interest_rate/historical/jgbcme_all.csv,"MOF constant-maturity JGB secondary-market close 3pm, published next business day"
2023-02-28,-0.026,https://www.mof.go.jp/english/policy/jgbs/reference/interest_rate/historical/jgbcme_all.csv,"MOF constant-maturity JGB secondary-market close 3pm, published next business day"
2023-03-01,-0.035,https://www.mof.go.jp/english/policy/jgbs/reference/interest_rate/historical/jgbcme_all.csv,"MOF constant-maturity JGB secondary-market close 3pm, published next business day"
2023-03-02,-0.035,https://www.mof.go.jp/english/policy/jgbs/reference/interest_rate/historical/jgbcme_all.csv,"MOF constant-maturity JGB secondary-market close 3pm, published next business day"
2023-03-03,-0.04,https://www.mof.go.jp/english/policy/jgbs/reference/interest_rate/historical/jgbcme_all.csv,"MOF constant-maturity JGB secondary-market close 3pm, published next business day"
2023-03-06,-0.039,https://www.mof.go.jp/english/policy/jgbs/reference/interest_rate/historical/jgbcme_all.csv,"MOF constant-maturity JGB secondary-market close 3pm, published next business day"
2023-03-07,-0.039,https://www.mof.go.jp/english/policy/jgbs/reference/interest_rate/historical/jgbcme_all.csv,"MOF constant-maturity JGB secondary-market close 3pm, published next business day"
2023-03-08,-0.04,https://www.mof.go.jp/english/policy/jgbs/reference/interest_rate/historical/jgbcme_all.csv,"MOF constant-maturity JGB secondary-market close 3pm, published next business day"
2023-03-09,-0.019,https://www.mof.go.jp/english/policy/jgbs/reference/interest_rate/historical/jgbcme_all.csv,"MOF constant-maturity JGB secondary-market close 3pm, published next business day"
2023-03-10,-0.03,https://www.mof.go.jp/english/policy/jgbs/reference/interest_rate/historical/jgbcme_all.csv,"MOF constant-maturity JGB secondary-market close 3pm, published next business day"
2023-03-13,-0.025,https://www.mof.go.jp/english/policy/jgbs/reference/interest_rate/historical/jgbcme_all.csv,"MOF constant-maturity JGB secondary-market close 3pm, published next business day"
2023-03-14,-0.04,https://www.mof.go.jp/english/policy/jgbs/reference/interest_rate/historical/jgbcme_all.csv,"MOF constant-maturity JGB secondary-market close 3pm, published next business day"
2023-03-15,-0.051,https://www.mof.go.jp/english/policy/jgbs/reference/interest_rate/historical/jgbcme_all.csv,"MOF constant-maturity JGB secondary-market close 3pm, published next business day"
2023-03-16,-0.07,https://www.mof.go.jp/english/policy/jgbs/reference/interest_rate/historical/jgbcme_all.csv,"MOF constant-maturity JGB secondary-market close 3pm, published next business day"
2023-03-17,-0.075,https://www.mof.go.jp/english/policy/jgbs/reference/interest_rate/historical/jgbcme_all.csv,"MOF constant-maturity JGB secondary-market close 3pm, published next business day"
2023-03-20,-0.077,https://www.mof.go.jp/english/policy/jgbs/reference/interest_rate/historical/jgbcme_all.csv,"MOF constant-maturity JGB secondary-market close 3pm, published next business day"
2023-03-22,-0.056,https://www.mof.go.jp/english/policy/jgbs/reference/interest_rate/historical/jgbcme_all.csv,"MOF constant-maturity JGB secondary-market close 3pm, published next business day"
2023-03-23,-0.063,https://www.mof.go.jp/english/policy/jgbs/reference/interest_rate/historical/jgbcme_all.csv,"MOF constant-maturity JGB secondary-market close 3pm, published next business day"
2023-03-24,-0.067,https://www.mof.go.jp/english/policy/jgbs/reference/interest_rate/historical/jgbcme_all.csv,"MOF constant-maturity JGB secondary-market close 3pm, published next business day"
2023-03-27,-0.067,https://www.mof.go.jp/english/policy/jgbs/reference/interest_rate/historical/jgbcme_all.csv,"MOF constant-maturity JGB secondary-market close 3pm, published next business day"
2023-03-28,-0.059,https://www.mof.go.jp/english/policy/jgbs/reference/interest_rate/historical/jgbcme_all.csv,"MOF constant-maturity JGB secondary-market close 3pm, published next business day"
2023-03-29,-0.07,https://www.mof.go.jp/english/policy/jgbs/reference/interest_rate/historical/jgbcme_all.csv,"MOF constant-maturity JGB secondary-market close 3pm, published next business day"
2023-03-30,-0.061,https://www.mof.go.jp/english/policy/jgbs/reference/interest_rate/historical/jgbcme_all.csv,"MOF constant-maturity JGB secondary-market close 3pm, published next business day"
2023-03-31,-0.061,https://www.mof.go.jp/english/policy/jgbs/reference/interest_rate/historical/jgbcme_all.csv,"MOF constant-maturity JGB secondary-market close 3pm, published next business day"
2023-04-03,-0.04,https://www.mof.go.jp/english/policy/jgbs/reference/interest_rate/historical/jgbcme_all.csv,"MOF constant-maturity JGB secondary-market close 3pm, published next business day"
2023-04-04,-0.025,https://www.mof.go.jp/english/policy/jgbs/reference/interest_rate/historical/jgbcme_all.csv,"MOF constant-maturity JGB secondary-market close 3pm, published next business day"
2023-04-05,-0.03,https://www.mof.go.jp/english/policy/jgbs/reference/interest_rate/historical/jgbcme_all.csv,"MOF constant-maturity JGB secondary-market close 3pm, published next business day"
2023-04-06,-0.045,https://www.mof.go.jp/english/policy/jgbs/reference/interest_rate/historical/jgbcme_all.csv,"MOF constant-maturity JGB secondary-market close 3pm, published next business day"
2023-04-07,-0.06,https://www.mof.go.jp/english/policy/jgbs/reference/interest_rate/historical/jgbcme_all.csv,"MOF constant-maturity JGB secondary-market close 3pm, published next business day"
2023-04-10,-0.045,https://www.mof.go.jp/english/policy/jgbs/reference/interest_rate/historical/jgbcme_all.csv,"MOF constant-maturity JGB secondary-market close 3pm, published next business day"
2023-04-11,-0.046,https://www.mof.go.jp/english/policy/jgbs/reference/interest_rate/historical/jgbcme_all.csv,"MOF constant-maturity JGB secondary-market close 3pm, published next business day"
2023-04-12,-0.045,https://www.mof.go.jp/english/policy/jgbs/reference/interest_rate/historical/jgbcme_all.csv,"MOF constant-maturity JGB secondary-market close 3pm, published next business day"
2023-04-13,-0.05,https://www.mof.go.jp/english/policy/jgbs/reference/interest_rate/historical/jgbcme_all.csv,"MOF constant-maturity JGB secondary-market close 3pm, published next business day"
2023-04-14,-0.04,https://www.mof.go.jp/english/policy/jgbs/reference/interest_rate/historical/jgbcme_all.csv,"MOF constant-maturity JGB secondary-market close 3pm, published next business day"
2023-04-17,-0.035,https://www.mof.go.jp/english/policy/jgbs/reference/interest_rate/historical/jgbcme_all.csv,"MOF constant-maturity JGB secondary-market close 3pm, published next business day"
2023-04-18,-0.04,https://www.mof.go.jp/english/policy/jgbs/reference/interest_rate/historical/jgbcme_all.csv,"MOF constant-maturity JGB secondary-market close 3pm, published next business day"
2023-04-19,-0.04,https://www.mof.go.jp/english/policy/jgbs/reference/interest_rate/historical/jgbcme_all.csv,"MOF constant-maturity JGB secondary-market close 3pm, published next business day"
2023-04-20,-0.04,https://www.mof.go.jp/english/policy/jgbs/reference/interest_rate/historical/jgbcme_all.csv,"MOF constant-maturity JGB secondary-market close 3pm, published next business day"
2023-04-21,-0.035,https://www.mof.go.jp/english/policy/jgbs/reference/interest_rate/historical/jgbcme_all.csv,"MOF constant-maturity JGB secondary-market close 3pm, published next business day"
2023-04-24,-0.038,https://www.mof.go.jp/english/policy/jgbs/reference/interest_rate/historical/jgbcme_all.csv,"MOF constant-maturity JGB secondary-market close 3pm, published next business day"
2023-04-25,-0.035,https://www.mof.go.jp/english/policy/jgbs/reference/interest_rate/historical/jgbcme_all.csv,"MOF constant-maturity JGB secondary-market close 3pm, published next business day"
2023-04-26,-0.04,https://www.mof.go.jp/english/policy/jgbs/reference/interest_rate/historical/jgbcme_all.csv,"MOF constant-maturity JGB secondary-market close 3pm, published next business day"
2023-04-27,-0.04,https://www.mof.go.jp/english/policy/jgbs/reference/interest_rate/historical/jgbcme_all.csv,"MOF constant-maturity JGB secondary-market close 3pm, published next business day"
2023-04-28,-0.045,https://www.mof.go.jp/english/policy/jgbs/reference/interest_rate/historical/jgbcme_all.csv,"MOF constant-maturity JGB secondary-market close 3pm, published next business day"
2023-05-01,-0.045,https://www.mof.go.jp/english/policy/jgbs/reference/interest_rate/historical/jgbcme_all.csv,"MOF constant-maturity JGB secondary-market close 3pm, published next business day"
2023-05-02,-0.035,https://www.mof.go.jp/english/policy/jgbs/reference/interest_rate/historical/jgbcme_all.csv,"MOF constant-maturity JGB secondary-market close 3pm, published next business day"
2023-05-08,-0.035,https://www.mof.go.jp/english/policy/jgbs/reference/interest_rate/historical/jgbcme_all.csv,"MOF constant-maturity JGB secondary-market close 3pm, published next business day"
2023-05-09,-0.03,https://www.mof.go.jp/english/policy/jgbs/reference/interest_rate/historical/jgbcme_all.csv,"MOF constant-maturity JGB secondary-market close 3pm, published next business day"
2023-05-10,-0.04,https://www.mof.go.jp/english/policy/jgbs/reference/interest_rate/historical/jgbcme_all.csv,"MOF constant-maturity JGB secondary-market close 3pm, published next business day"
2023-05-11,-0.045,https://www.mof.go.jp/english/policy/jgbs/reference/interest_rate/historical/jgbcme_all.csv,"MOF constant-maturity JGB secondary-market close 3pm, published next business day"
2023-05-12,-0.055,https://www.mof.go.jp/english/policy/jgbs/reference/interest_rate/historical/jgbcme_all.csv,"MOF constant-maturity JGB secondary-market close 3pm, published next business day"
2023-05-15,-0.049,https://www.mof.go.jp/english/policy/jgbs/reference/interest_rate/historical/jgbcme_all.csv,"MOF constant-maturity JGB secondary-market close 3pm, published next business day"
2023-05-16,-0.054,https://www.mof.go.jp/english/policy/jgbs/reference/interest_rate/historical/jgbcme_all.csv,"MOF constant-maturity JGB secondary-market close 3pm, published next business day"
2023-05-17,-0.066,https://www.mof.go.jp/english/policy/jgbs/reference/interest_rate/historical/jgbcme_all.csv,"MOF constant-maturity JGB secondary-market close 3pm, published next business day"
2023-05-18,-0.061,https://www.mof.go.jp/english/policy/jgbs/reference/interest_rate/historical/jgbcme_all.csv,"MOF constant-maturity JGB secondary-market close 3pm, published next business day"
2023-05-19,-0.061,https://www.mof.go.jp/english/policy/jgbs/reference/interest_rate/historical/jgbcme_all.csv,"MOF constant-maturity JGB secondary-market close 3pm, published next business day"
2023-05-22,-0.066,https://www.mof.go.jp/english/policy/jgbs/reference/interest_rate/historical/jgbcme_all.csv,"MOF constant-maturity JGB secondary-market close 3pm, published next business day"
2023-05-23,-0.061,https://www.mof.go.jp/english/policy/jgbs/reference/interest_rate/historical/jgbcme_all.csv,"MOF constant-maturity JGB secondary-market close 3pm, published next business day"
2023-05-24,-0.066,https://www.mof.go.jp/english/policy/jgbs/reference/interest_rate/historical/jgbcme_all.csv,"MOF constant-maturity JGB secondary-market close 3pm, published next business day"
2023-05-25,-0.066,https://www.mof.go.jp/english/policy/jgbs/reference/interest_rate/historical/jgbcme_all.csv,"MOF constant-maturity JGB secondary-market close 3pm, published next business day"
2023-05-26,-0.066,https://www.mof.go.jp/english/policy/jgbs/reference/interest_rate/historical/jgbcme_all.csv,"MOF constant-maturity JGB secondary-market close 3pm, published next business day"
2023-05-29,-0.061,https://www.mof.go.jp/english/policy/jgbs/reference/interest_rate/historical/jgbcme_all.csv,"MOF constant-maturity JGB secondary-market close 3pm, published next business day"
2023-05-30,-0.055,https://www.mof.go.jp/english/policy/jgbs/reference/interest_rate/historical/jgbcme_all.csv,"MOF constant-maturity JGB secondary-market close 3pm, published next business day"
2023-05-31,-0.06,https://www.mof.go.jp/english/policy/jgbs/reference/interest_rate/historical/jgbcme_all.csv,"MOF constant-maturity JGB secondary-market close 3pm, published next business day"
2023-06-01,-0.065,https://www.mof.go.jp/english/policy/jgbs/reference/interest_rate/historical/jgbcme_all.csv,"MOF constant-maturity JGB secondary-market close 3pm, published next business day"
2023-06-02,-0.075,https://www.mof.go.jp/english/policy/jgbs/reference/interest_rate/historical/jgbcme_all.csv,"MOF constant-maturity JGB secondary-market close 3pm, published next business day"
2023-06-05,-0.065,https://www.mof.go.jp/english/policy/jgbs/reference/interest_rate/historical/jgbcme_all.csv,"MOF constant-maturity JGB secondary-market close 3pm, published next business day"
2023-06-06,-0.065,https://www.mof.go.jp/english/policy/jgbs/reference/interest_rate/historical/jgbcme_all.csv,"MOF constant-maturity JGB secondary-market close 3pm, published next business day"
2023-06-07,-0.06,https://www.mof.go.jp/english/policy/jgbs/reference/interest_rate/historical/jgbcme_all.csv,"MOF constant-maturity JGB secondary-market close 3pm, published next business day"
2023-06-08,-0.06,https://www.mof.go.jp/english/policy/jgbs/reference/interest_rate/historical/jgbcme_all.csv,"MOF constant-maturity JGB secondary-market close 3pm, published next business day"
2023-06-09,-0.065,https://www.mof.go.jp/english/policy/jgbs/reference/interest_rate/historical/jgbcme_all.csv,"MOF constant-maturity JGB secondary-market close 3pm, published next business day"
2023-06-12,-0.07,https://www.mof.go.jp/english/policy/jgbs/reference/interest_rate/historical/jgbcme_all.csv,"MOF constant-maturity JGB secondary-market close 3pm, published next business day"
2023-06-13,-0.075,https://www.mof.go.jp/english/policy/jgbs/reference/interest_rate/historical/jgbcme_all.csv,"MOF constant-maturity JGB secondary-market close 3pm, published next business day"
2023-06-14,-0.071,https://www.mof.go.jp/english/policy/jgbs/reference/interest_rate/historical/jgbcme_all.csv,"MOF constant-maturity JGB secondary-market close 3pm, published next business day"
2023-06-15,-0.064,https://www.mof.go.jp/english/policy/jgbs/reference/interest_rate/historical/jgbcme_all.csv,"MOF constant-maturity JGB secondary-market close 3pm, published next business day"
2023-06-16,-0.065,https://www.mof.go.jp/english/policy/jgbs/reference/interest_rate/historical/jgbcme_all.csv,"MOF constant-maturity JGB secondary-market close 3pm, published next business day"
2023-06-19,-0.066,https://www.mof.go.jp/english/policy/jgbs/reference/interest_rate/historical/jgbcme_all.csv,"MOF constant-maturity JGB secondary-market close 3pm, published next business day"
2023-06-20,-0.066,https://www.mof.go.jp/english/policy/jgbs/reference/interest_rate/historical/jgbcme_all.csv,"MOF constant-maturity JGB secondary-market close 3pm, published next business day"
2023-06-21,-0.069,https://www.mof.go.jp/english/policy/jgbs/reference/interest_rate/historical/jgbcme_all.csv,"MOF constant-maturity JGB secondary-market close 3pm, published next business day"
2023-06-22,-0.071,https://www.mof.go.jp/english/policy/jgbs/reference/interest_rate/historical/jgbcme_all.csv,"MOF constant-maturity JGB secondary-market close 3pm, published next business day"
2023-06-23,-0.074,https://www.mof.go.jp/english/policy/jgbs/reference/interest_rate/historical/jgbcme_all.csv,"MOF constant-maturity JGB secondary-market close 3pm, published next business day"
2023-06-26,-0.077,https://www.mof.go.jp/english/policy/jgbs/reference/interest_rate/historical/jgbcme_all.csv,"MOF constant-maturity JGB secondary-market close 3pm, published next business day"
2023-06-27,-0.074,https://www.mof.go.jp/english/policy/jgbs/reference/interest_rate/historical/jgbcme_all.csv,"MOF constant-maturity JGB secondary-market close 3pm, published next business day"
2023-06-28,-0.064,https://www.mof.go.jp/english/policy/jgbs/reference/interest_rate/historical/jgbcme_all.csv,"MOF constant-maturity JGB secondary-market close 3pm, published next business day"
2023-06-29,-0.07,https://www.mof.go.jp/english/policy/jgbs/reference/interest_rate/historical/jgbcme_all.csv,"MOF constant-maturity JGB secondary-market close 3pm, published next business day"
2023-06-30,-0.075,https://www.mof.go.jp/english/policy/jgbs/reference/interest_rate/historical/jgbcme_all.csv,"MOF constant-maturity JGB secondary-market close 3pm, published next business day"
2023-07-03,-0.065,https://www.mof.go.jp/english/policy/jgbs/reference/interest_rate/historical/jgbcme_all.csv,"MOF constant-maturity JGB secondary-market close 3pm, published next business day"
2023-07-04,-0.07,https://www.mof.go.jp/english/policy/jgbs/reference/interest_rate/historical/jgbcme_all.csv,"MOF constant-maturity JGB secondary-market close 3pm, published next business day"
2023-07-05,-0.07,https://www.mof.go.jp/english/policy/jgbs/reference/interest_rate/historical/jgbcme_all.csv,"MOF constant-maturity JGB secondary-market close 3pm, published next business day"
2023-07-06,-0.06,https://www.mof.go.jp/english/policy/jgbs/reference/interest_rate/historical/jgbcme_all.csv,"MOF constant-maturity JGB secondary-market close 3pm, published next business day"
2023-07-07,-0.039,https://www.mof.go.jp/english/policy/jgbs/reference/interest_rate/historical/jgbcme_all.csv,"MOF constant-maturity JGB secondary-market close 3pm, published next business day"
2023-07-10,-0.029,https://www.mof.go.jp/english/policy/jgbs/reference/interest_rate/historical/jgbcme_all.csv,"MOF constant-maturity JGB secondary-market close 3pm, published next business day"
2023-07-11,-0.039,https://www.mof.go.jp/english/policy/jgbs/reference/interest_rate/historical/jgbcme_all.csv,"MOF constant-maturity JGB secondary-market close 3pm, published next business day"
2023-07-12,-0.034,https://www.mof.go.jp/english/policy/jgbs/reference/interest_rate/historical/jgbcme_all.csv,"MOF constant-maturity JGB secondary-market close 3pm, published next business day"
2023-07-13,-0.034,https://www.mof.go.jp/english/policy/jgbs/reference/interest_rate/historical/jgbcme_all.csv,"MOF constant-maturity JGB secondary-market close 3pm, published next business day"
2023-07-14,-0.038,https://www.mof.go.jp/english/policy/jgbs/reference/interest_rate/historical/jgbcme_all.csv,"MOF constant-maturity JGB secondary-market close 3pm, published next business day"
2023-07-18,-0.033,https://www.mof.go.jp/english/policy/jgbs/reference/interest_rate/historical/jgbcme_all.csv,"MOF constant-maturity JGB secondary-market close 3pm, published next business day"
2023-07-19,-0.037,https://www.mof.go.jp/english/policy/jgbs/reference/interest_rate/historical/jgbcme_all.csv,"MOF constant-maturity JGB secondary-market close 3pm, published next business day"
2023-07-20,-0.037,https://www.mof.go.jp/english/policy/jgbs/reference/interest_rate/historical/jgbcme_all.csv,"MOF constant-maturity JGB secondary-market close 3pm, published next business day"
2023-07-21,-0.026,https://www.mof.go.jp/english/policy/jgbs/reference/interest_rate/historical/jgbcme_all.csv,"MOF constant-maturity JGB secondary-market close 3pm, published next business day"
2023-07-24,-0.036,https://www.mof.go.jp/english/policy/jgbs/reference/interest_rate/historical/jgbcme_all.csv,"MOF constant-maturity JGB secondary-market close 3pm, published next business day"
2023-07-25,-0.038,https://www.mof.go.jp/english/policy/jgbs/reference/interest_rate/historical/jgbcme_all.csv,"MOF constant-maturity JGB secondary-market close 3pm, published next business day"
2023-07-26,-0.038,https://www.mof.go.jp/english/policy/jgbs/reference/interest_rate/historical/jgbcme_all.csv,"MOF constant-maturity JGB secondary-market close 3pm, published next business day"
2023-07-27,-0.04,https://www.mof.go.jp/english/policy/jgbs/reference/interest_rate/historical/jgbcme_all.csv,"MOF constant-maturity JGB secondary-market close 3pm, published next business day"
2023-07-28,-0.015,https://www.mof.go.jp/english/policy/jgbs/reference/interest_rate/historical/jgbcme_all.csv,"MOF constant-maturity JGB secondary-market close 3pm, published next business day"
2023-07-31,0.0,https://www.mof.go.jp/english/policy/jgbs/reference/interest_rate/historical/jgbcme_all.csv,"MOF constant-maturity JGB secondary-market close 3pm, published next business day"
2023-08-01,0.0,https://www.mof.go.jp/english/policy/jgbs/reference/interest_rate/historical/jgbcme_all.csv,"MOF constant-maturity JGB secondary-market close 3pm, published next business day"
2023-08-02,0.01,https://www.mof.go.jp/english/policy/jgbs/reference/interest_rate/historical/jgbcme_all.csv,"MOF constant-maturity JGB secondary-market close 3pm, published next business day"
2023-08-03,0.02,https://www.mof.go.jp/english/policy/jgbs/reference/interest_rate/historical/jgbcme_all.csv,"MOF constant-maturity JGB secondary-market close 3pm, published next business day"
2023-08-04,0.021,https://www.mof.go.jp/english/policy/jgbs/reference/interest_rate/historical/jgbcme_all.csv,"MOF constant-maturity JGB secondary-market close 3pm, published next business day"
2023-08-07,0.017,https://www.mof.go.jp/english/policy/jgbs/reference/interest_rate/historical/jgbcme_all.csv,"MOF constant-maturity JGB secondary-market close 3pm, published next business day"
2023-08-08,0.012,https://www.mof.go.jp/english/policy/jgbs/reference/interest_rate/historical/jgbcme_all.csv,"MOF constant-maturity JGB secondary-market close 3pm, published next business day"
2023-08-09,0.006,https://www.mof.go.jp/english/policy/jgbs/reference/interest_rate/historical/jgbcme_all.csv,"MOF constant-maturity JGB secondary-market close 3pm, published next business day"
2023-08-10,0.012,https://www.mof.go.jp/english/policy/jgbs/reference/interest_rate/historical/jgbcme_all.csv,"MOF constant-maturity JGB secondary-market close 3pm, published next business day"
2023-08-14,0.017,https://www.mof.go.jp/english/policy/jgbs/reference/interest_rate/historical/jgbcme_all.csv,"MOF constant-maturity JGB secondary-market close 3pm, published next business day"
2023-08-15,0.016,https://www.mof.go.jp/english/policy/jgbs/reference/interest_rate/historical/jgbcme_all.csv,"MOF constant-maturity JGB secondary-market close 3pm, published next business day"
2023-08-16,0.017,https://www.mof.go.jp/english/policy/jgbs/reference/interest_rate/historical/jgbcme_all.csv,"MOF constant-maturity JGB secondary-market close 3pm, published next business day"
2023-08-17,0.028,https://www.mof.go.jp/english/policy/jgbs/reference/interest_rate/historical/jgbcme_all.csv,"MOF constant-maturity JGB secondary-market close 3pm, published next business day"
2023-08-18,0.022,https://www.mof.go.jp/english/policy/jgbs/reference/interest_rate/historical/jgbcme_all.csv,"MOF constant-maturity JGB secondary-market close 3pm, published next business day"
2023-08-21,0.029,https://www.mof.go.jp/english/policy/jgbs/reference/interest_rate/historical/jgbcme_all.csv,"MOF constant-maturity JGB secondary-market close 3pm, published next business day"
2023-08-22,0.025,https://www.mof.go.jp/english/policy/jgbs/reference/interest_rate/historical/jgbcme_all.csv,"MOF constant-maturity JGB secondary-market close 3pm, published next business day"
2023-08-23,0.024,https://www.mof.go.jp/english/policy/jgbs/reference/interest_rate/historical/jgbcme_all.csv,"MOF constant-maturity JGB secondary-market close 3pm, published next business day"
2023-08-24,0.01,https://www.mof.go.jp/english/policy/jgbs/reference/interest_rate/historical/jgbcme_all.csv,"MOF constant-maturity JGB secondary-market close 3pm, published next business day"
2023-08-25,0.01,https://www.mof.go.jp/english/policy/jgbs/reference/interest_rate/historical/jgbcme_all.csv,"MOF constant-maturity JGB secondary-market close 3pm, published next business day"
2023-08-28,0.011,https://www.mof.go.jp/english/policy/jgbs/reference/interest_rate/historical/jgbcme_all.csv,"MOF constant-maturity JGB secondary-market close 3pm, published next business day"
2023-08-29,0.019,https://www.mof.go.jp/english/policy/jgbs/reference/interest_rate/historical/jgbcme_all.csv,"MOF constant-maturity JGB secondary-market close 3pm, published next business day"
2023-08-30,0.029,https://www.mof.go.jp/english/policy/jgbs/reference/interest_rate/historical/jgbcme_all.csv,"MOF constant-maturity JGB secondary-market close 3pm, published next business day"
2023-08-31,0.025,https://www.mof.go.jp/english/policy/jgbs/reference/interest_rate/historical/jgbcme_all.csv,"MOF constant-maturity JGB secondary-market close 3pm, published next business day"
2023-09-01,0.02,https://www.mof.go.jp/english/policy/jgbs/reference/interest_rate/historical/jgbcme_all.csv,"MOF constant-maturity JGB secondary-market close 3pm, published next business day"
2023-09-04,0.016,https://www.mof.go.jp/english/policy/jgbs/reference/interest_rate/historical/jgbcme_all.csv,"MOF constant-maturity JGB secondary-market close 3pm, published next business day"
2023-09-05,0.016,https://www.mof.go.jp/english/policy/jgbs/reference/interest_rate/historical/jgbcme_all.csv,"MOF constant-maturity JGB secondary-market close 3pm, published next business day"
2023-09-06,0.017,https://www.mof.go.jp/english/policy/jgbs/reference/interest_rate/historical/jgbcme_all.csv,"MOF constant-maturity JGB secondary-market close 3pm, published next business day"
2023-09-07,0.012,https://www.mof.go.jp/english/policy/jgbs/reference/interest_rate/historical/jgbcme_all.csv,"MOF constant-maturity JGB secondary-market close 3pm, published next business day"
2023-09-08,0.007,https://www.mof.go.jp/english/policy/jgbs/reference/interest_rate/historical/jgbcme_all.csv,"MOF constant-maturity JGB secondary-market close 3pm, published next business day"
2023-09-11,0.043,https://www.mof.go.jp/english/policy/jgbs/reference/interest_rate/historical/jgbcme_all.csv,"MOF constant-maturity JGB secondary-market close 3pm, published next business day"
2023-09-12,0.033,https://www.mof.go.jp/english/policy/jgbs/reference/interest_rate/historical/jgbcme_all.csv,"MOF constant-maturity JGB secondary-market close 3pm, published next business day"
2023-09-13,0.028,https://www.mof.go.jp/english/policy/jgbs/reference/interest_rate/historical/jgbcme_all.csv,"MOF constant-maturity JGB secondary-market close 3pm, published next business day"
2023-09-14,0.029,https://www.mof.go.jp/english/policy/jgbs/reference/interest_rate/historical/jgbcme_all.csv,"MOF constant-maturity JGB secondary-market close 3pm, published next business day"
2023-09-15,0.03,https://www.mof.go.jp/english/policy/jgbs/reference/interest_rate/historical/jgbcme_all.csv,"MOF constant-maturity JGB secondary-market close 3pm, published next business day"
2023-09-19,0.035,https://www.mof.go.jp/english/policy/jgbs/reference/interest_rate/historical/jgbcme_all.csv,"MOF constant-maturity JGB secondary-market close 3pm, published next business day"
2023-09-20,0.026,https://www.mof.go.jp/english/policy/jgbs/reference/interest_rate/historical/jgbcme_all.csv,"MOF constant-maturity JGB secondary-market close 3pm, published next business day"
2023-09-21,0.035,https://www.mof.go.jp/english/policy/jgbs/reference/interest_rate/historical/jgbcme_all.csv,"MOF constant-maturity JGB secondary-market close 3pm, published next business day"
2023-09-22,0.035,https://www.mof.go.jp/english/policy/jgbs/reference/interest_rate/historical/jgbcme_all.csv,"MOF constant-maturity JGB secondary-market close 3pm, published next business day"
2023-09-25,0.033,https://www.mof.go.jp/english/policy/jgbs/reference/interest_rate/historical/jgbcme_all.csv,"MOF constant-maturity JGB secondary-market close 3pm, published next business day"
2023-09-26,0.034,https://www.mof.go.jp/english/policy/jgbs/reference/interest_rate/historical/jgbcme_all.csv,"MOF constant-maturity JGB secondary-market close 3pm, published next business day"
2023-09-27,0.034,https://www.mof.go.jp/english/policy/jgbs/reference/interest_rate/historical/jgbcme_all.csv,"MOF constant-maturity JGB secondary-market close 3pm, published next business day"
2023-09-28,0.044,https://www.mof.go.jp/english/policy/jgbs/reference/interest_rate/historical/jgbcme_all.csv,"MOF constant-maturity JGB secondary-market close 3pm, published next business day"
2023-09-29,0.044,https://www.mof.go.jp/english/policy/jgbs/reference/interest_rate/historical/jgbcme_all.csv,"MOF constant-maturity JGB secondary-market close 3pm, published next business day"
2023-10-02,0.055,https://www.mof.go.jp/english/policy/jgbs/reference/interest_rate/historical/jgbcme_all.csv,"MOF constant-maturity JGB secondary-market close 3pm, published next business day"
2023-10-03,0.051,https://www.mof.go.jp/english/policy/jgbs/reference/interest_rate/historical/jgbcme_all.csv,"MOF constant-maturity JGB secondary-market close 3pm, published next business day"
2023-10-04,0.061,https://www.mof.go.jp/english/policy/jgbs/reference/interest_rate/historical/jgbcme_all.csv,"MOF constant-maturity JGB secondary-market close 3pm, published next business day"
2023-10-05,0.061,https://www.mof.go.jp/english/policy/jgbs/reference/interest_rate/historical/jgbcme_all.csv,"MOF constant-maturity JGB secondary-market close 3pm, published next business day"
2023-10-06,0.061,https://www.mof.go.jp/english/policy/jgbs/reference/interest_rate/historical/jgbcme_all.csv,"MOF constant-maturity JGB secondary-market close 3pm, published next business day"
2023-10-10,0.058,https://www.mof.go.jp/english/policy/jgbs/reference/interest_rate/historical/jgbcme_all.csv,"MOF constant-maturity JGB secondary-market close 3pm, published next business day"
2023-10-11,0.058,https://www.mof.go.jp/english/policy/jgbs/reference/interest_rate/historical/jgbcme_all.csv,"MOF constant-maturity JGB secondary-market close 3pm, published next business day"
2023-10-12,0.047,https://www.mof.go.jp/english/policy/jgbs/reference/interest_rate/historical/jgbcme_all.csv,"MOF constant-maturity JGB secondary-market close 3pm, published next business day"
2023-10-13,0.044,https://www.mof.go.jp/english/policy/jgbs/reference/interest_rate/historical/jgbcme_all.csv,"MOF constant-maturity JGB secondary-market close 3pm, published next business day"
2023-10-16,0.043,https://www.mof.go.jp/english/policy/jgbs/reference/interest_rate/historical/jgbcme_all.csv,"MOF constant-maturity JGB secondary-market close 3pm, published next business day"
2023-10-17,0.059,https://www.mof.go.jp/english/policy/jgbs/reference/interest_rate/historical/jgbcme_all.csv,"MOF constant-maturity JGB secondary-market close 3pm, published next business day"
2023-10-18,0.07,https://www.mof.go.jp/english/policy/jgbs/reference/interest_rate/historical/jgbcme_all.csv,"MOF constant-maturity JGB secondary-market close 3pm, published next business day"
2023-10-19,0.081,https://www.mof.go.jp/english/policy/jgbs/reference/interest_rate/historical/jgbcme_all.csv,"MOF constant-maturity JGB secondary-market close 3pm, published next business day"
2023-10-20,0.075,https://www.mof.go.jp/english/policy/jgbs/reference/interest_rate/historical/jgbcme_all.csv,"MOF constant-maturity JGB secondary-market close 3pm, published next business day"
2023-10-23,0.087,https://www.mof.go.jp/english/policy/jgbs/reference/interest_rate/historical/jgbcme_all.csv,"MOF constant-maturity JGB secondary-market close 3pm, published next business day"
2023-10-24,0.082,https://www.mof.go.jp/english/policy/jgbs/reference/interest_rate/historical/jgbcme_all.csv,"MOF constant-maturity JGB secondary-market close 3pm, published next business day"
2023-10-25,0.077,https://www.mof.go.jp/english/policy/jgbs/reference/interest_rate/historical/jgbcme_all.csv,"MOF constant-maturity JGB secondary-market close 3pm, published next business day"
2023-10-26,0.093,https://www.mof.go.jp/english/policy/jgbs/reference/interest_rate/historical/jgbcme_all.csv,"MOF constant-maturity JGB secondary-market close 3pm, published next business day"
2023-10-27,0.094,https://www.mof.go.jp/english/policy/jgbs/reference/interest_rate/historical/jgbcme_all.csv,"MOF constant-maturity JGB secondary-market close 3pm, published next business day"
2023-10-30,0.119,https://www.mof.go.jp/english/policy/jgbs/reference/interest_rate/historical/jgbcme_all.csv,"MOF constant-maturity JGB secondary-market close 3pm, published next business day"
2023-10-31,0.149,https://www.mof.go.jp/english/policy/jgbs/reference/interest_rate/historical/jgbcme_all.csv,"MOF constant-maturity JGB secondary-market close 3pm, published next business day"
2023-11-01,0.155,https://www.mof.go.jp/english/policy/jgbs/reference/interest_rate/historical/jgbcme_all.csv,"MOF constant-maturity JGB secondary-market close 3pm, published next business day"
2023-11-02,0.135,https://www.mof.go.jp/english/policy/jgbs/reference/interest_rate/historical/jgbcme_all.csv,"MOF constant-maturity JGB secondary-market close 3pm, published next business day"
2023-11-06,0.127,https://www.mof.go.jp/english/policy/jgbs/reference/interest_rate/historical/jgbcme_all.csv,"MOF constant-maturity JGB secondary-market close 3pm, published next business day"
2023-11-07,0.127,https://www.mof.go.jp/english/policy/jgbs/reference/interest_rate/historical/jgbcme_all.csv,"MOF constant-maturity JGB secondary-market close 3pm, published next business day"
2023-11-08,0.117,https://www.mof.go.jp/english/policy/jgbs/reference/interest_rate/historical/jgbcme_all.csv,"MOF constant-maturity JGB secondary-market close 3pm, published next business day"
2023-11-09,0.107,https://www.mof.go.jp/english/policy/jgbs/reference/interest_rate/historical/jgbcme_all.csv,"MOF constant-maturity JGB secondary-market close 3pm, published next business day"
2023-11-10,0.108,https://www.mof.go.jp/english/policy/jgbs/reference/interest_rate/historical/jgbcme_all.csv,"MOF constant-maturity JGB secondary-market close 3pm, published next business day"
2023-11-13,0.103,https://www.mof.go.jp/english/policy/jgbs/reference/interest_rate/historical/jgbcme_all.csv,"MOF constant-maturity JGB secondary-market close 3pm, published next business day"
2023-11-14,0.093,https://www.mof.go.jp/english/policy/jgbs/reference/interest_rate/historical/jgbcme_all.csv,"MOF constant-maturity JGB secondary-market close 3pm, published next business day"
2023-11-15,0.069,https://www.mof.go.jp/english/policy/jgbs/reference/interest_rate/historical/jgbcme_all.csv,"MOF constant-maturity JGB secondary-market close 3pm, published next business day"
2023-11-16,0.057,https://www.mof.go.jp/english/policy/jgbs/reference/interest_rate/historical/jgbcme_all.csv,"MOF constant-maturity JGB secondary-market close 3pm, published next business day"
2023-11-17,0.046,https://www.mof.go.jp/english/policy/jgbs/reference/interest_rate/historical/jgbcme_all.csv,"MOF constant-maturity JGB secondary-market close 3pm, published next business day"
2023-11-20,0.046,https://www.mof.go.jp/english/policy/jgbs/reference/interest_rate/historical/jgbcme_all.csv,"MOF constant-maturity JGB secondary-market close 3pm, published next business day"
2023-11-21,0.036,https://www.mof.go.jp/english/policy/jgbs/reference/interest_rate/historical/jgbcme_all.csv,"MOF constant-maturity JGB secondary-market close 3pm, published next business day"
2023-11-22,0.052,https://www.mof.go.jp/english/policy/jgbs/reference/interest_rate/historical/jgbcme_all.csv,"MOF constant-maturity JGB secondary-market close 3pm, published next business day"
2023-11-24,0.068,https://www.mof.go.jp/english/policy/jgbs/reference/interest_rate/historical/jgbcme_all.csv,"MOF constant-maturity JGB secondary-market close 3pm, published next business day"
2023-11-27,0.068,https://www.mof.go.jp/english/policy/jgbs/reference/interest_rate/historical/jgbcme_all.csv,"MOF constant-maturity JGB secondary-market close 3pm, published next business day"
2023-11-28,0.065,https://www.mof.go.jp/english/policy/jgbs/reference/interest_rate/historical/jgbcme_all.csv,"MOF constant-maturity JGB secondary-market close 3pm, published next business day"
2023-11-29,0.048,https://www.mof.go.jp/english/policy/jgbs/reference/interest_rate/historical/jgbcme_all.csv,"MOF constant-maturity JGB secondary-market close 3pm, published next business day"
2023-11-30,0.049,https://www.mof.go.jp/english/policy/jgbs/reference/interest_rate/historical/jgbcme_all.csv,"MOF constant-maturity JGB secondary-market close 3pm, published next business day"
2023-12-01,0.04,https://www.mof.go.jp/english/policy/jgbs/reference/interest_rate/historical/jgbcme_all.csv,"MOF constant-maturity JGB secondary-market close 3pm, published next business day"
2023-12-04,0.031,https://www.mof.go.jp/english/policy/jgbs/reference/interest_rate/historical/jgbcme_all.csv,"MOF constant-maturity JGB secondary-market close 3pm, published next business day"
2023-12-05,0.036,https://www.mof.go.jp/english/policy/jgbs/reference/interest_rate/historical/jgbcme_all.csv,"MOF constant-maturity JGB secondary-market close 3pm, published next business day"
2023-12-06,0.036,https://www.mof.go.jp/english/policy/jgbs/reference/interest_rate/historical/jgbcme_all.csv,"MOF constant-maturity JGB secondary-market close 3pm, published next business day"
2023-12-07,0.087,https://www.mof.go.jp/english/policy/jgbs/reference/interest_rate/historical/jgbcme_all.csv,"MOF constant-maturity JGB secondary-market close 3pm, published next business day"
2023-12-08,0.092,https://www.mof.go.jp/english/policy/jgbs/reference/interest_rate/historical/jgbcme_all.csv,"MOF constant-maturity JGB secondary-market close 3pm, published next business day"
2023-12-11,0.088,https://www.mof.go.jp/english/policy/jgbs/reference/interest_rate/historical/jgbcme_all.csv,"MOF constant-maturity JGB secondary-market close 3pm, published next business day"
2023-12-12,0.067,https://www.mof.go.jp/english/policy/jgbs/reference/interest_rate/historical/jgbcme_all.csv,"MOF constant-maturity JGB secondary-market close 3pm, published next business day"
2023-12-13,0.048,https://www.mof.go.jp/english/policy/jgbs/reference/interest_rate/historical/jgbcme_all.csv,"MOF constant-maturity JGB secondary-market close 3pm, published next business day"
2023-12-14,0.057,https://www.mof.go.jp/english/policy/jgbs/reference/interest_rate/historical/jgbcme_all.csv,"MOF constant-maturity JGB secondary-market close 3pm, published next business day"
2023-12-15,0.087,https://www.mof.go.jp/english/policy/jgbs/reference/interest_rate/historical/jgbcme_all.csv,"MOF constant-maturity JGB secondary-market close 3pm, published next business day"
2023-12-18,0.079,https://www.mof.go.jp/english/policy/jgbs/reference/interest_rate/historical/jgbcme_all.csv,"MOF constant-maturity JGB secondary-market close 3pm, published next business day"
2023-12-19,0.068,https://www.mof.go.jp/english/policy/jgbs/reference/interest_rate/historical/jgbcme_all.csv,"MOF constant-maturity JGB secondary-market close 3pm, published next business day"
2023-12-20,0.033,https://www.mof.go.jp/english/policy/jgbs/reference/interest_rate/historical/jgbcme_all.csv,"MOF constant-maturity JGB secondary-market close 3pm, published next business day"
2023-12-21,0.037,https://www.mof.go.jp/english/policy/jgbs/reference/interest_rate/historical/jgbcme_all.csv,"MOF constant-maturity JGB secondary-market close 3pm, published next business day"
2023-12-22,0.046,https://www.mof.go.jp/english/policy/jgbs/reference/interest_rate/historical/jgbcme_all.csv,"MOF constant-maturity JGB secondary-market close 3pm, published next business day"
2023-12-25,0.038,https://www.mof.go.jp/english/policy/jgbs/reference/interest_rate/historical/jgbcme_all.csv,"MOF constant-maturity JGB secondary-market close 3pm, published next business day"
2023-12-26,0.065,https://www.mof.go.jp/english/policy/jgbs/reference/interest_rate/historical/jgbcme_all.csv,"MOF constant-maturity JGB secondary-market close 3pm, published next business day"
2023-12-27,0.05,https://www.mof.go.jp/english/policy/jgbs/reference/interest_rate/historical/jgbcme_all.csv,"MOF constant-maturity JGB secondary-market close 3pm, published next business day"
2023-12-28,0.037,https://www.mof.go.jp/english/policy/jgbs/reference/interest_rate/historical/jgbcme_all.csv,"MOF constant-maturity JGB secondary-market close 3pm, published next business day"
2023-12-29,0.048,https://www.mof.go.jp/english/policy/jgbs/reference/interest_rate/historical/jgbcme_all.csv,"MOF constant-maturity JGB secondary-market close 3pm, published next business day"
